{"status":"success","data":"{\"title\":\"BUG #21981 \\u3010web\\u7aefH264\\u3011\\u8bbe\\u7f6e\\u684c\\u9762\\u8fde\\u63a5\\u8bbe\\u7f6e\\u4e3a\\u5f00\\u540e\\uff0c\\u684c\\u9762\\u9ed1\\u5c4f\\u4e0d\\u53ef\\u4f7f\\u7528 - \\u684c\\u9762\\u4e91\\u878d\\u5408\\u67b6\\u6784\",\"products\":{\"45\":\"\\u786c\\u4ef6\\u4ea7\\u54c1\",\"44\":\"\\u5662\\u6613\\u4e91\\u667a\\u6167\\u7ba1\\u7406\\u5e73\\u53f0\",\"40\":\"CRM&amp;\\u6fc0\\u6d3b\\u7cfb\\u7edf\",\"38\":\"\\u684c\\u9762\\u7ba1\\u7406\\u7cfb\\u7edf\\u4e8c\\u7ea7\\u7248\\u672c\",\"35\":\"DMS\",\"32\":\"IDV\",\"31\":\"\\u684c\\u9762\\u4e91\\u878d\\u5408\\u67b6\\u6784-\\u516c\\u5171-\\u6682\\u7559\",\"30\":\"VOI V5\",\"22\":\"vServer V5\",\"13\":\"CTSC\",\"12\":\"VPC\",\"7\":\"\\u684c\\u9762\\u4e91\\u878d\\u5408\\u67b6\\u6784\",\"4\":\"VDI\\u540e\\u53f0\",\"1\":\"vServer\",\"36\":\"aRDP\",\"34\":\"CTSC V7.4\",\"33\":\"TEST -\\u521b\\u65b0\\u521b\\u4e1a\\u670d\\u52a1\\u4e91\\u5e73\\u53f0\",\"5\":\"\\u73ed\\u73ed\\u901a\",\"2\":\"Cloud\",\"6\":\"Cloud Platform\"},\"productID\":\"7\",\"productName\":\"\\u684c\\u9762\\u4e91\\u878d\\u5408\\u67b6\\u6784\",\"branches\":{\"0\":\"\\u6240\\u6709\\u5e73\\u53f0\",\"14\":\"Android\",\"15\":\"Windows\",\"16\":\"Linux\"},\"modulePath\":[{\"id\":\"1437\",\"root\":\"7\",\"branch\":\"0\",\"name\":\"\\u670d\\u52a1\\u5668\",\"parent\":\"0\",\"path\":\",1437,\",\"grade\":\"1\",\"order\":\"10\",\"type\":\"story\",\"owner\":\"\",\"collector\":\"\",\"short\":\"\",\"deleted\":\"0\"},{\"id\":\"2046\",\"root\":\"7\",\"branch\":\"0\",\"name\":\"\\u7ba1\\u7406\\u53f0\",\"parent\":\"1437\",\"path\":\",1437,2046,\",\"grade\":\"2\",\"order\":\"30\",\"type\":\"story\",\"owner\":\"\",\"collector\":\"\",\"short\":\"\",\"deleted\":\"0\"},{\"id\":\"1441\",\"root\":\"7\",\"branch\":\"0\",\"name\":\"\\u573a\\u666f\\u684c\\u9762\",\"parent\":\"2046\",\"path\":\",1437,2046,1441,\",\"grade\":\"3\",\"order\":\"60\",\"type\":\"story\",\"owner\":\"\",\"collector\":\"\",\"short\":\"\",\"deleted\":\"0\"},{\"id\":\"1463\",\"root\":\"7\",\"branch\":\"0\",\"name\":\"\\u4e2a\\u4eba\\u684c\\u9762\",\"parent\":\"1441\",\"path\":\",1437,2046,1441,1463,\",\"grade\":\"4\",\"order\":\"20\",\"type\":\"story\",\"owner\":\"\",\"collector\":\"\",\"short\":\"\",\"deleted\":\"0\"},{\"id\":\"2708\",\"root\":\"7\",\"branch\":\"0\",\"name\":\"VDI\\u4e2a\\u4eba\\u684c\\u9762\",\"parent\":\"1463\",\"path\":\",1437,2046,1441,1463,2708,\",\"grade\":\"5\",\"order\":\"10\",\"type\":\"story\",\"owner\":\"\",\"collector\":\"\",\"short\":\"\",\"deleted\":\"0\"}],\"bugModule\":{\"id\":\"2708\",\"root\":\"7\",\"branch\":\"0\",\"name\":\"VDI\\u4e2a\\u4eba\\u684c\\u9762\",\"parent\":\"1463\",\"path\":\",1437,2046,1441,1463,2708,\",\"grade\":\"5\",\"order\":\"10\",\"type\":\"story\",\"owner\":\"\",\"collector\":\"\",\"short\":\"\",\"deleted\":\"0\"},\"bug\":{\"id\":\"21981\",\"product\":\"7\",\"branch\":\"0\",\"module\":\"2708\",\"project\":\"412\",\"plan\":\"0\",\"story\":\"0\",\"storyVersion\":\"1\",\"task\":\"0\",\"toTask\":\"0\",\"toStory\":\"0\",\"title\":\"\\u3010web\\u7aefH264\\u3011\\u8bbe\\u7f6e\\u684c\\u9762\\u8fde\\u63a5\\u8bbe\\u7f6e\\u4e3a\\u5f00\\u540e\\uff0c\\u684c\\u9762\\u9ed1\\u5c4f\\u4e0d\\u53ef\\u4f7f\\u7528\",\"keywords\":\"\",\"severity\":\"2\",\"pri\":\"2\",\"type\":\"codeerror\",\"os\":\"all\",\"browser\":\"all\",\"hardware\":\"\",\"found\":\"\",\"steps\":\"<p>\\n\\t<b>\\u3010\\u73af\\u5883\\u3011<\\\/b> \\n<\\\/p>\\n<p style=\\\"background:#FFFFFF;\\\">\\n\\t<b><\\\/b> \\n<\\\/p>\\n<p class=\\\"MsoNormal\\\" style=\\\"background:#FFFFFF;\\\">\\n\\t\\u670d\\u52a1\\u5668\\u4e3b\\u63a7\\u517c\\u8ba1\\u7b97\\uff1a172.16.201.37\\n<\\\/p>\\n<p class=\\\"MsoNormal\\\" style=\\\"background:#FFFFFF;\\\">\\n\\t\\u670d\\u52a1\\u7aef\\u7248\\u672c\\uff1a\\n<\\\/p>\\n<p class=\\\"MsoNormal\\\" style=\\\"text-indent:10pt;background:#FFFFFF;\\\">\\n\\t<img onload=\\\"setImageSize(this,0)\\\" src=\\\"\\\/zentao\\\/file-read-52136.png\\\" alt=\\\"\\\" \\\/><\\\/p>\\n<p style=\\\"background:#FFFFFF;\\\">\\n\\t<br \\\/><\\\/p>\\n<p style=\\\"background:#FFFFFF;\\\">\\n\\t\\u3010<strong>\\u524d\\u7f6e\\u6761\\u4ef6<\\\/strong>\\u3011\\n<\\\/p>\\n<p style=\\\"background:#FFFFFF;\\\">\\n\\t\\u6d4b\\u8bd5\\u6b65\\u9aa4\\u7684\\u524d\\u7f6e\\u6761\\u4ef6\\uff0c\\u6ca1\\u6709\\u53ef\\u4ee5\\u4e0d\\u586b\\u3002\\n<\\\/p>\\n<p style=\\\"background:#FFFFFF;\\\">\\n\\t<br \\\/><\\\/p>\\n<p style=\\\"background:#FFFFFF;\\\">\\n\\t<b>\\u3010\\u6b65\\u9aa4\\u3011<\\\/b> \\n<\\\/p>\\n<p style=\\\"background:#FFFFFF;\\\">\\n\\t1\\u3001\\u521b\\u5efa\\u4e2a\\u4eba\\u684c\\u9762\\u5230admin\\u7528\\u6237\\u4e0b\\n<\\\/p>\\n<p style=\\\"background:#FFFFFF;\\\">\\n\\t2\\u3001web\\u767b\\u5f55\\u4e2a\\u4eba\\u684c\\u9762\\uff0c\\u70b9\\u51fb\\u684c\\u9762\\u8fde\\u63a5\\u8bbe\\u7f6e\\uff0c\\u8bbe\\u7f6e\\u4e3a\\u5f00\\n<\\\/p>\\n<p style=\\\"background:#FFFFFF;\\\">\\n\\t<br \\\/><\\\/p>\\n<p class=\\\"steptitle\\\" style=\\\"background:#FFFFFF;\\\">\\n\\t<b>\\u3010\\u7ed3\\u679c\\u3011<\\\/b> \\n<\\\/p>\\n<p style=\\\"background:#FFFFFF;\\\">\\n\\t1\\u3001<span style=\\\"background-color:#FFFFFF;\\\">\\u8bbe\\u7f6e\\u5b8c\\u6210\\u540e\\uff0c\\u684c\\u9762\\u9ed1\\u5c4f<\\\/span>\\n<\\\/p>\\n<p style=\\\"background:#FFFFFF;\\\">\\n\\t<br \\\/><\\\/p>\\n<p style=\\\"background:#FFFFFF;\\\">\\n\\t\\u3010<b>\\u51fa\\u73b0\\u6982\\u7387<\\\/b>\\u3011\\n<\\\/p>\\n<p style=\\\"background:#FFFFFF;\\\">\\n\\t\\u5fc5\\u73b0\\n<\\\/p>\\n<p style=\\\"background:#FFFFFF;\\\">\\n\\t&nbsp;\\n<\\\/p>\\n<p class=\\\"steptitle\\\" style=\\\"background:#FFFFFF;\\\">\\n\\t<b>\\u3010<span style=\\\"font-weight:700;\\\">\\u671f\\u671b<\\\/span>\\u3011<\\\/b> \\n<\\\/p>\\n<p class=\\\"steptitle\\\" style=\\\"background:#FFFFFF;\\\">\\n\\t1\\u3001\\u5f00\\u542fH264\\u540e\\uff0c\\u684c\\u9762\\u6b63\\u5e38\\n<\\\/p>\\n<p class=\\\"steptitle\\\" style=\\\"background:#FFFFFF;\\\">\\n\\t<br \\\/><\\\/p>\\n<p style=\\\"background:#FFFFFF;\\\">\\n\\t\\u3010<b>\\u9644\\u4ef6<\\\/b>\\u3011\\n<\\\/p>\\n<p style=\\\"background:#FFFFFF;\\\">\\n\\t<img onload=\\\"setImageSize(this,0)\\\" src=\\\"\\\/zentao\\\/file-read-52170.png\\\" alt=\\\"\\\" \\\/><\\\/p>\\n<p style=\\\"background:#FFFFFF;\\\">\\n\\t<br \\\/><\\\/p>\\n<p style=\\\"background:#FFFFFF;\\\">\\n\\t<br \\\/><\\\/p>\",\"status\":\"active\",\"color\":\"\",\"confirmed\":\"1\",\"activatedCount\":\"0\",\"activatedDate\":\"\",\"mailto\":\"\",\"openedBy\":\"zhouyao\",\"openedDate\":\"2021-02-20 15:48:19\",\"openedBuild\":\"2620\",\"assignedTo\":\"zhangyao\",\"assignedDate\":\"2021-02-20 18:29:32\",\"deadline\":\"0000-00-00\",\"resolvedBy\":\"\",\"resolution\":\"\",\"resolvedBuild\":\"\",\"resolvedDate\":\"\",\"closedBy\":\"\",\"closedDate\":\"\",\"duplicateBug\":\"0\",\"linkBug\":\"\",\"case\":\"0\",\"caseVersion\":\"0\",\"feedback\":\"0\",\"result\":\"0\",\"repo\":\"0\",\"entry\":\"\",\"lines\":\"\",\"v1\":\"\",\"v2\":\"\",\"repoType\":\"\",\"testtask\":\"0\",\"lastEditedBy\":\"zhangyao\",\"lastEditedDate\":\"2021-02-20 18:29:32\",\"deleted\":\"0\",\"projectName\":\"VDI 5.3.0 \\u9879\\u76ee\\u8fed\\u4ee3\",\"storyTitle\":null,\"storyStatus\":null,\"latestStoryVersion\":null,\"taskName\":null,\"planName\":null,\"toCases\":[],\"files\":[]},\"branchName\":\"\\u6240\\u6709\\u5e73\\u53f0\",\"users\":{\"\":\"\",\"admin\":\"admin\",\"aixiangkui\":\"\\u827e\\u76f8\\u8475\",\"bbt\":\"\\u73ed\\u73ed\\u901a\",\"biexingxing\":\"\\u522b\\u661f\\u661f\",\"caozhen\":\"\\u66f9\\u632f\",\"chenghao\":\"\\u7a0b\\u7693\",\"chenxiaohu\":\"\\u9648\\u5c0f\\u864e\",\"donglinjie\":\"\\u8463\\u6797\\u6770\",\"duanhaigang\":\"\\u6bb5\\u6d77\\u5c97\",\"guoli\":\"\\u90ed\\u7acb\",\"huangzijie\":\"\\u9ec4\\u5b50\\u6770\",\"huhai\":\"\\u80e1\\u6d77\",\"huwenfeng\":\"\\u80e1\\u6587\\u5cf0\",\"huxiaosi\":\"\\u80e1\\u6653\\u601d\",\"jiazhihao\":\"\\u8d3e\\u5fd7\\u6d69\",\"jinjiao\":\"\\u91d1\\u59e3\",\"liaoyuni\":\"\\u5ed6\\u7389\\u59ae\",\"linyane2\":\"\\u6797\\u8273\\u5a25\",\"liqinwu\":\"\\u674e\\u52e4\\u6b66\",\"lishuang\":\"\\u674e\\u723d\",\"liuchi\":\"\\u5218\\u6c60\",\"liuhaijun\":\"\\u5218\\u6d77\\u519b\",\"maanqi\":\"\\u9a6c\\u5b89\\u7426\",\"panqun\":\"\\u6f58\\u7fa4\",\"panzhuoya\":\"\\u6f58\\u5353\\u96c5\",\"review\":\"\\u8bc4\\u5ba1\\u5458\",\"ruanke\":\"\\u962e\\u79d1\",\"ruanzelin\":\"\\u962e\\u6cfd\\u6797\",\"shenqian\":\"\\u6c88\\u524d\",\"songliangmin\":\"\\u5b8b\\u826f\\u654f\",\"sunjun\":\"\\u5b59\\u4fca\",\"tangjinli\":\"\\u5510\\u91d1\\u4e3d\",\"tanzhenhua\":\"\\u8c08\\u632f\\u534e\",\"tianyiwen\":\"\\u7530\\u6021\\u6587\",\"tongchunyue\":\"\\u7ae5\\u6625\\u6708\",\"wangchuan\":\"\\u738b\\u5ddd\",\"wangmengxiong\":\"\\u738b\\u68a6\\u718a\",\"wanhong\":\"\\u4e07\\u7ea2\",\"weicong\":\"\\u9b4f\\u806a\",\"weihong\":\"\\u9b4f\\u6d2a\",\"xiaowei\":\"\\u8096\\u73ae\",\"xiaowenting\":\"\\u8096\\u6587\\u5a77\",\"xufan\":\"\\u5f90\\u5e06\",\"xusha\":\"\\u5f90\\u6c99\",\"yangqiong\":\"\\u6768\\u743c\",\"yangyansi\":\"\\u6768\\u71d5\\u601d\",\"yizhongyin\":\"\\u7fbf\\u4e2d\\u5f15\",\"yuanyang\":\"\\u8881\\u9633\",\"yuweiwei\":\"\\u4f59\\u7ef4\\u4f1f\",\"yuzhengjun\":\"\\u4f59\\u653f\\u541b\",\"zhangchuansheng\":\"\\u7ae0\\u4f20\\u80dc\",\"zhangmeng2\":\"\\u5f20\\u68a6\",\"zhangxian\":\"\\u5f20\\u5a34\",\"zhangxuecheng\":\"\\u5f20\\u96ea\\u6210\",\"zhangyao\":\"\\u5f20\\u579a\",\"zhangyujie\":\"\\u5f20\\u7389\\u6d01\",\"zhanhuahao\":\"\\u8a79\\u534e\\u8c6a\",\"zhaowanting\":\"\\u8d75\\u5a49\\u5a77\",\"zhengyuqiang\":\"\\u90d1\\u80b2\\u5f3a\",\"zhengzhendi\":\"\\u90d1\\u73cd\\u8fea\",\"zhouheng\":\"\\u5468\\u8861\",\"zhouqiang\":\"\\u5468\\u5f3a\",\"zhoutianwen\":\"\\u5468\\u5929\\u6587\",\"zhouyao\":\"\\u5468\\u59da\",\"zhupan\":\"\\u6731\\u76fc\",\"zhupeng\":\"\\u6731\\u9e4f\",\"zhuxiaokun\":\"\\u6731\\u6653\\u951f\",\"zlxing\":\"\\u66fe\\u4e3d\\u661f\",\"zouxianyan\":\"\\u5468\\u5148\\u71d5\",\"zouyuhui\":\"\\u90b9\\u5b87\\u4f1a\",\"closed\":\"Closed\"},\"actions\":{\"409676\":{\"id\":\"409676\",\"objectType\":\"bug\",\"objectID\":\"21981\",\"product\":\",7,\",\"project\":\"412\",\"actor\":\"zhouyao\",\"action\":\"opened\",\"date\":\"2021-02-20 15:48:19\",\"comment\":\"\",\"extra\":\"\",\"read\":\"1\",\"efforted\":\"0\",\"history\":[]},\"409702\":{\"id\":\"409702\",\"objectType\":\"bug\",\"objectID\":\"21981\",\"product\":\",7,\",\"project\":\"412\",\"actor\":\"tianyiwen\",\"action\":\"assigned\",\"date\":\"2021-02-20 16:37:27\",\"comment\":\"\",\"extra\":\"zhangyao\",\"read\":\"1\",\"efforted\":\"0\",\"history\":[{\"id\":\"555783\",\"action\":\"409702\",\"field\":\"assignedTo\",\"old\":\"tianyiwen\",\"new\":\"zhangyao\",\"diff\":\"\"}]},\"409732\":{\"id\":\"409732\",\"objectType\":\"bug\",\"objectID\":\"21981\",\"product\":\",7,\",\"project\":\"412\",\"actor\":\"zhangyao\",\"action\":\"commented\",\"date\":\"2021-02-20 17:53:33\",\"comment\":\"<p>\\r\\n\\t\\u9ed1\\u5c4f\\u539f\\u56e0\\u662f\\u670d\\u52a1\\u5668\\u8fd4\\u56de\\u4e86\\u9ed1\\u8272\\u7684\\u56fe\\u7247\\uff0c\\u6b64\\u65f6\\u5728\\u9ed1\\u5c4f\\u533a\\u57df\\u79fb\\u52a8\\u9f20\\u6807\\uff0c\\u6309\\u952e\\u76d8\\u7b49\\u65e0\\u53cd\\u5e94\\u3002\\r\\n<\\\/p>\\r\\n<p>\\r\\n\\t\\u7f29\\u653e\\u7a97\\u53e3\\u540e\\u56de\\u590d\\u6b63\\u5e38\\u3002\\r\\n<\\\/p>\\r\\n<p>\\r\\n\\t\\u6b63\\u5728\\u786e\\u8ba4\\u5ba2\\u6237\\u7aef\\u662f\\u5426\\u6709\\u6b64\\u95ee\\u9898\\r\\n<\\\/p>\",\"extra\":\"\",\"read\":\"1\",\"efforted\":\"0\",\"history\":[]},\"409764\":{\"id\":\"409764\",\"objectType\":\"bug\",\"objectID\":\"21981\",\"product\":\",7,\",\"project\":\"412\",\"actor\":\"zhangyao\",\"action\":\"bugconfirmed\",\"date\":\"2021-02-20 18:29:32\",\"comment\":\"\\u5468\\u7476\\u8bf4\\u5ba2\\u6237\\u7aef\\u65e0\\u6b64\\u95ee\\u9898\\uff0c\\u7ee7\\u7eed\\u8ddf\\u8e2a\",\"extra\":\"\",\"read\":\"1\",\"efforted\":\"0\",\"history\":[{\"id\":\"555893\",\"action\":\"409764\",\"field\":\"confirmed\",\"old\":\"0\",\"new\":\"1\",\"diff\":\"\"}]}},\"builds\":{\"\":\"\",\"trunk\":\"\\u4e3b\\u5e72\",\"2627\":\"\\u4e1a\\u52a1\\u5c425.3.0-future\",\"2625\":\"\\u4e1a\\u52a1\\u5c425.3.0-597-gd0f1746_621-g17135fa_797-gd87e9c6\",\"2622\":\"\\u4e1a\\u52a1\\u5c425.3.0-597-gd0f1746_621-g17135fa_791-gc200198\",\"2624\":\"Guesttools-5.3.0-future\",\"2620\":\"\\u4e1a\\u52a1\\u5c425.3.0-585-gdb7c737_606-g890ef97_762-g299c712\",\"2618\":\"\\u4e1a\\u52a1\\u5c425.3.0-585-gdb7c737_605-g5f02a6a_760-g453a410\",\"2616\":\"\\u4e1a\\u52a1\\u5c425.3.0-578-g1878724_596-ga0d26f5_751-g5c06764\",\"2614\":\"\\u4e1a\\u52a1\\u5c425.3.0-578-g1878724_594-gff448df_751-g5c06764\",\"2611\":\"\\u4e1a\\u52a1\\u5c425.3.0-555-g5ffb1ea_563-g0dec786_728-g109f60f\",\"2608\":\"\\u4e1a\\u52a1\\u5c425.3.0-540-g7884f3b_555-g939c269_708-g4ad9109\",\"2606\":\"\\u4e1a\\u52a1\\u5c425.3.0-539-g48b83ea_553-g92f1119_708-g4ad9109\",\"2604\":\"\\u4e1a\\u52a1\\u5c425.3.0-539-g48b83ea_552-ga75f7d0_708-g4ad9109\",\"2602\":\"\\u4e1a\\u52a1\\u5c425.3.0-539-g48b83ea_552-ga75f7d0_706-g7062d6d\",\"2600\":\"\\u4e1a\\u52a1\\u5c425.3.0-533-g16a2290_542-g08fe630_696-gc525abf\",\"2598\":\"\\u4e1a\\u52a1\\u5c425.3.0-519-ga1819a6_525-g85aa99d_670-g36e1213\",\"2596\":\"\\u4e1a\\u52a1\\u5c425.3.0-518-gfa245d4_525-g85aa99d_663-g8be2da7\",\"2595\":\"linux-client-5.3.0\",\"2591\":\"\\u4e1a\\u52a1\\u5c425.3.0-516-g8b8dd31_524-g1e58450_657-g5781ca9\",\"2594\":\"VDIClient-5.2.0-15.iso\",\"2593\":\"\\u540e\\u53f0\\u5305 1.14.5.0\",\"2589\":\"\\u4e1a\\u52a1\\u5c425.3.0-499-g00965ce_508-gf267f19_619-geeec8a8\",\"2587\":\"\\u4e1a\\u52a1\\u5c425.3.0-499-g00965ce_506-g643459a_619-geeec8a8\",\"2585\":\"\\u4e1a\\u52a1\\u5c425.3.0-490-g42a71b9_490-g5cec71f_614-gc9f6abc\",\"2583\":\"\\u4e1a\\u52a1\\u5c425.3.0-490-g42a71b9_490-g5cec71f_609-gb9817c4\",\"2582\":\"centos-client-5.3.0-14\",\"2556\":\"\\u4e1a\\u52a1\\u5c425.3.0-486-gbac69b1_489-g3dab637_587-g129f3db\",\"2581\":\"\\u540e\\u53f0\\u5305 1.14.4.0\",\"2579\":\"\\u540e\\u53f0\\u5305 1.14.3.0\",\"2578\":\"\\u4e1a\\u52a1\\u5c425.3.0-413-g51cfd09_413-g49614b2_552-g4e5d8ef\",\"2577\":\"Window-5.3.0\",\"2576\":\"\\u4e1a\\u52a1\\u5c425.3.0-406-g37078cd_401-g6f40945_530-gedee9fc\",\"2574\":\"\\u4e1a\\u52a1\\u5c425.2.0-future\",\"2572\":\"\\u4e1a\\u52a1\\u5c425.2.0-961-g3d48a73_700-g431de1d_665-gdead5e0\",\"2570\":\"\\u4e1a\\u52a1\\u5c425.2.0-961-g3d48a73_700-g431de1d_663-gbd88246\",\"2567\":\"\\u4e1a\\u52a1\\u5c425.2.0-960-g610838a_700-g431de1d_663-gbd88246\",\"2565\":\"\\u540e\\u53f0\\u5305 1.14.2.0\",\"2563\":\"\\u4e1a\\u52a1\\u5c425.2.0-959-gbd1b6c8_700-g431de1d_663-gbd88246\",\"2550\":\"\\u4e1a\\u52a1\\u5c425.2.0-956-g173073d_700-g431de1d_662-gffd029c\",\"2558\":\"\\u540e\\u53f0\\u5305 1.14.1.0\",\"2557\":\"\\u540e\\u53f0\\u5305 1.14.0.0\",\"2542\":\"\\u4e1a\\u52a1\\u5c425.3.0-390-g79a29db_394-g8f24d43_446-g3abfee3\",\"2485\":\"\\u4e1a\\u52a1\\u5c425.2.0-954-gee390a4_700-g431de1d_660-gadc031c\",\"2548\":\"seafile-server-1.0.0.1\",\"2539\":\"\\u4e1a\\u52a1\\u5c425.3.0-376-g9afa6d3_379-g153c6ee_379-g6c48757\",\"2533\":\"\\u4e1a\\u52a1\\u5c425.3.0-376-g9afa6d3_379-g153c6ee_376-g0f3cf9d\",\"2499\":\"\\u4e1a\\u52a1\\u5c425.3.0-355-g60d12b8_362-g81bf287_352-ga226a96\",\"2510\":\"\\u540c\\u65b95.2.0-future\",\"2493\":\"\\u540c\\u65b95.2.0-947-g8bb33ac_700-g431de1d_671-g635f72a\",\"2509\":\"\\u60e0\\u666e5.2.0-future\",\"2506\":\"\\u60e0\\u666e5.2.0-947-g8bb33ac_700-g431de1d_667-ga4d71dc\",\"2505\":\"\\u60e0\\u666e5.2.0-947-g8bb33ac_700-g431de1d_666-g47cc7da\",\"2500\":\"\\u60e0\\u666e5.2.0-947-g8bb33ac_700-g431de1d_665-gc4c50b0\",\"2496\":\"\\u4e1a\\u52a1\\u5c425.3.0-288-gfda6a01_309-gc7a46c5_191-g5a695d4\",\"2478\":\"\\u4e1a\\u52a1\\u5c425.3.0-288-gfda6a01_305-g752d730_187-g4fbae18\",\"2469\":\"\\u60e0\\u666e5.2.0-947-g8bb33ac_700-g431de1d_664-ga836c6a\",\"2475\":\"\\u540c\\u65b95.2.0-946-g44fc91a_697-g46274e8_668-gc706f35\",\"2406\":\"\\u4e1a\\u52a1\\u5c425.2.0-946-g44fc91a_697-g46274e8_649-gc3b9dc0\",\"2477\":\"\\u4e1a\\u52a1\\u5c425.3.0-241-gc783675_256-g8344840_148-gca701be\",\"2390\":\"\\u4e1a\\u52a1\\u5c425.3.0-240-g3893bce_256-g8344840_145-gf6d7b2a\",\"2470\":\"\\u540c\\u65b95.2.0-946-g44fc91a_697-g46274e8_666-gb3e64ee\",\"2465\":\"\\u60e0\\u666e5.2.0-946-g44fc91a_697-g46274e8_656-g051b2e3\",\"2464\":\"\\u540c\\u65b95.2.0-946-g44fc91a_697-g46274e8_664-g99836e9\",\"2455\":\"\\u540c\\u65b95.2.0-944-ge675186_697-g46274e8_664-g99836e9\",\"2435\":\"\\u60e0\\u666e5.2.0-944-ge675186_697-g46274e8_656-g051b2e3\",\"2453\":\"\\u540c\\u65b95.2.0-943-gad76bf7_697-g46274e8_663-g648a305\",\"2433\":\"\\u540c\\u65b95.2.0-943-gad76bf7_697-g46274e8_662-g15e2004\",\"2434\":\"\\u60e0\\u666e5.2.0-943-gad76bf7_697-g46274e8_653-g8d621d0\",\"2432\":\"\\u540c\\u65b95.2.0-943-gad76bf7_697-g46274e8_656-gdc140e8\",\"2426\":\"\\u540e\\u53f0\\u5305 1.14.0.0(\\u672a\\u53d1)\",\"2417\":\"guest-tools-future\",\"2411\":\"VPC(\\u6d77\\u5149)\\u4e1a\\u52a1\\u5c425.2.0-713-gfb4715c_407-g2026455_1193-g5679f12\",\"2410\":\"client64-5.2.0-40-gc1e3691\",\"2409\":\"client64-5.2.0-39-g03f64db.bin\",\"2402\":\"\\u4e1a\\u52a1\\u5c425.2.0-943-gad76bf7_694-g0470476_update-5.2.0\",\"2405\":\"windows-client-5.3.0-future\",\"2404\":\"linux-client\",\"2400\":\"\\u4e1a\\u52a1\\u5c425.2.0-943-gad76bf7_691-g464b959_640-g38e6668\",\"2393\":\"\\u4e1a\\u52a1\\u5c425.2.0-943-gad76bf7_690-g1c7311e_640-g38e6668\",\"2399\":\"idv_client\",\"2397\":\"5.2.0-47-g19d32d4\",\"2396\":\"oe_teach_desktop_cloud-20-10-26-15-58-5.2.0-38-g1800f02\",\"2395\":\"guest-tools-5.3.0-10-gce5a0dd\",\"2388\":\"\\u4e1a\\u52a1\\u5c425.2.0-942-g21d41aa_690-g1c7311e_640-g38e6668\",\"2392\":\"\\u540e\\u53f0\\u5305 1.13.13.0\",\"2386\":\"\\u4e1a\\u52a1\\u5c425.2.0-940-g6ef0171_688-ge2ebf52_636-g6cd80bf\",\"2385\":\"\\u540e\\u53f0\\u53051.13.13.0\",\"2370\":\"\\u4e1a\\u52a1\\u5c425.2.0-940-g6ef0171_688-ge2ebf52_635-g847ed76\",\"2384\":\"guest-tools\",\"2383\":\"\\u540e\\u53f0\\u5305 1.13.12.0\",\"2382\":\"\\u540e\\u53f0\\u5305 1.13.11.0\",\"2381\":\"usb3.0\\u8865\\u4e01\",\"2380\":\"\\u57fa\\u7840\\u955c\\u50cf-VDI-server-5.2.0-r5078\",\"2379\":\"linux client\",\"2372\":\"e_vdi_windows_client-5.2.0-45-g5c0ba36\",\"2369\":\"IDV\\u5ba2\\u6237\\u7aef\\u5e95\\u5c42\\u5305 1.1.18.0\",\"2367\":\"\\u4e1a\\u52a1\\u5c425.2.0-934-g23e62a2_682-g39319a3_625-g8120a6f\",\"2365\":\"\\u4e1a\\u52a1\\u5c425.2.0-934-g23e62a2_681-g2c69620_620-gdf05d3f\",\"2361\":\"\\u4e1a\\u52a1\\u5c425.2.0-934-g23e62a2_681-g2c69620_619-gf179afb\",\"2363\":\"spice-gtk-tcloud-0.33-5.1.3.21\",\"2359\":\"\\u4e1a\\u52a1\\u5c425.2.0-934-g23e62a2_678-gd1716c7_619-gf179afb\",\"2341\":\"\\u4e1a\\u52a1\\u5c425.2.0-707-gfa7c337_678-gd1716c7_619-gf179afb\",\"2357\":\"idvclient\",\"2355\":\"oe_teach_desktop_cloud-20-09-29-14-28-5.2.0-35-geeca18c\",\"2353\":\"\\u540c\\u65b9\\u62c9\\u84285.1.4-1146-gd4ec506_1132-gaa4204c_2027-ga5e485b\",\"2354\":\"\\u540c\\u65b9\\u62c9\\u84285.1.4-future\",\"2350\":\"\\u540c\\u65b9\\u62c9\\u84285.1.4-1146-gd4ec506_1132-gaa4204c_2026-g3f70695\",\"2349\":\"\\u540c\\u65b9\\u62c9\\u84285.1.4-1146-gd4ec506_1132-gaa4204c_2024-gcef69ec\",\"2348\":\"guest-tools-5.2.0-25-gce0d9c0.iso\",\"2346\":\"guest-tools-5.2.0-22-g0e5870d\",\"2345\":\"oe_teach_desktop_cloud-20-09-29-14-28-5.2.0-35-geeca18c.iso\",\"2344\":\"\\u540e\\u53f0\\u5305 1.13.10.0\",\"2343\":\"e_vdi_windows_client-5.2.0-41-geb292d5.exe\",\"2336\":\"\\u4e1a\\u52a1\\u5c425.2.0-929-g5036a28_671-g6c39baa_604-g76f3f9c\",\"2340\":\"oe_teach_desktop_cloud-20-09-27-08-22-5.2.0-31-gb0de217\",\"2339\":\"e_vdi_windows_client-5.2.0-39-g4d3e26c.exe\",\"2338\":\"\\u540e\\u53f0\\u5305 1.13.9.0\",\"2324\":\"\\u4e1a\\u52a1\\u5c425.2.0-928-g4a5168e_671-g6c39baa_593-gb822683\",\"2335\":\"eHelper-v1.0.0-190-g17888cb.exe\",\"2334\":\"eHelper-v1.0.0-186-g5cfe5ef.exe\",\"2333\":\"guest-tools-5.2.0-19-gd47afdd.iso\",\"2332\":\"e_vdi_windows_client-5.2.0-36-g7a2c6fe\",\"2329\":\"\\u4e1a\\u52a1\\u5c425.1.4-future\",\"1788\":\"\\u4e1a\\u52a1\\u5c425.1.4-1107-g31b9b12_1120-gbc49dd4_2010-ge56021d\",\"2328\":\"\\u540e\\u53f0\\u5305 1.13.8.0\",\"2326\":\"guest-tools-5.2.0-17-g89695cd\",\"2321\":\"\\u4e1a\\u52a1\\u5c425.2.0-921-g7494834_658-gd0c59b9_584-g9e103af\",\"2323\":\"\\u540e\\u53f0\\u5305 1.13.7.0\",\"2301\":\"\\u4e1a\\u52a1\\u5c425.2.0-915-gbec264e_649-g9455368_574-gaf51ca1\",\"2317\":\"resource-\\u8865\\u4e01\",\"2315\":\"eHelper-v1.0.0-184-g56f30fc.exe\",\"2314\":\"idvpatch-1-5.2.0.2594.bin\",\"2310\":\"eHelper-v1.0.0-173-g21f268b.exe\",\"2308\":\"oe_teach_desktop_cloud-20-09-16-08-58-5.2.0-25-g9108739.iso\",\"2307\":\" eHelper-v1.0.0-162-g7abaa6f.exe\",\"2306\":\"eHelper-v1.0.0-167-g1127ab3.exe\",\"2305\":\"eHelper-v1.0.0-159-g96a9c61.exe\",\"2304\":\"eHelper-v1.0.0-154-g044c998.exe\",\"2299\":\"\\u4e1a\\u52a1\\u5c425.2.0-900-gd9e5b2f_638-gf968992_547-gcd9739c\",\"2295\":\"\\u4e1a\\u52a1\\u5c425.2.0-900-gd9e5b2f_638-gf968992_546-g0294542\",\"2283\":\"\\u4e1a\\u52a1\\u5c425.2.0-900-gd9e5b2f_636-gf2f74b6_544-g5f46e21\",\"2292\":\"\\u540e\\u53f0\\u5305 1.13.6.0\",\"2288\":\"\\u540e\\u53f0\\u5305 1.13.5.0\",\"2287\":\"loongnix-futrue\",\"2285\":\"eHelper-v1.0.0-139-ge544cd5.exe\",\"2286\":\"\\u540e\\u53f0\\u5305 1.13.4.0\",\"2282\":\"eHelper-v1.0.0-136-g385fbea.exe\",\"2281\":\"\\u540e\\u53f0\\u5305 1.13.3.0\",\"2277\":\"\\u4e1a\\u52a1\\u5c425.2.0-887-g9e14675_622-g1af2bfd_515-g51ca8bd\",\"2280\":\"eHelper-v1.0.0-130-g321e242.exe\",\"2271\":\"\\u4e1a\\u52a1\\u5c425.2.0-882-g896f8ed_610-g0bb21fb_505-gb9db79d\",\"2276\":\"eHelper-v1.0.0-124-ga643ce8.exe\",\"2275\":\"eHelper-v1.0.0-120\",\"2274\":\"patch-16.52-detection-202008181837.zip\",\"2273\":\"\\u540e\\u53f0\\u5305 1.13.2.0\",\"2264\":\"\\u4e1a\\u52a1\\u5c425.2.0-873-g59376c5_601-g4ad5573_476-g5bec955\",\"2270\":\"\\u91cd\\u5e86\\u534e\\u7855\\u767d\\u724c\\u5b9a\\u5236\",\"2269\":\"clouddisk-1.9.4\",\"2262\":\"\\u4e1a\\u52a1\\u5c425.2.0-865-gc9f00c6_586-g0f7b36a_461-g49e5967\",\"2261\":\"\\u540e\\u53f0\\u5305 1.13.1.0\",\"2260\":\"\\u540e\\u53f0\\u5305 1.13.0.0\",\"2258\":\"\\u4e1a\\u52a1\\u5c425.2.0-865-gc9f00c6_586-g0f7b36a_460-g4f137cb\",\"2251\":\"\\u4e1a\\u52a1\\u5c425.2.0-860-g85886ed_579-g0fd9325_442-g0c7bc31\",\"2257\":\"vdi\\\/vpc\\u670d\\u52a1\\u7aefiso-future\",\"2256\":\"idvpatch-1-5.2.0.2522\",\"2255\":\"e_vdi_windows_client-5.2.0-29-g5876f81.exe\",\"2249\":\"oe_teach_desktop_cloud-20-09-04-10-10-5.2.0-23-gddb73b4\",\"2248\":\"guest-tools-5.2.0-12-g7a6dd66\",\"2246\":\"\\u4e1a\\u52a1\\u5c425.2.0-849-ga40bba6_560-gd65f97b_412-gdf5d29e\",\"2230\":\"\\u4e1a\\u52a1\\u5c425.2.0-846-g7f1d3b1_558-g010ade6_409-g7c77a53\",\"2228\":\"\\u4e1a\\u52a1\\u5c425.2.0-823-ge2df368_543-gbd54e5d_373-g5b4abe7\",\"2223\":\"\\u4e1a\\u52a1\\u5c425.2.0-821-gab4416a_541-gd7cd2cb_364-ge342709\",\"2221\":\"\\u4e1a\\u52a1\\u5c425.2.0-816-g2a3f594_537-g4f93f8a_356-gaf8e87d\",\"2217\":\"\\u4e1a\\u52a1\\u5c425.2.0-814-gbcfb222_536-gdab980e_351-gd34375b\",\"2208\":\"\\u4e1a\\u52a1\\u5c425.2.0-808-g31032ee_525-g20742e7_342-g3dae521\",\"2206\":\"\\u4e1a\\u52a1\\u5c425.2.0-767-g957e7b8_508-gbd2caab_319-g42afa15\",\"2202\":\"\\u4e1a\\u52a1\\u5c425.2.0-767-g957e7b8_508-gbd2caab_318-g2d02ee7\",\"2182\":\"\\u4e1a\\u52a1\\u5c425.2.0-767-g957e7b8_504-g2a93a46_313-g58c3659\",\"2090\":\"\\u4e1a\\u52a1\\u5c425.2.0-744-g160d53f_471-g955678f_211-gd6da4b1\",\"2135\":\"edass-future\",\"2110\":\"e_edaas_windows_client.exe\",\"2046\":\"edaas5.1.3-future\",\"1853\":\"edaas5.1.3-883-g9dc81c5_901-g0c339ac_1552-gbef6914\",\"2037\":\"guest-tools-5.2.0-24-g5c84f6a\",\"1881\":\"VPC\\u4e1a\\u52a1\\u5c425.2.0-238-g2b7c56f_144-gd9d9ce8_420-g3034c2b\",\"1887\":\"edaas_general5.1.3-future\",\"1862\":\"edaas_general5.1.3-879-g7c32538_899-g260f368_1566-g80c713e\",\"1880\":\"VPC\\u4e1a\\u52a1\\u5c425.2.0-215-g270b2e3_138-g1527731_380-g72b1df9\",\"1879\":\"VPC\\u4e1a\\u52a1\\u5c425.2.0-214-gc6673db_138-g1527731_379-g752aed8\",\"1878\":\"VPC\\u4e1a\\u52a1\\u5c425.2.0-214-gc6673db_136-g8b92075_377-gf88213e\",\"1875\":\"VPC\\u4e1a\\u52a1\\u5c425.2.0-203-ga2b414f_133-g0ac463e_356-g1637c11\",\"1873\":\"VPC\\u4e1a\\u52a1\\u5c425.2.0-201-g8298590_133-g0ac463e_350-g79db70f\",\"1872\":\"VPC\\u4e1a\\u52a1\\u5c425.2.0-200-g9e80980_133-g0ac463e_350-g79db70f\",\"1867\":\"\\u540e\\u53f0\\u5305 1.11.3.0(\\u672a\\u53d1)\",\"1866\":\"\\u4e1a\\u52a1\\u5c42--5.2.0-future\",\"1849\":\"\\u4e1a\\u52a1\\u5c425.2.0-115-ge910643_49-g0247ebc_192-g96f4080\",\"1865\":\"\\u540e\\u53f0\\u5305 1.11.2.0\",\"1859\":\"\\u540e\\u53f0\\u5305 1.11.1.0\",\"1857\":\"edaas_general5.1.3-879-g7c32538_899-g260f368_1560-g38c1489\",\"1856\":\"edaas_general5.1.3-879-g7c32538_899-g260f368_1558-g1c6297e\",\"1855\":\"edaas_general5.1.3-879-g7c32538_899-g260f368_1555-g238f9f6\",\"1854\":\" edaas5.1.3-879-g7c32538_899-g260f368_1555-g238f9f6\",\"1852\":\"edaas5.1.3-879-g7c32538_899-g260f368_1551-g8796a94\",\"1851\":\"edaas5.1.3-879-g7c32538_898-g13c8e68_1551-g8796a94\",\"1850\":\"edaas5.1.3-876-gdef4e6c_898-g13c8e68_1551-g8796a94\",\"1848\":\"\\u4e1a\\u52a1\\u5c425.2.0-109-gfa9ed1c_44-g7429ae9_172-g6d78403\",\"1847\":\"edaas5.1.3-875-g251f041_898-g13c8e68_1551-g8796a94\",\"1846\":\"edaas5.1.3-870-gf3542de_898-g13c8e68_1551-g8796a94\",\"1845\":\"edaas5.1.3-870-gf3542de_896-g590fd31_1551-g8796a94\",\"1839\":\"edaas5.1.3-870-gf3542de_894-ge43be23_1551-g8796a94\",\"1844\":\"\\u68ee\\u67285.1.4-future\",\"1843\":\"\\u68ee\\u67285.1.4-1103-gc5a6962_1117-g2be7260_2011-g1830dd2\",\"1841\":\"\\u68ee\\u67285.1.4-1102-g9b6fbf6_1117-g2be7260_2011-g1830dd2\",\"1838\":\"edaas5.1.3-870-gf3542de_893-g20e9a2b_1551-g8796a94\",\"1840\":\"\\u68ee\\u67285.1.4-1102-g9b6fbf6_1117-g2be7260_2009-g8713e4d\",\"1837\":\"edaas5.1.3-869-g64c42d4_893-g20e9a2b_1551-g8796a94\",\"1836\":\"edaas5.1.3-868-g6192f92_893-g20e9a2b_1551-g8796a94\",\"1834\":\"edaas5.1.3-868-g6192f92_893-g20e9a2b_1550-g18a8be2\",\"1833\":\"edaas5.1.3-866-gb8d4803_892-g49854ad_1550-g18a8be2\",\"1832\":\"edaas5.1.3-864-g70f434c_892-g49854ad_1548-g8471132\",\"1831\":\"\\u5206\\u5e03\\u5f0f\\u5b58\\u50a8\\u4e1a\\u52a1\\u5c425.1.3-future\",\"1829\":\"edaas5.1.3-863-gacec3c1_892-g49854ad_1548-g8471132\",\"1732\":\"\\u5206\\u5e03\\u5f0f\\u5b58\\u50a8\\u4e1a\\u52a1\\u5c425.1.3-868-gc2c8b15_879-g2d35637_1628-g7cee8d8\",\"1828\":\"edaas5.1.3-861-ga9f680e_889-g6c3003d_1548-g8471132\",\"1827\":\"edaas5.1.3-857-ge8cb1bf_887-g445b8ab_1548-g8471132\",\"1826\":\"edaas5.1.3-855-g513cfd3_887-g445b8ab_1548-g8471132\",\"1825\":\"edaas\\u4e1a\\u52a1\\u5c425.1.3-854-g12448e1_887-g445b8ab_1548-g8471132\",\"1824\":\"edaas5.1.3-854-g12448e1_887-g445b8ab_1548-g8471132\",\"1823\":\"edaas\\u4e1a\\u52a1\\u5c425.1.3-853-g4b713dd_887-g445b8ab_1548-g8471132\",\"1822\":\"edaas5.1.3-853-g4b713dd_887-g445b8ab_1548-g8471132\",\"1821\":\"edaas5.1.3-852-g0d1e2c6_887-g445b8ab_1548-g8471132\",\"1820\":\"edaas\\u4e1a\\u52a1\\u5c425.1.3-852-g0d1e2c6_887-g445b8ab_1548-g8471132\",\"1818\":\"edaas\\u4e1a\\u52a1\\u5c425.1.3-846-gd49cc01_886-gdb2b557_1548-g8471132\",\"1817\":\"edaas\\u4e1a\\u52a1\\u5c425.1.3-845-g0ec5cac_884-g6088a35_1548-g8471132\",\"1816\":\"edaas\\u4e1a\\u52a1\\u5c425.1.3-843-g5c54d3d_880-gbe7b84c_1548-g8471132\",\"1815\":\"edaas\\u4e1a\\u52a1\\u5c425.1.3-842-gb27e103_878-g595ad88_1548-g8471132\",\"1814\":\"edaas\\u4e1a\\u52a1\\u5c425.1.3-841-g444c660_878-g595ad88_1548-g8471132\",\"1813\":\"eDaas\\u4e1a\\u52a1\\u5c42 5.1.3-future(\\u5e9f)\",\"1808\":\"edaas\\u4e1a\\u52a1\\u5c425.1.3-future\",\"1807\":\"edaas\\u4e1a\\u52a1\\u5c425.1.3-840-g63442d5_878-g595ad88_1548-g8471132\",\"1802\":\"eDaas-5.1.3-839-g1b397e8-5.1.3-878-g595ad88-5.1.3-1548-g8471132\",\"1799\":\"hpvdi-5.1.3-10-g4b48298-01131610-amd64.deb\",\"1798\":\"eDaas-5.1.3-840-g63442d5--878-g595ad88-1548-g8471132\",\"1791\":\"IDV\\u5ba2\\u6237\\u7aef\\u5e95\\u5c42\\u5305 IDV-3V-Fusion-1.1.10.0.bin\",\"1787\":\"guest-tools-5.1.4-21-g729bcd0\",\"1784\":\"\\u4e1a\\u52a1\\u5c425.1.4-1096-gcf0cd9c_1111-ge953c79_1994-gc836f88\",\"1781\":\"\\u4e1a\\u52a1\\u5c425.1.4-1096-gcf0cd9c_1107-gb0191a0_1994-gc836f88\",\"1779\":\"\\u540e\\u53f0\\u5305 1.9.10.0\",\"1774\":\"\\u4e1a\\u52a1\\u5c425.1.4-1094-gc0ed997_1105-g761eabd_1992-g9cef3ef\",\"1780\":\"clouddisk-future\",\"1778\":\"guest-tools-5.1.4-18-g93647e7\",\"1777\":\"5.1.4-16-gb6ffd82\",\"1769\":\"\\u4e1a\\u52a1\\u5c425.1.4-1093-gbb1c98b_1102-g55d80d2_1990-g53bd00e\",\"1773\":\"windows-future\",\"1772\":\"\\u540e\\u53f0\\u5305 1.9.9.0\",\"1768\":\"guesttools-future\",\"1765\":\"\\u4e1a\\u52a1\\u5c425.1.4-1086-g8c64b51_1098-g72b2dd4_1985-gf23f195\",\"1760\":\"\\u4e1a\\u52a1\\u5c425.1.4-1085-g9f6116a_1098-g72b2dd4_1985-gf23f195\",\"1763\":\"e_vdi_windows_client-5.1.4-12-g96f0c83\",\"1757\":\"\\u4e1a\\u52a1\\u5c425.1.4-1084-gea7288a_1096-g4945531_1983-g42ca308\",\"1752\":\"\\u4e1a\\u52a1\\u5c425.1.4-1083-g7ef81f2_1096-g4945531_1983-g42ca308\",\"1756\":\"guest-agent-1.2\",\"1751\":\"IDV\\u5ba2\\u6237\\u7aef\\u5e95\\u5c42\\u5305 IDV-3V-Fusion-1.1.8.0.bin\",\"1740\":\"\\u4e1a\\u52a1\\u5c425.1.4-1080-g8188105_1093-g3a48395_1981-g017a81d\",\"1750\":\"\\u4e1a\\u52a1\\u5c425.1.4-1077-g14f8486-1091-g9d81d6d-1975-gec245e5\",\"1749\":\"5.1.4-12-ge948869\",\"1748\":\"IDV\\u5ba2\\u6237\\u7aef\\u5e95\\u5c42\\u5305 IDV-3V-Fusion-1.1.7.0.bin\",\"1747\":\"\\u540e\\u53f0\\u5305 1.9.8.0\",\"1746\":\"clouddisk-20191224\",\"1745\":\"\\u540e\\u53f0\\u5305 1.9.7.0\",\"1744\":\"spice-gtk-tcloud-0.33-5.1.3.7.gd6a556f.fc23.x86_64.rpm\",\"1742\":\"guesttools-5.1.4-10-g5ad5fe6\",\"1739\":\"IDV\\u5ba2\\u6237\\u7aef\\u5e95\\u5c42\\u5305 IDV-3V-Fusion-1.1.6.0.bin\",\"1738\":\" IDV\\u5ba2\\u6237\\u7aef\\u5e95\\u5c42\\u5305 IDV-3V-Fusion-1.1.4.0.bin\",\"1737\":\"IDV\\u5ba2\\u6237\\u7aef\\u5e95\\u5c42\\u5305 IDV-3V-Fusion-1.1.3.0.bin\",\"1735\":\"\\u4e1a\\u52a1\\u5c425.1.4-1075-g3de95a6_1088-g7be9304_1972-ge2b5092\",\"1733\":\"\\u4e1a\\u52a1\\u5c425.1.4-1070-g4d01f92_1085-g48fa5ba_1968-g269b229\",\"1731\":\"\\u5206\\u5e03\\u5f0f\\u5b58\\u50a8\\u4e1a\\u52a1\\u5c425.1.3-865-geaee283_878-g84bc4c6_1619-g25ea754\",\"1728\":\"\\u4e1a\\u52a1\\u5c425.1.4-1069-g1be0fe9_1085-g48fa5ba_1968-g269b229\",\"1724\":\"\\u4e1a\\u52a1\\u5c425.1.4-1064-gbe3b54f_1073-g0964887_1957-g57d4399\",\"1727\":\"guesttools5.1.4-9-gacf34e3\",\"1714\":\"\\u4e1a\\u52a1\\u5c425.1.4-1064-gbe3b54f_1070-g4a5f084_1957-g57d4399\",\"1718\":\"seafile-20191213\",\"1716\":\"IDV\\u5ba2\\u6237\\u7aef\\u5e95\\u5c42\\u5305 IDV-3V-Fusion-1.1.2.0.bin\",\"1713\":\"\\u4e1a\\u52a1\\u5c425.1.4-1058-g77e399d_1062-ge5e34ba_1938-g9323ce2\",\"1712\":\"\\u4e1a\\u52a1\\u5c425.1.4-1057-g2f3e176_1062-ge5e34ba_1938-g9323ce2\",\"1711\":\"clouddisk-20191220\",\"1709\":\"\\u4e1a\\u52a1\\u5c425.1.4-1057-g2f3e176_1061-g3fb4f8e_1938-g9323ce2\",\"1710\":\"\\u540e\\u53f0\\u5305 1.9.6.0\",\"1708\":\"\\u4e1a\\u52a1\\u5c425.1.4-1054-g65afc15_1055-g4849964_1935-g4eea24a\",\"1706\":\"IDV\\u5ba2\\u6237\\u7aef\\u5e95\\u5c42\\u5305 IDV-3V-Fusion-1.1.1.0.bin\",\"1705\":\"\\u4e1a\\u52a1\\u5c425.1.4-1053-gfeb4246_1054-g8c6fccf_1935-g4eea24a\",\"1704\":\"\\u4e1a\\u52a1\\u5c425.1.4-1050-gc9637f6_1047-gdccd4c7_1925-g943faf2\",\"1697\":\"\\u4e1a\\u52a1\\u5c425.1.4-1050-gc9637f6_1047-gdccd4c7_1924-g4d001fb\",\"1701\":\"IDV\\u5ba2\\u6237\\u7aef\\u5e95\\u5c42\\u5305 IDV-3V-Fusion-1.1.0.0.bin\",\"1700\":\"guest-tools-5.1.4-8-g9297689\",\"1699\":\"\\u540e\\u53f0\\u5305 1.9.5.0\",\"1698\":\"\\u540e\\u53f0\\u5305 1.9.4.0\",\"1696\":\"clouddisk-20191211\",\"1695\":\"\\u4e1a\\u52a1\\u5c425.1.4-1044-gac45b93_1037-ge72a347_1915-gd8541c7\",\"1694\":\"\\u4e1a\\u52a1\\u5c425.1.4-1040-g977fd98_1036-g7178777_1904-gb632d72\",\"1693\":\"e_vdi_windows_client-5.1.4-11-g5318196\",\"1691\":\"\\u4e1a\\u52a1\\u5c425.1.4-1038-g34e56a1_1036-g7178777_1904-gb632d72\",\"1688\":\"\\u4e1a\\u52a1\\u5c425.1.4-1035-g24ddf08_1035-g9220d1c_1900-g619aa06\",\"1690\":\"clouddisk-20191206\",\"1689\":\"linux-future\",\"1687\":\"VPC\\u4e1a\\u52a1\\u5c425.1.3-future\",\"1686\":\"e_vdi_windows_client-5.1.4-4-g5403b15\",\"1685\":\"oe_teach_desktop_cloud-19-11-21-09-21-5.1.4-1-g10013c1\",\"1684\":\"\\u4e1a\\u52a1\\u5c425.1.4-1029-g1492292_1029-gc33d24d_1871-gf6c1349\",\"1683\":\"\\u4e1a\\u52a1\\u5c425.1.4-1027-gb92c161_1029-gc33d24d_1870-gec1765a\",\"1681\":\"VPC\\u4e1a\\u52a1\\u5c425.1.3-819-gc11e901_874-g6605bdc_1558-g2ef151d\",\"1679\":\"\\u4e1a\\u52a1\\u5c425.1.4-1025-ga22051e_1028-g72574e4_1869-gccb7df7\",\"1677\":\"VPC\\u4e1a\\u52a1\\u5c425.1.3-819-gc11e901_874-g6605bdc_1557-g0b51173\",\"1680\":\"vpc_windows_client-5.1.3-8-g3f018dd\",\"1678\":\"\\u4e1a\\u52a1\\u5c425.1.4-1013-g0ea6c82_1018-g518c80c_1861-g041fea3\",\"1675\":\"\\u4e1a\\u52a1\\u5c425.1.4-1012-gdda12b8_1018-g518c80c_1859-g937d722\",\"1676\":\"VPC\\u4e1a\\u52a1\\u5c425.1.3-819-gc11e901_874-g6605bdc_1553-g5462466\",\"1674\":\"\\u4e1a\\u52a1\\u5c425.1.4-999-gad8c95d_1010-gf621b55_1856-g54d88c5\",\"1673\":\"\\u540e\\u53f0\\u5305 1.9.3.0\",\"1672\":\"\\u4e1a\\u52a1\\u5c425.1.4-999-gad8c95d_1010-gf621b55_1855-g5e331c8\",\"1670\":\"\\u4e1a\\u52a1\\u5c425.1.4-990-g229a1b5_1009-g83ebfcc_1849-g8a190cc\",\"1671\":\"5.1.3\\u5ba2\\u6237\\u7aef\\u4e34\\u65f6\\u8d44\\u6e90\\u8865\\u4e01\\u5305\",\"1669\":\"\\u4e1a\\u52a1\\u5c425.1.4-983-g75f4cbb_1001-geb621d9_1836-ge8af591\",\"1668\":\"\\u4e1a\\u52a1\\u5c425.1.4-982-gbcc36c5_1000-g4bf86f7_1836-ge8af591\",\"1667\":\"\\u4e1a\\u52a1\\u5c425.1.4-978-g078575a_995-gee5ad0c_1823-gde4a7ea\",\"1666\":\"\\u4e1a\\u52a1\\u5c425.1.4-974-g20dde94_994-g64db215_1818-gc8e1a8a\",\"1665\":\"\\u4e1a\\u52a1\\u5c425.1.4-973-gd1814af_994-g64db215_1817-g65cd095\",\"1664\":\"\\u4e1a\\u52a1\\u5c425.1.4-972-g2fa2b82_994-g64db215_1807-g2a0d2a2\",\"1663\":\"\\u4e1a\\u52a1\\u5c425.1.4-972-g2fa2b82_994-g64db215_1799-g864a746\",\"1662\":\"\\u4e1a\\u52a1\\u5c425.1.4-971-g3b6f17e_993-g4091fc6_1799-g864a746\",\"1661\":\"\\u4e1a\\u52a1\\u5c425.1.4-962-g310573e_985-gf60b89a_1787-g712a30c\",\"1660\":\"\\u4e1a\\u52a1\\u5c425.1.4-962-g310573e_985-gf60b89a_1786-g0129562\",\"1659\":\"\\u4e1a\\u52a1\\u5c425.1.4-961-g9a54258_985-gf60b89a_1784-g8c82afd\",\"1658\":\"seafile-1.5\",\"1657\":\"guest-tools-5.1.4-14-g951b89b\",\"1653\":\"\\u4e1a\\u52a1\\u5c425.1.4-960-g644f2f0_985-gf60b89a_1784-g8c82afd\",\"1648\":\"\\u4e1a\\u52a1\\u5c425.1.4-951-g06867e8_975-g51da602_1773-g0a2b1d2\",\"1652\":\"\\u540e\\u53f0\\u5305 1.9.2.0\",\"1651\":\"client64-5.1.4-1-g10013c1\",\"1650\":\"e_vdi_windows_client-5.1.4-2-gf070f4c\",\"1647\":\"\\u4e1a\\u52a1\\u5c425.1.4-945-g130694b_970-gc788f4c_1759-g560df73\",\"1645\":\"vdi-guesttools-kvm-5.1.0-29-g14f5e77\",\"1640\":\"\\u5929\\u878d\\u4fe15.1.1-593-gef65e1d_495-g9fac12e_891-gedd680f\",\"1643\":\"\\u5929\\u878d\\u4fe15.1.1-future\",\"1642\":\"vdi-guesttools-kvm-5.1.0-28-gfde2e6e\",\"1641\":\"idv 5.1.4 futre\",\"1638\":\"\\u5929\\u878d\\u4fe15.1.1-591-g7895c5d_495-g9fac12e_891-gedd680f\",\"1637\":\"TOPSEC_vdi_windows_client-5.1.1-7-gaaa2d23.exe\",\"1636\":\"\\u5929\\u878d\\u4fe15.1.1-591-g7895c5d_495-g9fac12e_889-g097f103\",\"1635\":\"\\u5929\\u878d\\u4fe15.1.1-591-g7895c5d_495-g9fac12e_887-gf44572d\",\"1629\":\"\\u60e0\\u666e5.1.3-819-gc11e901_874-g6605bdc_1564-ge0fa8c0\",\"1630\":\"\\u60e0\\u666e5.1.3-future\",\"1627\":\"seafile-1.4\",\"1626\":\"\\u60e0\\u666e5.1.3-819-gc11e901_874-g6605bdc_1561-g4781345\",\"1558\":\"\\u5929\\u878d\\u4fe15.1.1-591-g7895c5d_495-g9fac12e_885-g6306f84\",\"1625\":\"\\u60e0\\u666e5.1.3-819-gc11e901_874-g6605bdc_1560-ga68f55d\",\"1624\":\"seafile-1.3\",\"1623\":\"\\u60e0\\u666e5.1.3-819-gc11e901_874-g6605bdc_1558-gcd23c04\",\"1622\":\"guest-tools-5.1.4-3-g3952a63\",\"1621\":\"guest-tools-5.1.3-34-gf18de88\",\"1614\":\"\\u60e0\\u666e5.1.3-819-gc11e901_874-g6605bdc_1555-g98d8bda\",\"1620\":\"hp-future\",\"1617\":\"hpvdi-5.1.3-10-g4b48298-11071053-amd64\",\"1616\":\"huipu-windows-future\",\"1615\":\"huipuPC_vdi_windows_client-5.1.3-5-g5979c21\",\"1613\":\"\\u60e0\\u666e5.1.3-819-gc11e901_874-g6605bdc_1551-gc8313ea\",\"1612\":\"\\u60e0\\u666e5.1.3-819-gc11e901_874-g6605bdc_1548-g476ae23\",\"1604\":\"linux\\u5ba2\\u6237\\u7aefiso-5.1.4.5\",\"1602\":\"linux\\u5ba2\\u6237\\u7aefiso-5.1.4.4\",\"1601\":\"\\u4e1a\\u52a1\\u5c42-5.1.4-future\",\"1599\":\"\\u540e\\u53f0\\u5305 1.8.13.0\",\"1596\":\"\\u540e\\u53f0\\u5305 1.8.12.0\",\"1593\":\"\\u4e1a\\u52a1\\u5c425.1.3-future\",\"1590\":\"\\u4e1a\\u52a1\\u5c425.1.3-816-gf7a3a02_871-g26b21e3_1540-gb05480d\",\"1586\":\"\\u4e1a\\u52a1\\u5c425.1.3-816-gf7a3a02_870-g7af2c5b_1537-g98e4353\",\"1583\":\"\\u4e1a\\u52a1\\u5c425.1.3-815-g5321f95_865-g6fc9eb8_1533-gc8e4310\",\"1582\":\"\\u540e\\u53f0\\u5305 1.8.10.0\",\"1573\":\"\\u4e1a\\u52a1\\u5c425.1.3-813-gc84dcc4_864-g4a7bac3_1531-gcf52b05\",\"1580\":\"guest-tools-5.1.3-30-g024a5aa\",\"1579\":\"\\u540e\\u53f0\\u5305 1.8.9.0\",\"1578\":\"\\u540e\\u53f0\\u5305 1.8.8.0\",\"1570\":\"\\u4e1a\\u52a1\\u5c425.1.3-809-g206ba7c_851-g1f763cd_1513-g7754a15\",\"1565\":\"\\u4e1a\\u52a1\\u5c425.1.3-809-g206ba7c_851-g1f763cd_1510-g8f2e0c7\",\"1569\":\"e_vdi_windows_client-5.1.3-5-g5979c21.\",\"1564\":\"guest-tools-5.1.3-25-gaff5c0b\",\"1560\":\"\\u4e1a\\u52a1\\u5c425.1.3-808-gbda0b82_840-g7a3bf13_1507-g6a23cd5\",\"1553\":\"\\u4e1a\\u52a1\\u5c425.1.3-807-gedfad0e_839-g3c35b86_1507-g6a23cd5\",\"1557\":\"\\u5929\\u878d\\u4fe15.1.1-591-g7895c5d_495-g9fac12e_878-ge422a40\",\"1550\":\"\\u4e1a\\u52a1\\u5c425.1.3-803-ga7c3629_836-gfaf307e_1496-g5ff9db0\",\"1545\":\"\\u4e1a\\u52a1\\u5c425.1.3-800-g25dc056_833-g393c913_1492-g103f362\",\"1542\":\"\\u4e1a\\u52a1\\u5c425.1.3-796-gfc7c703_821-g19c4aee_1476-g93659f4\",\"1541\":\"\\u540e\\u53f0\\u5305 1.8.7.0\",\"1534\":\"\\u4e1a\\u52a1\\u5c425.1.3-796-gfc7c703_821-g19c4aee_1471-g4969015\",\"1537\":\"IDV\\u5ba2\\u6237\\u7aef-\\u5e95\\u5c42\\u5305-1.0.11.0\",\"1531\":\"\\u4e1a\\u52a1\\u5c425.1.3-788-g145ba6f_816-g04f3856_1451-gc7e57ac\",\"1523\":\"\\u4e1a\\u52a1\\u5c425.1.3-788-g145ba6f_816-g04f3856_1444-g0dfcfbd\",\"1529\":\"IDV\\u5ba2\\u6237\\u7aef-\\u5e95\\u5c42\\u5305-1.0.10.0(\\u672a\\u53d1)\",\"1528\":\"\\u540e\\u53f0\\u5305 1.8.6.0\",\"1527\":\"IDV\\u5ba2\\u6237\\u7aef-\\u5e95\\u5c42\\u5305-1.0.9.0\",\"1526\":\"idv-5.1.3.xxxx\",\"1525\":\"idv -5.1.3.1465\",\"1522\":\"1.8.5.0\",\"1520\":\"\\u4e1a\\u52a1\\u5c425.1.3-20190821\",\"1519\":\"WebDAV-1.1.exe\",\"1518\":\"5.1.3-16-g4783ad9\",\"1516\":\"\\u4e1a\\u52a1\\u5c425.1.3-758-gb56abf5_791-g52bc768_1293-ge91fcab\",\"1511\":\"\\u4e1a\\u52a1\\u5c425.1.3-757-g62b1717_791-g52bc768_1293-ge91fcab\",\"1514\":\"\\u540e\\u53f0\\u5305 1.8.4.0\",\"1509\":\"\\u4e1a\\u52a1\\u5c425.1.3-754-g694b33b_791-g52bc768_1293-ge91fcab\",\"1508\":\"WebDav-1.0\",\"1500\":\"\\u4e1a\\u52a1\\u5c425.1.3-754-g694b33b_790-g7db9d33_1293-ge91fcab\",\"1506\":\"guest-tools-5.1.3-10-ge39f18d\",\"1505\":\"\\u5713\\u5bb85.1.2-future\",\"1502\":\"\\u5713\\u5bb85.1.2-731-gcdde99b_708-gb4b4d1a_1214-g64eaaa9\",\"1504\":\"VDI 5.1.3-2\",\"1503\":\"\\u540e\\u53f0\\u5305 1.8.3.0\",\"1498\":\"\\u5713\\u5bb85.1.2-731-gcdde99b_707-g90831c8_1208-g671fdc4\",\"1495\":\"\\u4e1a\\u52a1\\u5c425.1.3-750-gb94b800_785-g216b09e_1279-g2cda91d\",\"1499\":\"\\u4e1a\\u52a1\\u5c425.1.3-762-g1533f6d_796-gfda5e4d_1337-g49aee20\",\"1497\":\"\\u5713\\u5bb85.1.2-731-gcdde99b_707-g90831c8_1206-g93fb20b\",\"1494\":\"\\u5713\\u5bb85.1.2-731-gcdde99b_707-g90831c8_1204-gc395e06\",\"1492\":\"\\u4e1a\\u52a1\\u5c425.1.3-749-gae6835c_782-g4eb5aa2_1270-geebec8c\",\"1490\":\"\\u4e1a\\u52a1\\u5c425.1.3-748-g43bdf26_780-gb821ba4_1267-g7fca3ae\",\"1489\":\"\\u5713\\u5bb85.1.2-730-g3788d5b_707-g90831c8_1199-g10a570a\",\"1487\":\"\\u4e1a\\u52a1\\u5c425.1.3-748-g43bdf26_779-g685c3c6_1267-g7fca3ae\",\"1484\":\"\\u4e1a\\u52a1\\u5c425.1.3-747-g8e272f9_774-g0d24979_1267-g7fca3ae\",\"1447\":\"\\u5713\\u5bb85.1.2-729-gf87d1a4_707-g90831c8_1199-g10a570a\",\"1486\":\"guest-tools-5.1.3-11-gc12f17a\",\"1483\":\"guesttools-5.1.3-4\",\"1481\":\"\\u4e1a\\u52a1\\u5c425.1.3-746-g6aa112f_774-g0d24979_1260-gcddb244\",\"1479\":\"\\u4e1a\\u52a1\\u5c425.1.3-746-g6aa112f_765-gb820e24_1260-gcddb244\",\"1475\":\"\\u4e1a\\u52a1\\u5c425.1.3-746-g6aa112f_765-gb820e24_1258-g64885a6\",\"1454\":\"\\u4e1a\\u52a1\\u5c425.1.3-746-g6aa112f_763-g08dce37_1255-g59f607d\",\"1473\":\" \\u5b89\\u5353\\u5ba2\\u6237\\u7aef5.1.2-11-OEM\\u540c\\u65b9-\\u667a\\u5fae\\u7248\\u672c\",\"1470\":\" \\u5b89\\u5353\\u5ba2\\u6237\\u7aef5.1.2-10-OEM\\u540c\\u65b9-\\u667a\\u5fae\\u7248\\u672c\",\"1469\":\"\\u5b89\\u5353\\u5ba2\\u6237\\u7aef5.1.2-9-OEM\\u540c\\u65b9-\\u667a\\u5fae\\u7248\\u672c\",\"1464\":\"\\u540c\\u65b95.1.2-future\",\"1463\":\"\\u540c\\u65b95.1.2-728-g0ef2c90_707-g90831c8_903-g08b41db\",\"1459\":\"\\u540c\\u65b95.1.2-727-g83db22c_707-g90831c8_903-g08b41db\",\"1458\":\"\\u540c\\u65b95.1.2-727-g83db22c_707-g90831c8_900-g7209453\",\"1468\":\" \\u5b89\\u5353\\u5ba2\\u6237\\u7aef5.1.2-8-OEM\\u540c\\u65b9-\\u667a\\u5fae\\u7248\\u672c\",\"1457\":\"\\u540c\\u65b95.1.2-726-gd12d214_707-g90831c8_898-g38c3208\",\"1456\":\"\\u540e\\u53f0\\u5305 1.8.1.0 (\\u672a\\u53d1)\",\"1455\":\"e_vdi_windows_client-5.1.3-4-g9d6e444\",\"1451\":\"\\u540c\\u65b95.1.2-725-ge4cc65c_704-ga873bf2_889-gddcb71f\",\"1453\":\"window-\\u5ba2\\u6237\\u7aef-\\u540c\\u65b9OEM\",\"1452\":\"5.1.2-6-gc6ec32f\",\"1433\":\"\\u540c\\u65b95.1.2-725-ge4cc65c_704-ga873bf2_877-g2c0c4b5\",\"1449\":\"5.1.2-7-g99a317e\",\"1448\":\"windows_client-5.1.2-14-g68bf876\",\"1446\":\"\\u5713\\u5bb85.1.2-725-ge4cc65c_704-ga873bf2_1196-g0615dd4\",\"1444\":\"\\u5713\\u5bb85.1.2-725-ge4cc65c_704-ga873bf2_1195-g01f80f1\",\"1443\":\"fan-vdi-windows_client-5.1.2-12-gf359a50\",\"1442\":\"vdi_cloud_desktop-19-07-19-18-08-5.1.2-4-g7db9a86\",\"1438\":\"\\u540e\\u53f0\\u5305 1.8.0.0\",\"1450\":\" \\u5b89\\u5353\\u5ba2\\u6237\\u7aef5.1.2-8-OEM\\u540c\\u65b9-\\u534e\\u79d1\\u4e91\\u7248\\u672c\",\"1441\":\" \\u5713\\u5bb85.1.2-725-ge4cc65c_704-ga873bf2_1191-g8df103a\",\"1434\":\"\\u5713\\u5bb85.1.2-725-ge4cc65c_704-ga873bf2_1191-g8df103a\",\"1420\":\"\\u540c\\u65b95.1.2-725-ge4cc65c_703-ga493bd4_872-g84c667d\",\"1430\":\"\\u4e1a\\u52a1\\u5c425.1.2-future\",\"1429\":\"\\u5b89\\u5353\\u5ba2\\u6237\\u7aef5.1.2-7-OE-AOC\\u4e00\\u4f53\\u673a\\u7248\\u672c\",\"1424\":\"\\u4e1a\\u52a1\\u5c425.1.2-725-ge4cc65c_703-ga493bd4_1202-gb581528\",\"1428\":\"\\u5b89\\u5353\\u5ba2\\u6237\\u7aef5.1.2-6-OE-AOC\\u4e00\\u4f53\\u673a\\u7248\\u672c\",\"1426\":\"e-vdi-windows_client-5.1.2-9-gd5e8746\",\"1422\":\"\\u4e1a\\u52a1\\u5c425.1.2-725-ge4cc65c_702-g2d518ea_1199-gcde9d9d\",\"1419\":\"\\u540c\\u65b95.1.2-722-gf4171b3_698-g4f40a1f_866-ga4a974b8\",\"1415\":\"\\u4e1a\\u52a1\\u5c425.1.2-722-gf4171b3_698-g4f40a1f_1188-gdb74f81\",\"1417\":\"vdi-guesttools-kvm-5.1.2-17-g431abcf\",\"1412\":\"\\u4e1a\\u52a1\\u5c425.1.2-722-gf4171b3_696-g9fe0662_1186-g89ca817\",\"1410\":\"\\u5b89\\u5353\\u5ba2\\u6237\\u7aef5.1.2-6-\\u6cdb\\u8054OE\\u7248\\u672c\",\"1409\":\"\\u5b89\\u5353\\u5ba2\\u6237\\u7aef5.1.2-5-\\u6cdb\\u8054OE\\u7248\\u672c\",\"1408\":\"\\u540e\\u53f0\\u5305 1.7.10.0\",\"1404\":\"\\u4e1a\\u52a1\\u5c425.1.2-721-g7a83687_692-g81c0ffc_1177-g857e04c\",\"1403\":\"vdi-guesttools-kvm-5.1.2-16-gd489cc1\",\"1400\":\"\\u4e1a\\u52a1\\u5c425.1.2-719-g15a1298_687-gb7319e0_1173-ge82d14f\",\"1396\":\"\\u4e1a\\u52a1\\u5c425.1.2-719-g15a1298_685-g1253cb6_1164-g0aa3824\",\"1398\":\"vdi-guesttools-kvm-5.1.2-15-g7956ad4\",\"1395\":\"vdi-guesttools-kvm-5.1.2-14-ge9f4ba2\",\"1393\":\"\\u540e\\u53f0\\u5305 1.7.7.0\",\"1391\":\"\\u4e1a\\u52a1\\u5c425.1.2-717-g3401a7f_681-g918e0c6_1156-g76bd65b\",\"1389\":\"\\u4e1a\\u52a1\\u5c425.1.2-713-g8740fd7_674-g73df027_1142-g4a51bc5\",\"1388\":\" \\u5b89\\u5353\\u5ba2\\u6237\\u7aef5.1.2-4-\\u6cdb\\u8054OE\\u7248\\u672c\",\"1385\":\"\\u4e1a\\u52a1\\u5c425.1.2-711-g3980a83_667-g66c5e69_1138-g120504f\",\"1383\":\"\\u4e1a\\u52a1\\u5c425.1.2-706-g7c13149_664-g1bc18f7_1133-g8eac241\",\"1381\":\"\\u540e\\u53f0\\u5305 1.7.6.0\",\"1379\":\"\\u4e1a\\u52a1\\u5c425.1.2-706-g7c13149_663-g82adc69_1133-g8eac241\",\"1375\":\"\\u4e1a\\u52a1\\u5c425.1.2-705-ge8f574c_661-gd7d698a_1133-g8eac241\",\"1373\":\"\\u4e1a\\u52a1\\u5c425.1.2-703-g6c561f2_647-g6ef6976_1123-ge48650a\",\"1372\":\"\\u540e\\u53f0\\u5305 1.7.5.0\",\"1369\":\"\\u4e1a\\u52a1\\u5c425.1.2-703-g6c561f2_647-g6ef6976_1114-g5e3c890\",\"1371\":\"e-vdi-windows_client-5.1.2-7-gd2e55bd\",\"1367\":\"\\u4e1a\\u52a1\\u5c425.1.2-698-g8781d61_634-gc7aebe4_1098-g7f5bbc4\",\"1366\":\"\\u5b89\\u5353\\u5ba2\\u6237\\u7aef5.1.2-3-\\u6cdb\\u8054OE\\u7248\\u672c\",\"1364\":\"\\u4e1a\\u52a1\\u5c425.1.2-697-g58396e9_634-gc7aebe4_1098-g7f5bbc4\",\"1362\":\"\\u4e1a\\u52a1\\u5c425.1.2-689-g8e2e22f_630-g21d3e47_1091-g782f415\",\"1360\":\"thinkpro 5.1.2-9\",\"1358\":\"\\u4e1a\\u52a1\\u5c425.1.2-686-g380dc2b_625-g2579622_1077-g9db5a56\",\"1356\":\"\\u4e1a\\u52a1\\u5c425.1.2-685-g7311724_625-g2579622_1077-g9db5a56\",\"1355\":\"vdi-guesttools-kvm-5.1.2-8-gb5fc0cf.iso\",\"1354\":\"\\u540e\\u53f0\\u5305 1.7.3.0\",\"1350\":\"\\u4e1a\\u52a1\\u5c425.1.2-685-g7311724_625-g2579622_1073-g7a8ff32\",\"1353\":\"vdi-guesttools-kvm-5.1.2-13-g5a69bcd\",\"1352\":\"TopSEC_Terminal_Virtualization_System-19-06-20-12-02-5.1.1-3-g00e842b\",\"1347\":\"\\u4e1a\\u52a1\\u5c425.1.2-671-gd4099d7_615-g949a856_1046-gc712fca\",\"1349\":\"vdi-guesttools-kvm-5.1.2-11-g848b9ab\",\"1346\":\"\\u60e0\\u666e5.1.1-future\",\"1345\":\"\\u60e0\\u666e5.1.1-591-g7895c5d_495-g9fac12e_889-g58da178\",\"1341\":\"\\u4e1a\\u52a1\\u5c425.1.2-664-g5a04bad_614-gb6355b0_1040-gc0abc52\",\"1340\":\"\\u5929\\u878d\\u4fe1\\u6559\\u80b25.1.1-591-g7895c5d_495-g9fac12e_872-gfbde5d5\",\"1344\":\"\\u5929\\u878d\\u4fe1\\u6559\\u80b25.1.1-future\",\"1343\":\"\\u5b89\\u5353\\u5ba2\\u6237\\u7aef5.1.2-1-\\u6cdb\\u8054OE\\u7248\\u672c\",\"1339\":\"TopSEC_Terminal_Virtualization_System-19-06-17-19-16-5.1.1-3-g00e842b\",\"1338\":\"\\u60e0\\u666e5.1.1-591-g7895c5d_495-g9fac12e_888-gd88498a\",\"1336\":\"\\u4e1a\\u52a1\\u5c425.1.2-661-g6bdaab2_607-g384401a_1002-g31020fa\",\"1328\":\"\\u60e0\\u666e5.1.1-591-g7895c5d_495-g9fac12e_887-g033a265\",\"1326\":\"\\u5929\\u878d\\u4fe1\\u6559\\u80b25.1.1-591-g7895c5d_495-g9fac12e_870-g2d168eb\",\"1334\":\"\\u4e1a\\u52a1\\u5c425.1.2-658-g10f20a3_605-g617c3ce_989-g039d283\",\"1333\":\"huipuPC-vdi-windows_client-5.1.1-4-gc30d83c\",\"1331\":\"\\u4e1a\\u52a1\\u5c425.1.2-657-ge0111d2_605-g617c3ce_989-g039d283\",\"1330\":\"TopSEC_Terminal_Virtualization_System-19-06-12-11-43-5.1.1-2-gc82a13a\",\"1281\":\"\\u4e1a\\u52a1\\u5c425.1.2-657-ge0111d2_601-g9623395_986-g821273d\",\"1329\":\"huipuPC-vdi-windows_client-5.1.1-3-gc385681\",\"1327\":\"\\u60e0\\u666e5.1.1-587-gb731ff6_495-g9fac12e_886-g915589d\",\"1325\":\"windows 5.1.2\",\"1323\":\"\\u5929\\u878d\\u4fe1\\u6559\\u80b25.1.1-587-gb731ff6_495-g9fac12e_868-gda80ddb\",\"1321\":\"\\u60e0\\u666e5.1.1-587-gb731ff6_495-g9fac12e_882-g12706b9\",\"1324\":\"Android\\u5ba2\\u6237\\u7aef5.1.1-2-OEM\\u60e0\\u666e\",\"1322\":\"e-vdi-windows_client-5.1.2-2-gf026836\",\"1320\":\"\\u4e1a\\u52a1\\u5c425.1.1-future\",\"1319\":\"Android\\u5ba2\\u6237\\u7aef5.1.1-1-OEM\\u60e0\\u666e\",\"1317\":\"\\u5929\\u878d\\u4fe1\\u6559\\u80b25.1.1-587-gb731ff6_495-g9fac12e_866-g35c6841\",\"1315\":\"\\u60e0\\u666e5.1.1-587-gb731ff6_495-g9fac12e_880-gb88ea0d\",\"1314\":\"\\u4e1a\\u52a1\\u5c425.1.1-587-gb731ff6_495-g9fac12e_866-gbdd4b1e\",\"1316\":\"\\u5929\\u878d\\u4fe1\\u6559\\u80b25.1.1-586-g8e46226_495-g9fac12e_863-ga0f1204\",\"1313\":\"\\u4e1a\\u52a1\\u5c425.1.1-585-gc9bae19_495-g9fac12e_859-g3eb9138\",\"1312\":\"\\u60e0\\u666e5.1.1-585-gc9bae19_495-g9fac12e_870-g6cccc96\",\"1311\":\"\\u4e1a\\u52a1\\u5c425.1.1-585-gc9bae19_495-g9fac12e_858-g05f90f9\",\"1310\":\"\\u60e0\\u666e5.1.1-584-g7af9a9b_495-g9fac12e_861-g983cb02\",\"1308\":\"\\u4e1a\\u52a1\\u5c425.1.1-584-g7af9a9b_495-g9fac12e_856-g0e0d999\",\"1309\":\"\\u60e0\\u666e5.1.1-584-g7af9a9b_495-g9fac12e_860-gcee93b0\",\"1307\":\"\\u4e1a\\u52a1\\u5c425.1.1-584-g7af9a9b_495-g9fac12e_855-g8eee677\",\"1303\":\"\\u4e1a\\u52a1\\u5c425.1.1-584-g7af9a9b_495-g9fac12e_854-g5e22556\",\"1306\":\"TOPSEC-vdi-windows_client-5.1.1-6-gf4944f1\",\"1302\":\"\\u4e1a\\u52a1\\u5c425.1.1-582-g61db415_493-g2f01f3f_843-g73bd077\",\"1291\":\"\\u4e1a\\u52a1\\u5c425.1.0-future\",\"1284\":\"\\u4e1a\\u52a1\\u5c425.1.0-578-gf81d4ac_488-gb91a4c8_819-g1751203\",\"1287\":\"oe_teach_desktop_cloud-19-05-17-12-04-5.1.0-9-g3be6123\",\"1286\":\"oe_teach_desktop_cloud-19-04-30-21-40-5.1.0-8-g7bc4043\",\"1283\":\"\\u540e\\u53f0\\u5305 1.6.18.0\",\"1279\":\"\\u4e1a\\u52a1\\u5c425.1.0-578-gf81d4ac_488-gb91a4c8_818-g373ae89\",\"1277\":\"\\u4e1a\\u52a1\\u5c425.1.0-576-g470437c_485-gfdd8e09_816-g3ff3f85\",\"1275\":\"\\u4e1a\\u52a1\\u5c425.1.0-571-g46e156c_484-g2752ba0_813-g5280f5b\",\"1273\":\"\\u4e1a\\u52a1\\u5c425.1.0-571-g46e156c_484-g2752ba0_806-g66ea423\",\"1271\":\"\\u4e1a\\u52a1\\u5c425.1.0-570-ga7f829b_483-g98825c7_803-g0ffadf6\",\"1269\":\"\\u4e1a\\u52a1\\u5c425.1.0-565-g6237e18_483-g98825c7_803-g0ffadf6\",\"1267\":\"\\u4e1a\\u52a1\\u5c425.1.0-562-g7e8eb7f_478-gd13934a_802-ga81b872\",\"1266\":\"e-vdi-windows_client-5.1.0-4-gde64647\",\"1264\":\"\\u4e1a\\u52a1\\u5c425.1.0-557-g0fe1c01_478-gd13934a_798-gbde4cb2\",\"1261\":\"\\u4e1a\\u52a1\\u5c425.1.0-554-g67fcd86_474-g55c551b_795-gd817726\",\"1263\":\"vdi-guesttools-kvm-5.1.0-23-g4c40f03\",\"1260\":\"vdi-guesttools-kvm-5.1.0-22-g34795b8\",\"1259\":\"\\u540e\\u53f0\\u5305 1.6.17.0\",\"1255\":\"\\u4e1a\\u52a1\\u5c425.1.0-547-g99a552b_467-gb72295f_788-gea3b5d8\",\"1253\":\"\\u4e1a\\u52a1\\u5c425.1.0-540-g66e62a7_459-gd4e10ac_780-ge35aad3\",\"1251\":\"\\u4e1a\\u52a1\\u5c425.1.0-539-g1ed9df6_457-g79df2fb_773-gd692f79\",\"1248\":\"\\u4e1a\\u52a1\\u5c425.1.0-538-g67ab80f_455-g87f18f4_773-gd692f79\",\"1250\":\"vdi-guesttools-kvm-5.1.0-21-gb6f9124\",\"1247\":\"\\u540e\\u53f0\\u5305 1.6.16.0\",\"1246\":\"\\u540e\\u53f0\\u5305 1.6.15.0\",\"1243\":\"\\u4e1a\\u52a1\\u5c425.1.0-528-gd7cafff_445-gd303eaf_766-gc23b971\",\"1241\":\"\\u4e1a\\u52a1\\u5c425.1.0-527-gf2fa10c_442-g7e72d72_762-gad8684f\",\"1237\":\"\\u4e1a\\u52a1\\u5c425.1.0-523-g17c7d29_441-gbf425ef_759-g83f03e5\",\"1235\":\"\\u4e1a\\u52a1\\u5c425.1.0-517-g809d318_427-g374bca9_750-g92ba16b\",\"1234\":\"\\u540e\\u53f0\\u5305 1.6.14.0\",\"1232\":\"\\u4e1a\\u52a1\\u5c425.1.0-516-ga0d569a_425-g161942b_748-ge2ded33\",\"1231\":\"vdi-guesttools-kvm-5.1.0-18-g63bfbdd\",\"1229\":\"\\u4e1a\\u52a1\\u5c425.1.0-508-g9888c42_414-g73997ef_729-gc497b5a\",\"1228\":\"\\u540e\\u53f0\\u5305 1.6.13.0\",\"1225\":\"\\u4e1a\\u52a1\\u5c425.1.0-493-g2b8cce0_399-g71d1c0c_707-ge0fecbf\",\"1227\":\"linux 5.1.0-future\",\"1224\":\"linux guesttools 5.1.0.6\",\"1221\":\"\\u4e1a\\u52a1\\u5c425.1.0-486-g6573abb_395-ge0161eb_699-g0530cd4\",\"1223\":\"\\u540e\\u53f0\\u5305 1.6.12.0\",\"1218\":\"\\u4e1a\\u52a1\\u5c425.1.0-474-gf5a6bf7_384-g0c1198d_674-g1c2bda8\",\"1217\":\"vdi-guesttools-kvm-5.1.0-17-g6d8de9b\",\"1214\":\"\\u4e1a\\u52a1\\u5c425.1.0-468-g0fd4fb9_377-g1463642_648-g0438322\",\"1216\":\"\\u540e\\u53f0\\u5305 1.6.11.0\",\"1212\":\"\\u4e1a\\u52a1\\u5c425.1.0-453-g7c47aac_372-g751f1a4_638-g47f65d8\",\"1210\":\"\\u4e1a\\u52a1\\u5c425.1.0-452-g6408d6d_371-g7be778d_636-g5f04713\",\"1209\":\"\\u540e\\u53f0\\u5305 1.6.10.0\",\"1207\":\"\\u4e1a\\u52a1\\u5c425.1.0-450-gd8a2940_371-g7be778d_631-g4f6f2ee\",\"1206\":\"\\u540e\\u53f0\\u5305 1.6.9.0\",\"1204\":\"\\u4e1a\\u52a1\\u5c425.1.0-447-g6fd6a01_364-gb14dc80_626-g8ee2e21\",\"1202\":\"\\u4e1a\\u52a1\\u5c425.1.0-419-g3a0dc19_348-g52eb2dc_602-gf537ba8\",\"1201\":\"oe_teach_desktop_cloud-19-04-19-18-35-5.1.0-4-gd11b9d8\",\"1200\":\"\\u540e\\u53f0\\u5305 1.6.8.0\",\"1198\":\"\\u4e1a\\u52a1\\u5c425.1.0-408-gdd0516a_346-g390f284_599-g27bd4a1\",\"1196\":\"\\u4e1a\\u52a1\\u5c425.1.0-377-g9fcce84_325-g57f48c4_571-g84a65e4\",\"1194\":\"\\u4e1a\\u52a1\\u5c425.1.0-375-g4a44bff_324-g5e3d8ce_570-gdd93a5c\",\"1192\":\"\\u4e1a\\u52a1\\u5c425.1.0-374-g2ef0b25_324-g5e3d8ce_564-gfb2e85a\",\"1190\":\"\\u4e1a\\u52a1\\u5c425.1.0-374-g2ef0b25_324-g5e3d8ce_560-g42fdd62\",\"1189\":\"vdi-guesttools-kvm-5.1.0-14-g6f213d1\",\"1187\":\"\\u4e1a\\u52a1\\u5c425.1.0-369-gd3198dc_307-gc49032a_548-g0eb544a\",\"1186\":\"\\u540e\\u53f0\\u5305 1.6.7.0\",\"1185\":\"vdi-guesttools-kvm-4.6.0-24-g1fadbdc\",\"1184\":\"linux-client64-5.1.0-1-g2791401\",\"1183\":\"e-vdi-windows_client-5.1.0-1-g86bcef0\",\"1182\":\"\\u540c\\u65b9-tf_v2.0-_di_windows_client-4.6.0.0-31-g6950fd9\",\"1181\":\"\\u540c\\u65b9-vdi-guesttools-kvm-4.6.0-21-g2283a47\",\"1179\":\"\\u4e1a\\u52a1\\u5c425.1.0-365-g9cc6088_303-g81f8658_530-gfc3e4f2\",\"1178\":\"Android\\u6cdb\\u80545.1.0-2\",\"1176\":\"\\u4e1a\\u52a1\\u5c425.1.0-343-g7ee6b74_299-gfbcbc92_521-g1fa361e\",\"1171\":\"\\u4e1a\\u52a1\\u5c425.1.0-342-g6170f14_298-g2f31974_518-gc1a8b3c\",\"1174\":\"e-vdi-windows_client-5.1.0-2-g9ab242e\",\"1173\":\"vdi-guesttools-kvm-5.1.0-12-g0dd0561\",\"1170\":\"Android\\u6cdb\\u80545.1.0-1\",\"1169\":\"\\u540e\\u53f0\\u5305 1.6.6.0\",\"1167\":\"\\u4e1a\\u52a1\\u5c425.1.0-322-g519731e_284-g4614235_502-ga27fee6\",\"1165\":\"\\u4e1a\\u52a1\\u5c425.1.0-308-g28aa019_269-g51dae8b_493-gf32b2d0\",\"1163\":\"\\u4e1a\\u52a1\\u5c425.1.0-304-gc2e5a75_268-gdfedede_482-g3b66a82\",\"1136\":\"\\u4e1a\\u52a1\\u5c425.1.0-302-g5337520_261-gf8077ab_467-g1ea9f8d\",\"1160\":\"\\u540c\\u65b9\\u653f\\u4f014.6.0-future\",\"1158\":\"\\u540c\\u65b9\\u653f\\u4f014.6.0-188-gad3ca3e_308-gc7f3303_247-g9bffa42\",\"1157\":\"TopSEC_Terminal_Virtualization_System-19-03-21-17-02-4.6.0-79-g1ef90a8\",\"1155\":\"\\u540c\\u65b9\\u6559\\u80b24.6.0-future\",\"1154\":\"tf_v2.0_vdi_desktop-19-03-22-11-25-4.6.0-79-g1ef90a8\",\"1151\":\"\\u540c\\u65b9\\u6559\\u80b24.6.0-185-g6797aa6_308-gc7f3303_239-gc9ba4ea\",\"1147\":\"\\u540c\\u65b9\\u653f\\u4f014.6.0-188-gad3ca3e_308-gc7f3303_245-g6e9f013\",\"1146\":\"\\u540c\\u65b9\\u6559\\u80b24.6.0-185-g6797aa6_308-gc7f3303_238-g0edc684\",\"1149\":\"tf_v2.0_vdi_desktop-19-03-21-09-24-4.6.0-79-g1ef90a8\",\"1141\":\"\\u540c\\u65b9\\u653f\\u4f014.6.0-186-g766c31d_308-gc7f3303_240-gd845f83\",\"1140\":\"\\u540c\\u65b9\\u6559\\u80b24.6.0-185-g6797aa6_308-gc7f3303_233-gd00b9e5\",\"1144\":\"tf linux 4.6.0-future\",\"1143\":\"tf_v2.0-_di_windows_client-4.6.0.0-31-g6950fd9\",\"1142\":\"tf_v2.0_vdi_desktop-19-03-16-16-12-4.6.0-78-g608b16e\",\"1139\":\"\\u540c\\u65b9\\u653f\\u4f014.6.0-185-g6797aa6_306-g5a9c197_235-g37f3a13\",\"1138\":\"\\u540c\\u65b9\\u6559\\u80b24.6.0-185-g6797aa6_306-g5a9c197_228-g17baef3\",\"1131\":\"\\u4e1a\\u52a1\\u5c425.1.0-155-g8d1bb23_167-g265a314_397-g405bb7e\",\"1128\":\"\\u4e1a\\u52a1\\u5c425.1.0-127-g1f4ec25_161-g52651e8_378-ga8fdd91\",\"1130\":\"\\u540e\\u53f0\\u5305 1.6.3.0(\\u672a\\u53d1)\",\"1126\":\"\\u4e1a\\u52a1\\u5c425.1.0-100-g347f531_154-g82bd944_365-g08e952b\",\"1120\":\"\\u4e1a\\u52a1\\u5c425.1.0-100-g347f531_154-g82bd944_359-g870dc98\",\"1125\":\"vdi-guesttools-kvm-5.1.0-13-g887b694\",\"1118\":\"\\u4e1a\\u52a1\\u5c425.1.0-95-g0153ab0_149-g87a3dcf_345-g36d22e6\",\"1114\":\"\\u4e1a\\u52a1\\u5c425.1.0-95-g0153ab0_142-g04312b5_341-g165160b\",\"1112\":\"\\u4e1a\\u52a1\\u5c425.1.0-90-g4dd688d_128-g1d0bf36_331-g6682796\",\"1111\":\"\\u540e\\u53f0\\u5305 1.6.2.0\",\"1107\":\"\\u4e1a\\u52a1\\u5c425.1.0-90-g4dd688d_127-g1725ddd_320-g4674bc9\",\"1104\":\"\\u4e1a\\u52a1\\u5c425.1.0-86-g6a298cf_118-g5248b5b_294-g5c62efd\",\"1101\":\"\\u4e1a\\u52a1\\u5c425.1.0-86-g6a298cf_113-gee21324_287-g7affeb3\",\"1103\":\"\\u540e\\u53f0\\u5305 1.6.1.0\",\"1100\":\"\\u540e\\u53f0\\u5305 1.6.0.0\",\"1098\":\"\\u4e1a\\u52a1\\u5c425.1.0-84-gc1202ab_108-g8e1399e_276-g94212c9\",\"1096\":\"\\u4e1a\\u52a1\\u5c425.1.0-84-gc1202ab_107-g71f04b9_268-g3fad898\",\"1094\":\"\\u4e1a\\u52a1\\u5c425.1.0-83-g08bd1f1_106-g4e193df_267-g9ef1041\",\"1092\":\"\\u4e1a\\u52a1\\u5c425.1.0-83-g08bd1f1_105-g253ff20_267-g9ef1041\",\"1091\":\" Android\\u65b0\\u6cdb\\u80545.0.0-26\",\"1089\":\"\\u4e1a\\u52a1\\u5c425.1.0-83-g08bd1f1_105-g253ff20_265-g648e647\",\"1087\":\"\\u4e1a\\u52a1\\u5c425.1.0-81-g3a77666_102-g004b035_259-gc717aff\",\"1085\":\"\\u4e1a\\u52a1\\u5c425.1.0-79-gd589dd7_102-g004b035_248-g7897a5b\",\"1082\":\"\\u4e1a\\u52a1\\u5c425.1.0-75-g02e20d5_102-g004b035_241-g86fd1fd\",\"1011\":\"\\u4e1a\\u52a1\\u5c425.1.0-69-g0d7f26f_98-g3681a32_224-g9133f26\",\"1077\":\"Android\\u65b0\\u6cdb\\u8054\\\/AOC\\u4e00\\u4f53\\u673a5.0.0-25\",\"1075\":\"\\u5929\\u878d\\u4fe1\\u653f\\u4f014.6.0-189-g29decb5_306-g5a9c197_255-gf4970bf\",\"1076\":\"\\u5929\\u878d\\u4fe1\\u653f\\u4f014.6.0-future\",\"1072\":\"\\u5929\\u878d\\u4fe1\\u653f\\u4f014.6.0-189-g29decb5_306-g5a9c197_254-g27c7598\",\"1071\":\"\\u5929\\u878d\\u4fe1\\u653f\\u4f014.6.0-189-g29decb5_306-g5a9c197_248-g42a9ee6\",\"1070\":\"TOPSEC-vdi-windows_client-4.6.0-36-gc3699cf\",\"1066\":\"\\u5929\\u878d\\u4fe1\\u653f\\u4f014.6.0-189-g29decb5_306-g5a9c197_247-g52726e2\",\"1069\":\"TOPSEC-vdi-windows_client-4.6.0.0-35-g19f8264\",\"1065\":\"TOPSEC-vdi-windows_client-4.6.0-34-g75a27f9\",\"1052\":\"\\u5929\\u878d\\u4fe1\\u653f\\u4f014.6.0-189-g29decb5_306-g5a9c197_245-gaf2064f\",\"1063\":\"\\u540e\\u53f0\\u5305 1.5.1.0(\\u672a\\u53d1)\",\"1059\":\"\\u4e1a\\u52a1\\u5c425.0.1-future\",\"1055\":\"\\u4e1a\\u52a1\\u5c425.0.1-400-gb7cb741_397-g7e8a827_847-g3209b2c\",\"1058\":\"vdi-guesttools-kvm-4.6.0-16-g833b904\",\"1050\":\"\\u4e1a\\u52a1\\u5c425.0.1-400-gb7cb741_396-gd21b127_846-ge3d42ee\",\"1054\":\"TOPSEC-vdi-windows_client-4.6.0-33-gbe2c2d8\",\"1049\":\"\\u5929\\u878d\\u4fe1\\u653f\\u4f014.6.0-189-g29decb5_306-g5a9c197_236-g1211078\",\"1046\":\"\\u4e1a\\u52a1\\u5c425.0.1-400-gb7cb741_396-gd21b127_844-g19539c0\",\"1042\":\"\\u5929\\u878d\\u4fe1\\u653f\\u4f014.6.0-189-g29decb5_306-g5a9c197_234-g01e36b2\",\"1040\":\"\\u4e1a\\u52a1\\u5c425.0.1-399-gbfa47e4_395-g46bdb21_841-g8cb61ef\",\"1031\":\"\\u5929\\u878d\\u4fe1\\u653f\\u4f014.6.0-188-g5c349b1_306-g5a9c197_230-g5d6b87d\",\"1025\":\"\\u4e1a\\u52a1\\u5c425.0.0-397-g5dab74f_386-gb798555_837-g15e9620\",\"1039\":\"Android\\u6cdb\\u80545.0.0-23\",\"1038\":\"TOPSEC-vdi-windows_client-4.6.0.0-32-g3321f9d\",\"1037\":\"vdi-guesttools-kvm-5.1.0-7-g8e03e81\",\"1036\":\"TOPSEC-vdi-windows_client-4.6.0-31-g6950fd9.exe\",\"1035\":\"\\u540e\\u53f0\\u5305 1.5.0.0\",\"1030\":\"\\u5929\\u878d\\u4fe1\\u653f\\u4f014.6.0-188-g5c349b1_305-gb0a3ca9_223-gddaa4d7\",\"1021\":\"\\u4e1a\\u52a1\\u5c425.0.0-383-gc7b0651_373-g96c52b8_821-g8f6dd22\",\"1018\":\"\\u4e1a\\u52a1\\u5c425.0.0-383-gc7b0651_373-g96c52b8_818-g042853d\",\"1015\":\"\\u4e1a\\u52a1\\u5c425.0.0-383-gc7b0651_373-g96c52b8_816-g09756d8\",\"1006\":\"\\u4e1a\\u52a1\\u5c425.0.0-382-g7820297_373-g96c52b8_813-g965237f\",\"1002\":\"\\u4e1a\\u52a1\\u5c425.0.0-373-g4fd2593_362-gd0910dc_799-gd0ee42c\",\"1005\":\"1.4.30.0\",\"1000\":\"\\u4e1a\\u52a1\\u5c425.0.0-373-g4fd2593_362-gd0910dc_797-g54eda4b\",\"998\":\"(\\u5f03\\u7528)\\u4e1a\\u52a1\\u5c425.0.0-373-g4fd2593_362-gd0910dc_797-g54eda4b\",\"997\":\"e-vdi-windows_client-5.0.0-7-g419428a.exe\",\"993\":\"\\u4e1a\\u52a1\\u5c425.0.0-373-g4fd2593_356-g4aa18e3_795-ge60d99d\",\"992\":\"\\u540e\\u53f0\\u53051.4.26.0\",\"990\":\"\\u4e1a\\u52a1\\u5c425.0.0-373-g4fd2593_350-gcc71b97_788-ge3e0c8a\",\"988\":\"\\u4e1a\\u52a1\\u5c425.0.0-369-geb91e3c_343-g049e8f4_786-g60ce4de\",\"987\":\"guesttools 5.0.0-future\",\"985\":\"\\uff08\\u5f03\\u7528\\uff09\\u4e1a\\u52a1\\u5c425.0.0-369-geb91e3c_343-g049e8f4_786-g60ce4de\",\"984\":\"\\u540e\\u53f0\\u53051.4.24.0\",\"983\":\"\\u540e\\u53f0\\u53051.4.23.0\",\"981\":\"\\u4e1a\\u52a1\\u5c425.0.0-367-g7a0be77_325-ga424f75_780-gfde00da\",\"979\":\"\\u4e1a\\u52a1\\u5c425.0.0-365-g45fa8ea_321-g8ea52cc_772-g1f5afdd\",\"978\":\"linux 5.0.0-future\",\"976\":\"\\u4e1a\\u52a1\\u5c425.0.0-364-g2ac5feb_321-g8ea52cc_772-g1f5afdd\",\"973\":\"\\u4e1a\\u52a1\\u5c425.0.0-358-ga49d5cd_316-gf6c3400_766-g027dcf6\",\"971\":\"\\u4e1a\\u52a1\\u5c425.0.0-353-g41cb832_309-g3ccbea7_757-ge1240a9\",\"970\":\"Android AOC-5.0.0-22\",\"969\":\"Android\\u6cdb\\u80545.0.0-22\",\"967\":\"\\u4e1a\\u52a1\\u5c425.0.0-349-g1f95df6_301-gb3b6b73_753-g4da33fc\",\"966\":\"\\u540e\\u53f0\\u53051.4.20.0\",\"965\":\"\\u540e\\u53f0\\u53051.4.19.0\",\"963\":\"\\u4e1a\\u52a1\\u5c425.0.0-349-g1f95df6_300-ge44f7fa_751-gc0129b2\",\"962\":\"\\u4e1a\\u52a1\\u5c425.0.0-348-gd4238ad_298-g6f99fcb_747-g10b6dcc\",\"957\":\"\\u4e1a\\u52a1\\u5c425.0.0-347-g0737b85_290-gef4c9e5_738-g8f24452\",\"952\":\"\\u4e1a\\u52a1\\u5c425.0.0-345-gac5cb38_287-g5ce622e_718-gabbc852\",\"954\":\"e-vdi-windows_client-5.0.0-6-g9188047\",\"953\":\"Android\\u65b0\\u6cdb\\u8054-OE-4.6.0-36\",\"950\":\"oe_teach_desktop_cloud-5.0.0-11-g280fe22\",\"949\":\"vdi-guesttools-kvm-5.0.0-15-ga39cb88\",\"947\":\"\\u4e1a\\u52a1\\u5c425.0.0-340-ga0eec50_283-g7aee92e_710-g8ba22e2\",\"945\":\"\\u4e1a\\u52a1\\u5c425.0.0-334-g855b7e4_276-gd8450da_702-g9fa08d4\",\"944\":\"\\u4e1a\\u52a1\\u5c425.0.0-329-gdabf16d_274-g53d4585_697-g3ec1981\",\"942\":\"\\u540e\\u53f0\\u5305 1.4.18.0\",\"941\":\"\\u4e1a\\u52a1\\u5c425.0.0-320-gc8fa7f2_266-g824dae4_690-g854dc82\",\"939\":\"oe_teach_desktop_cloud-18-12-07-15-13-5.0.0-12-g9540d23\",\"935\":\"\\u4e1a\\u52a1\\u5c425.0.0-316-gaad2464_266-g824dae4_676-gad9b865\",\"938\":\"\\u540e\\u53f0\\u5305 1.4.17.0\",\"933\":\"Android\\u65b0\\u6cdb\\u8054-OE-4.6.0-35\",\"932\":\"Android\\u65b0\\u6cdb\\u8054-OE-4.6.0-34\",\"931\":\"\\u4e1a\\u52a1\\u5c425.0.0-307-gabc2eed_261-g6f2e5ad_660-g5e4d869\",\"928\":\"\\u4e1a\\u52a1\\u5c425.0.0-306-g27efa3b_250-g84a05a2_652-ge581fd8\",\"926\":\"Android \\u6cdb\\u8054 5.0.0-21\",\"925\":\"Android \\u6cdb\\u8054 5.0.0-20\",\"924\":\"Android aoc 5.0.0-20\",\"922\":\"\\u4e1a\\u52a1\\u5c425.0.0-302-g6da9859_243-g71fa28d_635-gfe7de30\",\"921\":\"vdi_patch_450_155_460_184_concurrent_boot_and_vmconnect_license\",\"920\":\"\\u540e\\u53f0\\u5305 1.3.44.0\",\"919\":\"\\u3010VDI\\u8865\\u4e01\\u3011vdi_patch_450_155_460_184_concurrent_boot_and_vmconnect_license\",\"918\":\"Android \\u6cdb\\u8054 5.0.0-12\",\"916\":\"\\u4e1a\\u52a1\\u5c425.0.0-297-gd07fed9_236-g3f6cf25_612-g0f460d7\",\"911\":\"\\u4e1a\\u52a1\\u5c425.0.0-289-gecb9e05_220-g32214fa_588-gc088549\",\"913\":\"vdi-guesttools-kvm-5.0.0-13-g7d517be\",\"910\":\"Android AOC-\\u540c\\u65b9OEM-4.6.0-33\",\"905\":\"\\u4e1a\\u52a1\\u5c425.0.0-281-g431727f_216-ga27213c_567-g7bde7a4\",\"909\":\"\\u4e1a\\u52a1\\u5c425.0.0-270-g0a5c637_210-gf987868_556-g82293cb\",\"886\":\"\\u4e1a\\u52a1\\u5c425.0.0-267-g0f3f4c6_209-g1d4f194_552-g40477fa\",\"904\":\"\\u540e\\u53f0\\u5305 1.4.6.0(\\u672a\\u53d1)\",\"903\":\"\\u540e\\u53f0\\u5305 1.4.5.0\",\"902\":\"\\u540e\\u53f0\\u5305 1.4.4.0\",\"901\":\"\\u540e\\u53f0\\u5305 1.4.3.0\",\"900\":\"hpvdi-4.6.0-74-g3b174a7-11050945-amd64\",\"899\":\"hpvdi-4.6.0-74-g3b174a7-10291544-amd64\",\"898\":\"\\u540e\\u53f0\\u5305 1.4.3.0 (\\u672a\\u53d1)\",\"897\":\"Android\\u65b0\\u6cdb\\u8054-\\u60e0\\u666e-4.4.2-237\",\"896\":\"Android \\u6770\\u4e91 5.0.0-11\",\"895\":\"Android\\u65b0\\u6cdb\\u8054-\\u60e0\\u666e-4.4.2-236\",\"894\":\"Android \\u6770\\u4e91 5.0.0-10\",\"893\":\"4.6.0\\u5347\\u7ea7-\\u8865\\u4e01\\u4fee\\u590d\\u5de5\\u5177\",\"892\":\"Android \\u6770\\u4e91 5.0.0-7\",\"891\":\" Android\\u65b0\\u6cdb\\u8054-\\u60e0\\u666e-4.4.2-235\",\"890\":\"hpvdi-4.6.0-73-gd22df46-10241401-amd64\",\"889\":\"Android\\u65b0\\u6cdb\\u8054-\\u60e0\\u666e-4.4.2-223-20181024\",\"888\":\"\\u540e\\u53f0\\u5305 1.3.43.0\",\"887\":\"Android \\u6cdb\\u8054 5.0.0-7\",\"883\":\"\\u4e1a\\u52a1\\u5c425.0.0-89-gdbf1ef5_109-g9be03e4_165-gbf7bd3f\",\"885\":\"Android aoc 5.0.0-7\",\"884\":\"Android aoc 5.0.0-6\",\"882\":\"Android-\\u6cdb\\u8054 5.0.0-5\",\"876\":\"\\u4e1a\\u52a1\\u5c425.0.0-85-g6adeaf9_99-g3bef200_165-gbf7bd3f\",\"881\":\"Android-\\u6cdb\\u8054 5.0.0-4\",\"880\":\"Android\\u65b0\\u6cdb\\u8054-OE-4.6.0-32\",\"879\":\"vdi-guesttools-kvm-5.0.0-3-g5968e9f.iso\",\"878\":\"AOC-5.0.0-3\",\"877\":\" Android\\u65b0\\u6cdb\\u8054-OE-4.6.0-31\",\"874\":\"\\u4e1a\\u52a1\\u5c425.0.0-83-gd667022_94-g66b5d74_160-g1e1a612\",\"875\":\"\\u540e\\u53f0\\u53051.3.42.0\",\"873\":\"Android\\u65b0\\u6cdb\\u8054-\\u60e0\\u666e-4.6.0-31\",\"870\":\"\\u4e1a\\u52a1\\u5c425.0.0-80-g96a58a7_88-g57f1ea5_154-ge892408\",\"872\":\"Android\\u65b0\\u6cdb\\u8054-\\u60e0\\u666e-4.6.0-30\",\"871\":\"Android\\u65b0\\u6cdb\\u8054-OE-4.6.0-30\",\"869\":\"Android\\u65b0\\u6cdb\\u80544.6.0-29\",\"868\":\"Android\\u65b0\\u6cdb\\u80544.6.0-28\",\"867\":\"\\u4e1a\\u52a1\\u5c425.0.0-autotest-180930\",\"866\":\"\\u4e1a\\u52a1\\u5c425.0.0-78-g9459674-147-g0d43213-70-g21f75d4\",\"865\":\"\\u4e1a\\u52a1\\u5c425.0.0-76-ge7831e8-138-g103d4de-61-gfa03cec\",\"864\":\"\\u4e1a\\u52a1\\u5c425.0.0-76--ge7831e8\",\"863\":\"\\u4e1a\\u52a1\\u5c425.0.0-76-g942dba2-g6c62198-gfafef86\",\"862\":\"\\u4e1a\\u52a1\\u5c425.0.0-g942dba2-g6f07e06-gfafef86\",\"861\":\"windows-client-future\",\"860\":\"Android vdi-5.0.0\",\"859\":\"\\u4e1a\\u52a1\\u5c425.0.0-g942dba2\",\"858\":\"\\u4e1a\\u52a1\\u5c425.0.0-68-ga3745ff_45-gc115d20_123-g5aeabfc\",\"857\":\"e-vdi-windows_client-5.0.0-3-g65a9142\",\"856\":\"\\u540c\\u65b9\\u4f01\\u4e1a\\u72484.6.0-185-g6797aa6_306-g5a9c197_231-g5812a28\",\"855\":\"\\u540c\\u65b9\\u6559\\u80b2\\u72484.6.0-future\",\"854\":\"beijing_tf_vdi_desktop-18-09-14-08-32-4.6.0-71-g4975797\",\"852\":\"\\u4e1a\\u52a1\\u5c425.0.0-65-gcd6f22e_44-g4cadba3_120-g2fe9dd0\",\"851\":\"\\u540c\\u65b9\\u4f01\\u4e1a\\u72484.6.0-185-g6797aa6_306-g5a9c197_230-g6fbb0d8\",\"853\":\"linux future\",\"850\":\"\\u540c\\u65b9\\u6559\\u80b2\\u72484.6.0-185-g6797aa6_306-g5a9c197_223-gc38fe51\",\"849\":\"\\u540e\\u53f0\\u5305 1.4.1.0\",\"848\":\"\\u4e1a\\u52a1\\u5c425.0.0-63-gf9b335e_40-g781cddd_110-g315baf2\",\"845\":\"\\u540c\\u65b9\\u4f01\\u4e1a\\u72484.6.0-185-g6797aa6_306-g5a9c197_227-g7399956\",\"847\":\"Android\\u540c\\u65b9OEM-4.6.0-26\",\"846\":\"\\u4e1a\\u52a1\\u5c425.0.0-58-g9cbb1b6_36-g4d1164a_103-g12dd187\",\"843\":\"\\u540c\\u65b9\\u6559\\u80b2\\u72484.6.0-185-g6797aa6_306-g5a9c197_222-ge634835\",\"844\":\"\\u540c\\u65b9\\u4f01\\u4e1a\\u72484.6.0-185-g6797aa6_306-g5a9c197_226-g70bd31c\",\"842\":\"\\u4e1a\\u52a1\\u5c425.0.0-56-g0d27a7d_29-geca5c96_99-g99ff382\",\"834\":\"\\u540c\\u65b9\\u6559\\u80b2\\u72484.6.0-185-g6797aa6_306-g5a9c197_220-g852d24d\",\"841\":\"oe_teach_desktop_cloud-18-09-07-10-21-5.0.0-2-g1ac50af\",\"840\":\"beijing_tf_vdi_desktop-18-09-07-11-26-4.6.0-70-g334f1f6\",\"839\":\"\\u540e\\u53f0\\u5305 1.4.0.0\",\"838\":\"\\u4e1a\\u52a1\\u5c425.0.0-54-g9f2ca3e_29-geca5c96_92-gd46615d\",\"837\":\"Android\\u540c\\u65b9OEM-4.6.0-25\",\"836\":\"e-vdi-windows_client-5.0.0-1-g0eaeadd\",\"835\":\"\\u4e1a\\u52a1\\u5c425.0.0-54-g9f2ca3e_28-g51d13a1_75-g131701f\",\"833\":\"\\u4e1a\\u52a1\\u5c425.0.0-54-g9f2ca3e_26-g49c3528_75-g131701f\",\"832\":\"Android\\u540c\\u65b9OEM-4.6.0-24\",\"831\":\"\\u667a\\u5fae8350_evdi-4.6.0-66-gfc5744a-08230034.bin\",\"828\":\"\\u540c\\u65b9\\u6559\\u80b2\\u72484.6.0-185-g6797aa6_305-gb0a3ca9_220-g852d24d\",\"829\":\"\\u5b9d\\u5fb74.6.0-185-g6797aa6_305-gb0a3ca9_220-gb6fdc14\",\"827\":\"\\u540c\\u65b9\\u6559\\u80b2\\u72484.6.0-185-g6797aa6_305-gb0a3ca9_217-g84b81c7\",\"826\":\"linux beijing_tf_vdi_desktop-18-08-30-16-13-4.6.0-68-g66ae533\",\"825\":\"tfsec-vdi-windows_client-4.6.0.0-30-g7ec033a\",\"824\":\"tongfangPC-vdi-windows_client-4.6.0.0-30-g7ec033a\",\"817\":\"\\u5b9d\\u5fb74.6.0-185-g6797aa6_305-gb0a3ca9_219-g2993a0e\",\"823\":\"baodePC-vdi-windows_client-4.6.0.0-30-g7ec033a\",\"822\":\"linux 4.6.0-future\",\"821\":\"linux-Powerleader_cloud_desktop-4.6.0-65-gbd6f957\",\"820\":\"windows-baodePC-vdi-windows_client-4.6.0.0-29-g0b4c2ec\",\"819\":\"evdi-4.6.0-66-gfc5744a-08270345.bin\",\"818\":\"hpvdi-4.6.0-66-gfc5744a-08241155\",\"816\":\"\\u5b9d\\u5fb74.6.0-184-ga2dcc50_305-gb0a3ca9_217-g5db212f\",\"815\":\"evdi-4.6.0-66-gfc5744a-08230034\",\"814\":\"Android AOC\\u65b0\\u4e00\\u4f53\\u673a4.6.0-23\",\"813\":\"Android\\u65b0\\u6cdb\\u80544.6.0-23\",\"811\":\"evdi-4.6.0-65-gbd6f957-08210705\",\"810\":\"VDI V5.0.0\\u6b63\\u5f0f\\u7248\",\"809\":\"\\u5929\\u878d\\u4fe1\\u4f01\\u4e1a\\u7248-4.6.0\",\"808\":\"Android AOC\\u65b0\\u4e00\\u4f53\\u673a4.6.0-21\",\"807\":\"Android\\u65b0\\u6cdb\\u80544.6.0-22\",\"806\":\"\\u5929\\u878d\\u4fe1\\u4f01\\u4e1a\\u72484.6.0-184-ga2dcc50_305-gb0a3ca9_219-gd15b115\",\"805\":\"\\u60e0\\u666e4.6.0-184-ga2dcc50_305-gb0a3ca9_219-g8a72396\",\"804\":\"hpvdi-4.6.0-65-gbd6f957-08211513\",\"803\":\"4.6.0-\\u5929\\u878d\\u4fe1\\u4f01\\u4e1a\\u7248-future\",\"792\":\"\\u60e0\\u666e4.6.0-184-ga2dcc50_305-gb0a3ca9_218-gee31bd4\",\"801\":\"thinpro\\u7aef-hpvdi-4.6.0-65-gbd6f957-08171735\",\"799\":\"Thinpro\\u7aef-hpvdi-4.6.0-63-gb831386-08040233\",\"798\":\"Thinpro\\u7aef-hpvdi-4.6.0-65-gbd6f957-08161636\",\"794\":\"linux 4.6.0-\\u60e0\\u666e-future\",\"791\":\"\\u5929\\u878d\\u4fe1\\u4f01\\u4e1a\\u72484.6.0-184-ga2dcc50_305-gb0a3ca9_218-gd158319\",\"789\":\"5.0.0-future\",\"788\":\"html-update-4.6.0-210-g73a4c8c.bin\",\"787\":\"Android\\u65b0\\u6cdb\\u80544.6.0-21\",\"786\":\"Android AOC\\u65b0\\u4e00\\u4f53\\u673a4.6.0-20\",\"785\":\" Android AOC\\u65b0\\u4e00\\u4f53\\u673a4.6.0-19\",\"755\":\"\\u60e0\\u666e4.6.0-184-ga2dcc50_305-gb0a3ca9_216-gc96921f\",\"784\":\"Android AOC\\u65b0\\u4e00\\u4f53\\u673a4.6.0-18\",\"783\":\"\\u5929\\u878d\\u4fe14.6.0\",\"771\":\"\\u5929\\u878d\\u4fe14.6.0-184-ga2dcc50_305-gb0a3ca9_214-g4af96cc\",\"781\":\"TOPSEC-vdi-windows_client-4.6.0.0-28-gb7cb899\",\"780\":\"linux-\\u5929\\u878d\\u4fe14.6.0-future\",\"779\":\"TOPSEC-vdi-windows_client-4.6.0.0-27-g311a520\",\"778\":\"linux TopSEC_Terminal_Virtualization_System-18-08-07-14-17-4.6.0-64-g77cb8d8\",\"777\":\"Android AOC\\u65b0\\u4e00\\u4f53\\u673a4.6.0-16\",\"776\":\"Android AOC\\u65b0\\u4e00\\u4f53\\u673a4.6.0-15\",\"775\":\"Android AOC\\u65b0\\u4e00\\u4f53\\u673a4.6.0-11\",\"773\":\"linux TopSEC_Terminal_Virtualization_System-4.6.0-63-gb831386\",\"772\":\"TOPSEC-vdi-windows_client-4.6.0.0-24-g3558754\",\"770\":\"\\u5929\\u878d\\u4fe14.6.0-184-ga2dcc50_305-gb0a3ca9_211-gdc574fb\",\"768\":\"Android\\u65b0\\u6cdb\\u80544.6.0-14\",\"766\":\"Android\\u65b0\\u6cdb\\u80544.6.0-12\",\"765\":\"\\u540e\\u53f0\\u5305 1.3.37.0\",\"763\":\" Linux\\u7aef-4.6.0-62-g4c5557a \\u60e0\\u666e\",\"762\":\"Android\\u65b0\\u6cdb\\u80544.6.0-12\",\"761\":\"VDI V4.6.0\\u6b63\\u5f0f\\u7248\",\"758\":\"e-vdi-windows_client-4.6.0.0-24-g3558754\",\"756\":\" huipu-vdi-windows_client-4.6.0.0-22-gd5fb886\",\"754\":\"Linux\\u7aef-4.6.0-58-g68e9d67-\\u60e0\\u666e\",\"753\":\"\\u60e0\\u666eOEM-4.6.0-58-g68e9d67\",\"751\":\"\\u60e0\\u666e4.6.0-184-ga2dcc50_305-gb0a3ca9_215-gab62468\",\"752\":\"Android\\u5ba2\\u6237\\u7aef4.6.0-13-\\u60e0\\u666e\",\"750\":\"\\u60e0\\u666e4.6.0-181-ge3fcb01_305-gb0a3ca9_213-g44f330b\",\"748\":\"\\u540e\\u53f0\\u5305 1.3.36.0\",\"746\":\"Android\\u65b0\\u6cdb\\u80544.6.0-11\",\"745\":\"vdi-guesttools-kvm-4.6.0-15-gf8ae335\",\"744\":\"4.6.0-181-ge3fcb01_305-gb0a3ca9_208-g43083f5\",\"742\":\"4.6.0-181-ge3fcb01_305-gb0a3ca9_205-ge4cb333\",\"741\":\"Android\\u65b0\\u6cdb\\u80544.6.0-10\",\"740\":\"e-vdi-windows_client-4.6.0.0-22-gd5fb886\",\"738\":\"linux\\u7aef-4.6.0-future\\u200b\",\"737\":\"vdi-guesttools-kvm-4.6.0-13-g9708cac\",\"733\":\"4.6.0-56-g6e77083\",\"732\":\"4.6.0-181-ge3fcb01_305-gb0a3ca9_203-gb827f94\",\"736\":\"Android\\u65b0\\u6cdb\\u80544.6.0-9\",\"734\":\"\\u540e\\u53f0\\u5305 1.3.35.0\",\"728\":\"linux\\u7aef-4.6.0-55-g031bdba\",\"731\":\"\\u540e\\u53f0\\u5305 1.3.34.0\",\"730\":\"4.6.0-180-gf1f6947_303-g29259ba_200-g9a44cec\",\"729\":\"Android\\u65b0\\u6cdb\\u80544.6.0-7\",\"727\":\"vdi-guesttools-kvm-4.6.0-12-ga0e6648\",\"726\":\"\\u540e\\u53f0\\u5305 1.3.33.0\",\"723\":\"4.6.0-179-gb2dd976_302-g8585915_197-g7b54a52\",\"715\":\"linux\\u7aef 4.6.0-51-gc63f080\",\"724\":\"vdi-guesttools-kvm-4.6.0-11-gf7f38fe\",\"722\":\"e-vdi-windows_client-4.6.0.0-19-g78d9142\",\"721\":\"Android\\u65b0\\u6cdb\\u80544.6.0-6\",\"714\":\"4.6.0-174-ga0e74d6_301-g5e1455f_195-gbd7197a\",\"719\":\"guesttool-future\",\"718\":\"\\u540e\\u53f0\\u5305 1.3.32.0\",\"717\":\"\\u540e\\u53f0\\u5305 1.3.31.0\",\"716\":\"e-vdi-windows_client-4.6.0.0-18-ge084329\",\"713\":\"linux\\u7aef 4.6.0-49-g36f4a8e\",\"712\":\"linux\\u7aef 4.6.0-48-g59060c0\",\"711\":\"linux\\u7aef-4.6.0-47-g78f47f2\",\"710\":\"4.6.0-168-g734d511_295-g9f5312d_186-g9e90615\",\"709\":\"Android\\u65b0\\u6cdb\\u80544.6.0-5\",\"708\":\"vdi-guesttools-kvm-4.6.0-10-ge883ff6\",\"707\":\"4.6.0-164-g7d33a81_289-g0c13648_178-g44f921a\",\"706\":\"e-vdi-windows_client-4.6.0.0-17-gbf2b0b3\",\"704\":\"4.6.0-159-g468946f_282-g87ec489_166-g9d6b6e8\",\"703\":\"\\u540e\\u53f0\\u5305 1.3.30.0\",\"702\":\"\\u540e\\u53f0\\u5305 1.3.29.0\",\"701\":\"4.6.0-158-g1e7c63f_276-g007eb09_163-g1420a27\",\"700\":\"linux\\u7aef 4.6.0-44-gb03c494\",\"699\":\"\\u4e94\\u821f4.5.0-future\",\"697\":\"\\u4e94\\u821f4.5.0-169-ge11630f_126-g44484dc_231-gba340d8\",\"696\":\"4.6.0-156-g8cb555b_273-g5dcfe8a_163-g1420a27\",\"684\":\"\\u4e94\\u821f4.5.0-169-ge11630f_126-g44484dc_229-gc68139f\",\"695\":\"\\u540e\\u53f0\\u5305 1.3.28.0\",\"689\":\"4.6.0-148-gf8fb21c_272-g908e358_159-g1268e64\",\"694\":\"\\u65b0\\u6cdb\\u80544.6.0-4\",\"690\":\"\\u540e\\u53f0\\u5305 1.3.27.0\",\"688\":\"vdi-guesttools-kvm-4.6.0-9-g04ee459\",\"687\":\"4.6.0-145-gc445022_263-g7113500_155-gb8d6f44\",\"685\":\"e-vdi-windows_client-4.6.0.0-16-g75de656\",\"681\":\"4.6.0-143-gdcfdb05_255-gd7dd5e8_150-gbbfb25b\",\"683\":\"qemu-kvm-ev-debuginfo-2.10.0-21.el7_5.3.1.1011.x86_64.rpm\",\"678\":\"\\u540e\\u53f0\\u5305 1.3.26.0\",\"676\":\"\\u540e\\u53f0\\u5305 1.3.24.0\",\"675\":\"\\u540e\\u53f0\\u5305 1.3.23.0\",\"674\":\"\\u540e\\u53f0\\u5305 1.3.22.0\",\"673\":\"4.6.0-142-g7f42bb6_254-g2a4070f_147-g62a0ea0\",\"661\":\"\\u4e94\\u821f4.5.0-169-ge11630f_126-g44484dc_227-g8aa8a67\",\"668\":\"4.6.0-138-gada1fec_250-g5338757_146-g05ef750\",\"670\":\"e-vdi-windows_client-4.6.0.0-14-g241e28f\",\"669\":\"\\u7e41\\u4f534.5.0-169-ge11630f_126-g44484dc_205-gdb7a919\",\"667\":\"e-vdi-windows_client-4.6.0.0-12-g508d773\",\"657\":\"4.6.0-135-g9bd7cbc_247-g42ea9c4_139-gc06c0ef\",\"666\":\"\\u7e41\\u4f534.5.0-169-ge11630f_126-g44484dc_204-g2c157fb\",\"665\":\"\\u540e\\u53f0\\u5305 1.3.21.0\",\"664\":\"ACCTC-VDesktop-Windows_Client-4.5.0.0-18-gb46db44\",\"663\":\"\\u540e\\u53f0\\u5305 1.3.20.0\",\"660\":\"\\u4e94\\u821f4.5.0-169-ge11630f_126-g44484dc_225-g0bccfbb\",\"659\":\"vdi-windows_client-4.6.0.0-10-g12a8c59\",\"658\":\"e-vdi-windows_client-4.6.0.0-10-g12a8c59\",\"656\":\"\\u7e41\\u4f534.5.0-169-ge11630f_126-g44484dc_202-g574f025\",\"652\":\"4.6.0-130-g2c58f8a_235-gd37bbb3_134-g30b88cb\",\"655\":\"ACCTC-VDesktop-Windows_Client-4.5.0.0-17-g89eaa5d\",\"653\":\"\\u7e41\\u4f534.5.0-168-g1960c09_126-g44484dc_198-gb61ba82\",\"651\":\"4.6.0-127-gb291d7d_229-g6db32c8_128-ga0d19db\",\"650\":\"4.6.0-122-g87b21a7_227-g5728630_127-g2f0c1ec\",\"646\":\"\\u7e41\\u4f534.5.0-165-g31484e9_126-g44484dc_197-g9c76b83\",\"647\":\"4.6.0-121-g6285c10_223-g2999157_125-g852a650\",\"649\":\"client64-4.6.0-42-g0bf4195.bin\",\"648\":\"e-vdi-windows_client-4.6.0.0-8-gafd0e97\",\"642\":\"4.6.0-114-g8a49c95_220-g2d06143_119-gc185582\",\"615\":\"\\u7e41\\u4f534.5.0-163-ge2cf03c_126-g44484dc_194-ga6974ba\",\"644\":\"guesttools-4.6.0-future\",\"643\":\"e-vdi-windows_client-4.6.0.0-7-g7a23c36\",\"639\":\"4.6.0-113-gf434ed3_209-g89c574f_111-g5d6403c\",\"640\":\"linux\\u7aef 4.6.0-40-g6d3e1e2\",\"638\":\"vdi-guesttools-kvm-4.6.0.0-7-gdd63a03\",\"637\":\"linux\\u7aef 4.6.0-27-g4ec1efd\",\"636\":\"e-vdi-windows_client-4.6.0.0-6-ga33b431\",\"633\":\"4.6.0-109-g0fccb6f_207-gde8e9c4_108-g7163ef5\",\"632\":\"4.6.0-108-g1990ca9_205-gd482ed2_100-gd8f81bc\",\"631\":\"vdi-guesttools-kvm-4.6.0.0-6-g4bb8872\",\"629\":\"4.6.0-107-gcd1177e_204-gcf8d834_100-gd8f81bc\",\"628\":\"4.6.0-106-g1f8b093_195-ge3352d7_88-gbb57765\",\"627\":\"vdi-guesttools-kvm-4.6.0.0-5-g8632bba\",\"626\":\"\\u540e\\u53f0\\u5305 1.3.18.0\",\"625\":\"\\u540e\\u53f0\\u5305 1.3.17.0\",\"624\":\"\\u540e\\u53f0\\u5305 1.3.16.0\",\"623\":\"\\u540e\\u53f0\\u5305 1.3.15.0\",\"622\":\"\\u540e\\u53f0\\u5305 1.3.14.0\",\"621\":\"\\u540e\\u53f0\\u5305 1.3.13.0\",\"620\":\"\\u540e\\u53f0\\u5305 1.3.12.0\",\"619\":\"\\u540e\\u53f0\\u5305 1.3.11.0\",\"618\":\"\\u540e\\u53f0\\u5305 1.3.10.0\",\"617\":\"\\u540e\\u53f0\\u5305 1.3.9.0\",\"616\":\"4.6.0-106-g1f8b093_195-ge3352d7_85-g84c2200\",\"614\":\"4.6.0-98-g862bda3_192-g0aee837_81-g5828efb\",\"608\":\"\\u7e41\\u4f534.5.0-155-g1632586_126-g44484dc_193-g7381214\",\"611\":\"vdi-guesttools-kvm-4.6.0.0-4-g65f903c\",\"610\":\"fedora\\u7aef4.5.0-17\",\"609\":\"4.6.0-94-g8f90579_186-g5024dbe_73-gb27f994\",\"607\":\"4.6.0-86-g980c5da_178-g65ebe17_61-gc5ed702\",\"605\":\"\\u6b66\\u6c49\\u8f7b\\u5de54.5.0-155-g1632586_126-g44484dc_198-g16c8b37\",\"606\":\"Android\\u7aef4.6.0-4-d5f9f4d\\u540c\\u65b9OEM\\u7248\\u672c\",\"604\":\"\\u6b66\\u6c49\\u8f7b\\u5de54.5.0-155-g1632586_126-g44484dc_194-gef9e9f0\",\"602\":\"4.6.0-78-gf0dc3fe_164-gd4e4ed1_46-gb003596\",\"601\":\"Android\\u7aef4.6.0-3-2955932\\u540c\\u65b9OEM\\u7248\\u672c\",\"600\":\"\\u540e\\u53f0\\u5305 1.3.8.0\",\"599\":\"4.6.0-75-gb131ce4_163-g1ca93c4_46-gb003596\",\"598\":\"Android\\u7aef4.6.0-2-2955932\\u540c\\u65b9OEM\\u7248\\u672c\",\"597\":\"\\u540e\\u53f0\\u5305 1.3.7.0\",\"591\":\"4.6.0-75-gb131ce4_163-g1ca93c4_41-g9569d86\",\"590\":\"4.6.0-68-g3dad10c_160-g2aafecc_26-gb8778a1\",\"589\":\"Android\\u7aef4.6.0-1-dd89fe3\\u65b0AOC\\u4e00\\u4f53\\u673a\",\"588\":\"Android\\u7aef4.6.0-1-dd89fe3\\u6cdb\\u8054\",\"587\":\"Android\\u7aef4.6.0-1-dd89fe3\\u540c\\u65b9OEM\\u7248\\u672c\",\"585\":\"\\u60e0\\u666e4.5.0-155-g1632586_126-g44484dc_206-g1afdbd1\",\"584\":\"4.6.0-66-g240310f_153-g8ba3b34_20-gb4965f2\",\"583\":\"4.6.0-59-gd6d0d8b_146-g61edc0a_17-gac1ce39\",\"578\":\"4.6.0-57-g907d2e1_141-ge961c04_17-gac1ce39\",\"577\":\"\\u540e\\u53f0\\u5305 1.3.3.0\",\"574\":\"4.6.0-56-g985d5c2_133-g0f368cf_17-gac1ce39\",\"572\":\"vdi-guesttools-kvm-4.6.0.0-2-g40808f7\",\"570\":\"4.6.0-55-gdf1c779_124-gab1f782_14-gcd289ae\",\"569\":\"\\u60e0\\u666e4.5.0-155-g1632586_126-g44484dc_201-gaa85670\",\"567\":\"\\u540e\\u53f0\\u5305 1.3.2.0\",\"564\":\"4.6.0-55-gdf1c779_117-gd84e696_11-g6f9c056\",\"560\":\"\\u540e\\u53f0\\u5305 1.3.1.0\",\"559\":\"4.6.0-50-g901f320_113-g62473ad_9-gbeda6eb\",\"556\":\"4.6.0-44-gaf47f3b_104-g7a77acf_5-g3fec372\",\"555\":\"4.6.0\\u63d0\\u524d\\u4ecb\\u5165\\u6d4b\\u8bd5\\u7248\\u672c\",\"536\":\"4.6.0-43-g7f7c1f3_98-g223264a_3-g0706339\",\"553\":\" android-4.4.3-44-hp-update\",\"552\":\"android-4.5.0-44\",\"547\":\" android-4.4.3-43-hp-update\",\"546\":\"android-4.4.3-41-hp-img\",\"544\":\"\\u6559\\u80b2\\u4e914.5.0-155-g1632586_126-g44484dc_204-gfaad1ff\",\"541\":\"tfsec-vdi-windows_client-4.5.0.0-15-g44f426b\",\"540\":\"\\u6559\\u80b2\\u4e914.5.0-155-g1632586_126-g44484dc_203-ge63b742\",\"539\":\"\\u4e91\\u529e\\u516c4.5.0-155-g1632586_126-g44484dc_201-g6aad9fa\",\"538\":\"android-4.4.3-42-hp-update\",\"537\":\"tongfangPC-vdi-windows_client-4.5.0.0-14-g1d2b232\",\"535\":\"tongfangPC-vdi-windows_client-4.5.0.0-15-g44f426b\",\"534\":\"\\u4e91\\u529e\\u516c4.5.0-155-g1632586_126-g44484dc_200-gf1cf299\",\"533\":\"\\u6559\\u80b2\\u4e914.5.0-155-g1632586_126-g44484dc_197-gfc62e08\",\"531\":\"4.5.0-155-g1632586_126-g44484dc_197-gfc62e08\",\"530\":\"linux\\u7aef 4.5.0-20-g85bdbb8\\u540c\\u65b9OEM\\u7248\",\"528\":\"android-4.5.0-27\",\"527\":\"4.5.0-155-g1632586_126-g44484dc_195-gc909449\",\"526\":\"tfsec-vdi-windows_client-4.5.0.0-14-g1d2b232\",\"525\":\"tfsec-vdi-windows_client-4.5.0.0-13\",\"524\":\"tongfang-4.5.0-194-g3a22bad\",\"523\":\"linux\\u7aef 4.5.0-18-gc57f018 \\u540c\\u65b9OEM\\u7248\",\"522\":\"tfsec-vdi-windows_client-4.5.0.0-13-g373bcb8\",\"521\":\"4.5.0-155-g1632586_126-g44484dc_194-g3a22bad\",\"519\":\"android-4.4.3-41\",\"518\":\"android-4.5.0-25\",\"517\":\"24\",\"516\":\"\\u540e\\u53f0\\u5305 1.2.22.0 (OEM)\",\"515\":\"4.5.0-155-g1632586-126-g44484dc-189-g11fe44b\",\"514\":\"4.5.0-23\",\"512\":\"4.5.0-15-gb96d764\",\"511\":\"4.5.0-future\",\"509\":\"4.5.0-155-g1632586_126-g44484dc_190-gdfde627\",\"508\":\"android-4.5.0-22\",\"507\":\"flashredirect-201804031950-4.4.3.49\",\"506\":\"\\u540e\\u53f0\\u5305 1.2.22.0(\\u91cd\\u53d1)\",\"505\":\"\\u76f4\\u63a5\\u4fee\\u6539iso\\u6ca1\\u6709\\u7248\\u672c\",\"504\":\"vdi-guesttools-kvm-4.5.0-21-g689aea2\",\"503\":\"android-4.5.0-21\",\"499\":\"4.5.0-153-gea1ef98_125-g37ac382_190-gdfde627\",\"500\":\"4.5.0-13-gf26accf\",\"498\":\"4.5.0-149-g127fa62_118-g2581594_188-ga4be1a6\",\"497\":\"\\u540e\\u53f0\\u5305 1.2.22.0\",\"496\":\"4.5.0-145-gd73ee48_113-gc299806_188-ga4be1a6\",\"495\":\"android-4.5.0-19\",\"494\":\"4.5.0-145-gd73ee48_113-gc299806_186-g827a46a\",\"493\":\"vdi-guesttools-kvm-4.5.0-19-geac3d49\",\"492\":\"\\u540e\\u53f0\\u5305 1.2.21.0\",\"491\":\"4.5.0-145-gd73ee48_110-gff2a8ef_183-gfe2a228\",\"488\":\"4.5.0-139-g608a642_106-g0e548f8_177-g22149fc\",\"490\":\"\\u540e\\u53f0\\u5305 1.2.20.0\",\"489\":\"android-4.5.0-16\",\"487\":\"V4.5.0-131-g6ed71da\",\"486\":\"4.5.0-15\",\"485\":\"e-vdi-windows_client-4.5.0.0-8-g1635ac1\",\"484\":\"vdi-guesttools-kvm-4.5.0-18-g63e475a\",\"483\":\"4.5.0-133-g52c6408_101-g3a4551e_169-g65cd8ab\",\"480\":\"4.5.0-131-g6ed71da_101-g3a4551e_169-g65cd8ab\",\"482\":\"flashredirect-201804031950-4.4.3.45\",\"481\":\"android-4.5.0-12\",\"479\":\"android-4.5.0-10\",\"478\":\"4.5.0-124-g09ad110_101-g3a4551e_162-gebfc93f\",\"477\":\"\\u540e\\u53f0\\u5305 1.2.19.0\",\"476\":\"4.4.3-36\",\"475\":\"oe-vdi-wuzhou-oem-html-update-4.4.3-337-g83524b7\",\"474\":\"4.5.0-124-g09ad110_101-g3a4551e_159-g6f0d787\",\"473\":\"\\u540e\\u53f0\\u5305 1.2.18.0\",\"472\":\"e-vdi-windows_client-4.5.0.0-1-gbbca0c2\",\"471\":\"4.4.3-109-g0714b1d\",\"470\":\"\\u540e\\u53f0\\u5305 1.2.17.0\",\"469\":\"flashredirect-201803301538-4.4.3.32\",\"468\":\"vdi-guesttools-kvm-4.5.0-16-g0f377d0\",\"467\":\"4.5.0-120-g443a766_101-g3a4551e_154-ge338339\",\"466\":\"4.5.0-119\",\"465\":\"linux fedora\\u7aef 4.5.0-10-g4931194\",\"464\":\"4.5.0-118-g8aeee94_101-g3a4551e_150-g7fa368c\",\"463\":\"\\u540e\\u53f0\\u5305 1.2.16.0\",\"462\":\"4.5.0-113-ge826c54_99-g80431ce_147-gb29ee69\",\"461\":\"4.5.0-6\",\"460\":\"4.5.0-5-90091cc\",\"459\":\"flashredirect-201803280947-4.4.3.23\",\"458\":\"\\u540e\\u53f0\\u5305 1.2.15.0\",\"457\":\"vdi-guesttools-kvm-4.5.0-15-ga743568\",\"456\":\"4.5.0-111-g13b96dc_99-g80431ce_147-gb29ee69\",\"455\":\"\\u540e\\u53f0\\u5305 1.2.14.0\",\"454\":\"\\u540e\\u53f0\\u5305 1.2.13.0\",\"453\":\"4.5.0-106-g7983ca5_96-gf1b3bc1_147-gb29ee69\",\"452\":\"4.4.3-108-g0777510\",\"451\":\"4.5.0-5\",\"450\":\"4.5.0-103-g701d4fd_93-gb38a49d_138-g057a02f\",\"449\":\"4.5.0-4\",\"448\":\"4.5.0-87-g10cba80_89-g9a788a1_135-g444d8fa\",\"447\":\"\\u540e\\u53f0\\u5305 1.2.12.0\",\"446\":\"4.5.0-80-g1faed92_86-g22cc2b2_133-gf691d5d\",\"445\":\"e-vdi-windows_client-4.4.3-38-gd560217\",\"444\":\"wuzhou-vdi-windows_client-4.4.3-40-g11e5623.exe\",\"443\":\"4.4.3-209-gd2c6f6f\",\"442\":\"wuzhou-vdi-windows_client-4.4.3-39-g3d407463\",\"440\":\"4.5.0-3\",\"439\":\"4.5.0-10\",\"438\":\"\\u540e\\u53f0\\u5305 1.2.11.0\",\"437\":\"4.5.0-78-gbecc8af_86-g22cc2b2_131-g4fed0dd\",\"436\":\"vdi-guesttools-kvm-4.5.0-9-gd15bc58\",\"435\":\"wuzhou-vdi-windows_client-4.4.3-40-g11e5623\",\"434\":\"vdi-guesttools-kvm-4.5.0-8-gb1a7314\",\"433\":\"4.5.0-73-g170f9a1_83-g56c5393_126-g8d62cab\",\"432\":\"4.5.0-69-g0d6b3c6_79-g92b1226_126-g8d62cab\",\"431\":\"4.5.0-66-g4e2440c_74-gedcdc5d_126-g8d62cab\",\"430\":\"4.5.0-62-g22d06e6_64-g347fb02_121-gf9376aa\",\"429\":\"huipu-oem-4.4.3-207-gffc0c9b_392-g1521004_364-gf313856\",\"428\":\"Linux\\u7aef-4.5.0-7-g19cd0ab\",\"427\":\"oe-vdi-huipu-oem-html-update-4.4.3-364-gf313856.bin\",\"426\":\"huipu-oem-4.4.3-207-gffc0c9b_392-g1521004_362-gc9668f2\",\"425\":\"4.5.0-61-g8059f36_60-gc3da5cd_115-g847688b\",\"424\":\"\\u540e\\u53f0\\u5305 1.2.10.0\",\"423\":\"\\u540e\\u53f0\\u5305 1.2.9.0\",\"422\":\"\\u540e\\u53f0\\u5305 1.2.8.0\",\"421\":\"\\u540e\\u53f0\\u5305 1.2.7.0\",\"420\":\"vdi-guesttools-kvm-4.5.0-7-gc223c93\",\"419\":\"huipu-vdi-windows_client-4.4.3-39-g3d40746\",\"418\":\"4.5.0-54-gfd3775d_50-g6023cd9_109-g9748f90\",\"417\":\"\\u540e\\u53f0\\u5305 1.2.6.0\",\"416\":\"\\u540e\\u53f0\\u5305 1.2.5.0\",\"415\":\"4.5.0-51-gb0d0686_43-g705f905_100-gb758d0c\",\"414\":\"html-4.5.0-95-ga0cb9dd\",\"413\":\"agent-4.5.0-37-gfc71d43\",\"412\":\"console-4.5.0-48-g77b833b\",\"407\":\"vdi-guesttools-kvm-4.5.0-6-g6df1c97\",\"405\":\"4.4.3-21\",\"411\":\"html-4.5.0-87-g0bfe661\",\"410\":\"agent-4.5.0-34-gd4a966c\",\"409\":\"console-4.5.0-39-gfa644e9\",\"404\":\"4.5.0-dev\",\"403\":\"4.5.5-dev\",\"402\":\"1.1.19\",\"401\":\"4.4.3-207-gffc0c9b\",\"399\":\"VDI\\u63d0\\u524d\\u6d4b\\u8bd5\\u7248\\u672c\",\"304\":\"VDI V4.4.3\\u6b63\\u5f0f\\u7248\",\"295\":\"V4.4.3-R1\",\"294\":\"VDI V4.4.3-R1\",\"303\":\"VDI V4.4.2-R2\\u6b63\\u5f0f\\u7248\",\"302\":\"VDI V4.4.2-R1\\u6b63\\u5f0f\\u7248\",\"301\":\"VDI V4.4.1-R2\\u6b63\\u5f0f\\u7248\",\"300\":\"VDI V4.4.1-R1\\u6b63\\u5f0f\\u7248\",\"299\":\"VDI V4.4.0\\u6b63\\u5f0f\\u7248\",\"282\":\"VDI V4.3.1\\u6b63\\u5f0f\\u7248\",\"276\":\"VDI V4.3.0\\u6b63\\u5f0f\\u7248\"},\"preAndNext\":{\"pre\":\"\",\"next\":\"\"},\"pager\":null}","md5":"22a1bef85e696954ceca8e0c72274a5c"}