{"status":"success","data":"{\"title\":\"\\u7ec4\\u7ec7\\u89c6\\u56fe\\u9996\\u9875::\\u90e8\\u95e8\\u7ed3\\u6784\",\"users\":[{\"id\":\"1\",\"dept\":\"0\",\"account\":\"admin\",\"realname\":\"admin\",\"role\":\"\",\"nickname\":\"\",\"commiter\":\"\",\"avatar\":\"\",\"birthday\":\"0000-00-00\",\"gender\":\"f\",\"email\":\"\",\"skype\":\"\",\"qq\":\"\",\"yahoo\":\"\",\"gtalk\":\"\",\"wangwang\":\"\",\"mobile\":\"\",\"phone\":\"\",\"weixin\":\"\",\"dingding\":\"\",\"slack\":\"\",\"whatsapp\":\"\",\"address\":\"\",\"zipcode\":\"\",\"join\":\"0000-00-00\",\"visits\":\"1937\",\"ip\":\"172.16.54.1\",\"last\":\"1615771189\",\"fails\":\"0\",\"locked\":\"0000-00-00 00:00:00\",\"feedback\":\"0\",\"ranzhi\":\"\",\"score\":\"38\",\"scoreLevel\":\"38\",\"deleted\":\"0\",\"clientStatus\":\"offline\",\"clientLang\":\"zh-cn\"},{\"id\":\"2\",\"dept\":\"1\",\"account\":\"zlxing\",\"realname\":\"\\u66fe\\u4e3d\\u661f\",\"role\":\"pm\",\"nickname\":\"\",\"commiter\":\"\",\"avatar\":\"\",\"birthday\":\"0000-00-00\",\"gender\":\"m\",\"email\":\"zlxing@os-easy.com\",\"skype\":\"\",\"qq\":\"\",\"yahoo\":\"\",\"gtalk\":\"\",\"wangwang\":\"\",\"mobile\":\"\",\"phone\":\"\",\"weixin\":\"\",\"dingding\":\"\",\"slack\":\"\",\"whatsapp\":\"\",\"address\":\"\",\"zipcode\":\"\",\"join\":\"0000-00-00\",\"visits\":\"299\",\"ip\":\"172.16.56.2\",\"last\":\"1615173479\",\"fails\":\"0\",\"locked\":\"0000-00-00 00:00:00\",\"feedback\":\"0\",\"ranzhi\":\"\",\"score\":\"14\",\"scoreLevel\":\"14\",\"deleted\":\"0\",\"clientStatus\":\"offline\",\"clientLang\":\"zh-cn\"},{\"id\":\"4\",\"dept\":\"1\",\"account\":\"ruanzelin\",\"realname\":\"\\u962e\\u6cfd\\u6797\",\"role\":\"dev\",\"nickname\":\"\",\"commiter\":\"\",\"avatar\":\"\",\"birthday\":\"0000-00-00\",\"gender\":\"m\",\"email\":\"ruanzelin@os-easy.com\",\"skype\":\"\",\"qq\":\"\",\"yahoo\":\"\",\"gtalk\":\"\",\"wangwang\":\"\",\"mobile\":\"\",\"phone\":\"\",\"weixin\":\"\",\"dingding\":\"\",\"slack\":\"\",\"whatsapp\":\"\",\"address\":\"\",\"zipcode\":\"\",\"join\":\"0000-00-00\",\"visits\":\"293\",\"ip\":\"172.16.81.161\",\"last\":\"1615356782\",\"fails\":\"0\",\"locked\":\"0000-00-00 00:00:00\",\"feedback\":\"0\",\"ranzhi\":\"\",\"score\":\"0\",\"scoreLevel\":\"0\",\"deleted\":\"0\",\"clientStatus\":\"offline\",\"clientLang\":\"zh-cn\"},{\"id\":\"7\",\"dept\":\"1\",\"account\":\"sunjun\",\"realname\":\"\\u5b59\\u4fca\",\"role\":\"dev\",\"nickname\":\"\",\"commiter\":\"\",\"avatar\":\"\",\"birthday\":\"0000-00-00\",\"gender\":\"m\",\"email\":\"sunjun@os-easy.com\",\"skype\":\"\",\"qq\":\"\",\"yahoo\":\"\",\"gtalk\":\"\",\"wangwang\":\"\",\"mobile\":\"\",\"phone\":\"\",\"weixin\":\"\",\"dingding\":\"\",\"slack\":\"\",\"whatsapp\":\"\",\"address\":\"\",\"zipcode\":\"\",\"join\":\"0000-00-00\",\"visits\":\"570\",\"ip\":\"172.16.72.13\",\"last\":\"1615546071\",\"fails\":\"0\",\"locked\":\"0000-00-00 00:00:00\",\"feedback\":\"0\",\"ranzhi\":\"\",\"score\":\"14\",\"scoreLevel\":\"14\",\"deleted\":\"0\",\"clientStatus\":\"offline\",\"clientLang\":\"zh-cn\"},{\"id\":\"10\",\"dept\":\"1\",\"account\":\"yizhongyin\",\"realname\":\"\\u7fbf\\u4e2d\\u5f15\",\"role\":\"dev\",\"nickname\":\"\",\"commiter\":\"\",\"avatar\":\"\",\"birthday\":\"0000-00-00\",\"gender\":\"m\",\"email\":\"yizhongyin@os-easy.com\",\"skype\":\"\",\"qq\":\"\",\"yahoo\":\"\",\"gtalk\":\"\",\"wangwang\":\"\",\"mobile\":\"\",\"phone\":\"\",\"weixin\":\"\",\"dingding\":\"\",\"slack\":\"\",\"whatsapp\":\"\",\"address\":\"\",\"zipcode\":\"\",\"join\":\"0000-00-00\",\"visits\":\"379\",\"ip\":\"172.16.73.2\",\"last\":\"1613639165\",\"fails\":\"0\",\"locked\":\"0000-00-00 00:00:00\",\"feedback\":\"0\",\"ranzhi\":\"\",\"score\":\"64\",\"scoreLevel\":\"64\",\"deleted\":\"0\",\"clientStatus\":\"offline\",\"clientLang\":\"zh-cn\"},{\"id\":\"13\",\"dept\":\"5\",\"account\":\"weicong\",\"realname\":\"\\u9b4f\\u806a\",\"role\":\"dev\",\"nickname\":\"\",\"commiter\":\"\",\"avatar\":\"\",\"birthday\":\"0000-00-00\",\"gender\":\"m\",\"email\":\"weicong@os-easy.com\",\"skype\":\"\",\"qq\":\"\",\"yahoo\":\"\",\"gtalk\":\"\",\"wangwang\":\"\",\"mobile\":\"\",\"phone\":\"\",\"weixin\":\"\",\"dingding\":\"\",\"slack\":\"\",\"whatsapp\":\"\",\"address\":\"\",\"zipcode\":\"\",\"join\":\"0000-00-00\",\"visits\":\"1182\",\"ip\":\"172.16.12.5\",\"last\":\"1615769124\",\"fails\":\"0\",\"locked\":\"0000-00-00 00:00:00\",\"feedback\":\"0\",\"ranzhi\":\"\",\"score\":\"22\",\"scoreLevel\":\"22\",\"deleted\":\"0\",\"clientStatus\":\"offline\",\"clientLang\":\"zh-cn\"},{\"id\":\"14\",\"dept\":\"2\",\"account\":\"yangyansi\",\"realname\":\"\\u6768\\u71d5\\u601d\",\"role\":\"dev\",\"nickname\":\"\",\"commiter\":\"\",\"avatar\":\"\",\"birthday\":\"0000-00-00\",\"gender\":\"m\",\"email\":\"yangyansi@os-easy.com\",\"skype\":\"\",\"qq\":\"\",\"yahoo\":\"\",\"gtalk\":\"\",\"wangwang\":\"\",\"mobile\":\"\",\"phone\":\"\",\"weixin\":\"\",\"dingding\":\"\",\"slack\":\"\",\"whatsapp\":\"\",\"address\":\"\",\"zipcode\":\"\",\"join\":\"0000-00-00\",\"visits\":\"1265\",\"ip\":\"172.16.94.1\",\"last\":\"1615769635\",\"fails\":\"0\",\"locked\":\"0000-00-00 00:00:00\",\"feedback\":\"0\",\"ranzhi\":\"\",\"score\":\"41\",\"scoreLevel\":\"41\",\"deleted\":\"0\",\"clientStatus\":\"offline\",\"clientLang\":\"zh-cn\"},{\"id\":\"16\",\"dept\":\"2\",\"account\":\"zhuxiaokun\",\"realname\":\"\\u6731\\u6653\\u951f\",\"role\":\"dev\",\"nickname\":\"\",\"commiter\":\"\",\"avatar\":\"\",\"birthday\":\"0000-00-00\",\"gender\":\"m\",\"email\":\"zhuxiaokun@os-easy.com\",\"skype\":\"\",\"qq\":\"142840\",\"yahoo\":\"\",\"gtalk\":\"\",\"wangwang\":\"\",\"mobile\":\"\",\"phone\":\"\",\"weixin\":\"\",\"dingding\":\"\",\"slack\":\"\",\"whatsapp\":\"\",\"address\":\"\\u4e91\\u5e73\\u53f0\",\"zipcode\":\"\",\"join\":\"0000-00-00\",\"visits\":\"584\",\"ip\":\"172.16.92.1\",\"last\":\"1615511455\",\"fails\":\"0\",\"locked\":\"0000-00-00 00:00:00\",\"feedback\":\"0\",\"ranzhi\":\"\",\"score\":\"0\",\"scoreLevel\":\"0\",\"deleted\":\"0\",\"clientStatus\":\"offline\",\"clientLang\":\"zh-cn\"},{\"id\":\"17\",\"dept\":\"2\",\"account\":\"huhai\",\"realname\":\"\\u80e1\\u6d77\",\"role\":\"dev\",\"nickname\":\"\",\"commiter\":\"\",\"avatar\":\"\",\"birthday\":\"0000-00-00\",\"gender\":\"m\",\"email\":\"huhai@os-easy.com\",\"skype\":\"\",\"qq\":\"514335765\",\"yahoo\":\"\",\"gtalk\":\"\",\"wangwang\":\"\",\"mobile\":\"\",\"phone\":\"\",\"weixin\":\"\",\"dingding\":\"\",\"slack\":\"\",\"whatsapp\":\"\",\"address\":\"VDI\",\"zipcode\":\"\",\"join\":\"0000-00-00\",\"visits\":\"2145\",\"ip\":\"172.16.91.2\",\"last\":\"1615771009\",\"fails\":\"0\",\"locked\":\"0000-00-00 00:00:00\",\"feedback\":\"0\",\"ranzhi\":\"\",\"score\":\"38\",\"scoreLevel\":\"38\",\"deleted\":\"0\",\"clientStatus\":\"offline\",\"clientLang\":\"zh-cn\"},{\"id\":\"20\",\"dept\":\"7\",\"account\":\"xusha\",\"realname\":\"\\u5f90\\u6c99\",\"role\":\"qa\",\"nickname\":\"\",\"commiter\":\"\",\"avatar\":\"\",\"birthday\":\"0000-00-00\",\"gender\":\"f\",\"email\":\"xusha@os-easy.com\",\"skype\":\"\",\"qq\":\"\",\"yahoo\":\"\",\"gtalk\":\"\",\"wangwang\":\"\",\"mobile\":\"\",\"phone\":\"\",\"weixin\":\"\",\"dingding\":\"\",\"slack\":\"\",\"whatsapp\":\"\",\"address\":\"\",\"zipcode\":\"\",\"join\":\"0000-00-00\",\"visits\":\"332\",\"ip\":\"172.16.132.10\",\"last\":\"1614566448\",\"fails\":\"0\",\"locked\":\"0000-00-00 00:00:00\",\"feedback\":\"0\",\"ranzhi\":\"\",\"score\":\"1\",\"scoreLevel\":\"1\",\"deleted\":\"0\",\"clientStatus\":\"offline\",\"clientLang\":\"zh-cn\"},{\"id\":\"22\",\"dept\":\"7\",\"account\":\"zhengzhendi\",\"realname\":\"\\u90d1\\u73cd\\u8fea\",\"role\":\"qa\",\"nickname\":\"\",\"commiter\":\"\",\"avatar\":\"\",\"birthday\":\"0000-00-00\",\"gender\":\"f\",\"email\":\"zhengzhendi@os-easy.com\",\"skype\":\"\",\"qq\":\"\",\"yahoo\":\"\",\"gtalk\":\"\",\"wangwang\":\"\",\"mobile\":\"\",\"phone\":\"\",\"weixin\":\"\",\"dingding\":\"\",\"slack\":\"\",\"whatsapp\":\"\",\"address\":\"\",\"zipcode\":\"\",\"join\":\"0000-00-00\",\"visits\":\"759\",\"ip\":\"172.16.114.71\",\"last\":\"1615768837\",\"fails\":\"0\",\"locked\":\"0000-00-00 00:00:00\",\"feedback\":\"0\",\"ranzhi\":\"\",\"score\":\"16\",\"scoreLevel\":\"16\",\"deleted\":\"0\",\"clientStatus\":\"offline\",\"clientLang\":\"zh-cn\"},{\"id\":\"25\",\"dept\":\"7\",\"account\":\"zhouyao\",\"realname\":\"\\u5468\\u59da\",\"role\":\"qa\",\"nickname\":\"\",\"commiter\":\"\",\"avatar\":\"\",\"birthday\":\"0000-00-00\",\"gender\":\"f\",\"email\":\"zhouyao@os-easy.com\",\"skype\":\"\",\"qq\":\"\",\"yahoo\":\"\",\"gtalk\":\"\",\"wangwang\":\"\",\"mobile\":\"\",\"phone\":\"\",\"weixin\":\"\",\"dingding\":\"\",\"slack\":\"\",\"whatsapp\":\"\",\"address\":\"\",\"zipcode\":\"\",\"join\":\"0000-00-00\",\"visits\":\"1137\",\"ip\":\"172.16.133.2\",\"last\":\"1615516660\",\"fails\":\"0\",\"locked\":\"0000-00-00 00:00:00\",\"feedback\":\"0\",\"ranzhi\":\"\",\"score\":\"33\",\"scoreLevel\":\"33\",\"deleted\":\"0\",\"clientStatus\":\"offline\",\"clientLang\":\"zh-cn\"},{\"id\":\"28\",\"dept\":\"1\",\"account\":\"tangjinli\",\"realname\":\"\\u5510\\u91d1\\u4e3d\",\"role\":\"qd\",\"nickname\":\"\",\"commiter\":\"\",\"avatar\":\"\",\"birthday\":\"0000-00-00\",\"gender\":\"f\",\"email\":\"tangjinli@os-easy.com\",\"skype\":\"\",\"qq\":\"\",\"yahoo\":\"\",\"gtalk\":\"\",\"wangwang\":\"\",\"mobile\":\"\",\"phone\":\"\",\"weixin\":\"\",\"dingding\":\"\",\"slack\":\"\",\"whatsapp\":\"\",\"address\":\"\",\"zipcode\":\"\",\"join\":\"0000-00-00\",\"visits\":\"633\",\"ip\":\"172.16.33.253\",\"last\":\"1615789016\",\"fails\":\"0\",\"locked\":\"0000-00-00 00:00:00\",\"feedback\":\"0\",\"ranzhi\":\"\",\"score\":\"1\",\"scoreLevel\":\"1\",\"deleted\":\"0\",\"clientStatus\":\"offline\",\"clientLang\":\"zh-cn\"},{\"id\":\"33\",\"dept\":\"2\",\"account\":\"wangmengxiong\",\"realname\":\"\\u738b\\u68a6\\u718a\",\"role\":\"pm\",\"nickname\":\"\",\"commiter\":\"\",\"avatar\":\"\",\"birthday\":\"0000-00-00\",\"gender\":\"m\",\"email\":\"wangmengxiong@os-easy.com\",\"skype\":\"\",\"qq\":\"\",\"yahoo\":\"\",\"gtalk\":\"\",\"wangwang\":\"\",\"mobile\":\"\",\"phone\":\"\",\"weixin\":\"\",\"dingding\":\"\",\"slack\":\"\",\"whatsapp\":\"\",\"address\":\"\",\"zipcode\":\"\",\"join\":\"0000-00-00\",\"visits\":\"271\",\"ip\":\"172.16.123.222\",\"last\":\"1615197663\",\"fails\":\"0\",\"locked\":\"0000-00-00 00:00:00\",\"feedback\":\"0\",\"ranzhi\":\"\",\"score\":\"1\",\"scoreLevel\":\"1\",\"deleted\":\"0\",\"clientStatus\":\"offline\",\"clientLang\":\"zh-cn\"},{\"id\":\"39\",\"dept\":\"7\",\"account\":\"zhangxian\",\"realname\":\"\\u5f20\\u5a34\",\"role\":\"qa\",\"nickname\":\"\",\"commiter\":\"\",\"avatar\":\"\",\"birthday\":\"0000-00-00\",\"gender\":\"f\",\"email\":\"zhangxian@os-easy.com\",\"skype\":\"\",\"qq\":\"\",\"yahoo\":\"\",\"gtalk\":\"\",\"wangwang\":\"\",\"mobile\":\"\",\"phone\":\"\",\"weixin\":\"\",\"dingding\":\"\",\"slack\":\"\",\"whatsapp\":\"\",\"address\":\"\",\"zipcode\":\"\",\"join\":\"0000-00-00\",\"visits\":\"983\",\"ip\":\"172.16.121.1\",\"last\":\"1615521473\",\"fails\":\"0\",\"locked\":\"0000-00-00 00:00:00\",\"feedback\":\"0\",\"ranzhi\":\"\",\"score\":\"46\",\"scoreLevel\":\"46\",\"deleted\":\"0\",\"clientStatus\":\"offline\",\"clientLang\":\"zh-cn\"},{\"id\":\"50\",\"dept\":\"1\",\"account\":\"chenxiaohu\",\"realname\":\"\\u9648\\u5c0f\\u864e\",\"role\":\"dev\",\"nickname\":\"\",\"commiter\":\"\",\"avatar\":\"\",\"birthday\":\"0000-00-00\",\"gender\":\"m\",\"email\":\"chenxiaohu@os-easy.com\",\"skype\":\"\",\"qq\":\"\",\"yahoo\":\"\",\"gtalk\":\"\",\"wangwang\":\"\",\"mobile\":\"\",\"phone\":\"\",\"weixin\":\"\",\"dingding\":\"\",\"slack\":\"\",\"whatsapp\":\"\",\"address\":\"\",\"zipcode\":\"\",\"join\":\"0000-00-00\",\"visits\":\"979\",\"ip\":\"172.16.151.1\",\"last\":\"1615788143\",\"fails\":\"0\",\"locked\":\"0000-00-00 00:00:00\",\"feedback\":\"0\",\"ranzhi\":\"\",\"score\":\"0\",\"scoreLevel\":\"0\",\"deleted\":\"0\",\"clientStatus\":\"offline\",\"clientLang\":\"zh-cn\"},{\"id\":\"59\",\"dept\":\"2\",\"account\":\"jinjiao\",\"realname\":\"\\u91d1\\u59e3\",\"role\":\"others\",\"nickname\":\"\",\"commiter\":\"\",\"avatar\":\"\",\"birthday\":\"0000-00-00\",\"gender\":\"f\",\"email\":\"jinjiao@os-easy.com\",\"skype\":\"\",\"qq\":\"\",\"yahoo\":\"\",\"gtalk\":\"\",\"wangwang\":\"\",\"mobile\":\"\",\"phone\":\"\",\"weixin\":\"\",\"dingding\":\"\",\"slack\":\"\",\"whatsapp\":\"\",\"address\":\"\",\"zipcode\":\"\",\"join\":\"0000-00-00\",\"visits\":\"604\",\"ip\":\"111.48.159.131\",\"last\":\"1614258639\",\"fails\":\"0\",\"locked\":\"0000-00-00 00:00:00\",\"feedback\":\"0\",\"ranzhi\":\"\",\"score\":\"19\",\"scoreLevel\":\"19\",\"deleted\":\"0\",\"clientStatus\":\"offline\",\"clientLang\":\"zh-cn\"},{\"id\":\"61\",\"dept\":\"0\",\"account\":\"zhupeng\",\"realname\":\"\\u6731\\u9e4f\",\"role\":\"top\",\"nickname\":\"\",\"commiter\":\"\",\"avatar\":\"\",\"birthday\":\"0000-00-00\",\"gender\":\"m\",\"email\":\"zhupeng@os-easy.com\",\"skype\":\"\",\"qq\":\"\",\"yahoo\":\"\",\"gtalk\":\"\",\"wangwang\":\"\",\"mobile\":\"\",\"phone\":\"\",\"weixin\":\"\",\"dingding\":\"\",\"slack\":\"\",\"whatsapp\":\"\",\"address\":\"\",\"zipcode\":\"\",\"join\":\"0000-00-00\",\"visits\":\"10\",\"ip\":\"172.16.181.22\",\"last\":\"1539919092\",\"fails\":\"0\",\"locked\":\"0000-00-00 00:00:00\",\"feedback\":\"0\",\"ranzhi\":\"\",\"score\":\"0\",\"scoreLevel\":\"0\",\"deleted\":\"0\",\"clientStatus\":\"offline\",\"clientLang\":\"zh-cn\"},{\"id\":\"62\",\"dept\":\"3\",\"account\":\"tanzhenhua\",\"realname\":\"\\u8c08\\u632f\\u534e\",\"role\":\"pm\",\"nickname\":\"\",\"commiter\":\"\",\"avatar\":\"\",\"birthday\":\"0000-00-00\",\"gender\":\"m\",\"email\":\"tanzhenhua@os-easy.com\",\"skype\":\"\",\"qq\":\"\",\"yahoo\":\"\",\"gtalk\":\"\",\"wangwang\":\"\",\"mobile\":\"\",\"phone\":\"\",\"weixin\":\"\",\"dingding\":\"\",\"slack\":\"\",\"whatsapp\":\"\",\"address\":\"\",\"zipcode\":\"\",\"join\":\"0000-00-00\",\"visits\":\"107\",\"ip\":\"172.16.239.81\",\"last\":\"1615540444\",\"fails\":\"0\",\"locked\":\"0000-00-00 00:00:00\",\"feedback\":\"0\",\"ranzhi\":\"\",\"score\":\"0\",\"scoreLevel\":\"0\",\"deleted\":\"0\",\"clientStatus\":\"offline\",\"clientLang\":\"zh-cn\"},{\"id\":\"63\",\"dept\":\"3\",\"account\":\"chenghao\",\"realname\":\"\\u7a0b\\u7693\",\"role\":\"dev\",\"nickname\":\"\",\"commiter\":\"\",\"avatar\":\"\",\"birthday\":\"0000-00-00\",\"gender\":\"m\",\"email\":\"chenghao@os-easy.com\",\"skype\":\"\",\"qq\":\"\",\"yahoo\":\"\",\"gtalk\":\"\",\"wangwang\":\"\",\"mobile\":\"\",\"phone\":\"\",\"weixin\":\"\",\"dingding\":\"\",\"slack\":\"\",\"whatsapp\":\"\",\"address\":\"\",\"zipcode\":\"\",\"join\":\"0000-00-00\",\"visits\":\"903\",\"ip\":\"172.16.162.100\",\"last\":\"1615540950\",\"fails\":\"0\",\"locked\":\"0000-00-00 00:00:00\",\"feedback\":\"0\",\"ranzhi\":\"\",\"score\":\"3\",\"scoreLevel\":\"3\",\"deleted\":\"0\",\"clientStatus\":\"offline\",\"clientLang\":\"zh-cn\"}],\"searchForm\":\"{\\\"status\\\":\\\"success\\\",\\\"data\\\":\\\"{\\\\\\\"title\\\\\\\":\\\\\\\"\\\\\\\",\\\\\\\"module\\\\\\\":\\\\\\\"user\\\\\\\",\\\\\\\"groupItems\\\\\\\":3,\\\\\\\"searchFields\\\\\\\":{\\\\\\\"realname\\\\\\\":\\\\\\\"\\\\\\\\u771f\\\\\\\\u5b9e\\\\\\\\u59d3\\\\\\\\u540d\\\\\\\",\\\\\\\"email\\\\\\\":\\\\\\\"\\\\\\\\u90ae\\\\\\\\u7bb1\\\\\\\",\\\\\\\"dept\\\\\\\":\\\\\\\"\\\\\\\\u6240\\\\\\\\u5c5e\\\\\\\\u90e8\\\\\\\\u95e8\\\\\\\",\\\\\\\"account\\\\\\\":\\\\\\\"\\\\\\\\u7528\\\\\\\\u6237\\\\\\\\u540d\\\\\\\",\\\\\\\"role\\\\\\\":\\\\\\\"\\\\\\\\u804c\\\\\\\\u4f4d\\\\\\\",\\\\\\\"phone\\\\\\\":\\\\\\\"\\\\\\\\u7535\\\\\\\\u8bdd\\\\\\\",\\\\\\\"join\\\\\\\":\\\\\\\"\\\\\\\\u5165\\\\\\\\u804c\\\\\\\\u65e5\\\\\\\\u671f\\\\\\\",\\\\\\\"id\\\\\\\":\\\\\\\"\\\\\\\\u7528\\\\\\\\u6237\\\\\\\\u7f16\\\\\\\\u53f7\\\\\\\",\\\\\\\"commiter\\\\\\\":\\\\\\\"\\\\\\\\u6e90\\\\\\\\u4ee3\\\\\\\\u7801\\\\\\\\u5e10\\\\\\\\u53f7\\\\\\\",\\\\\\\"gender\\\\\\\":\\\\\\\"\\\\\\\\u6027\\\\\\\\u522b\\\\\\\",\\\\\\\"qq\\\\\\\":\\\\\\\"QQ\\\\\\\",\\\\\\\"skype\\\\\\\":\\\\\\\"Skype\\\\\\\",\\\\\\\"dingding\\\\\\\":\\\\\\\"\\\\\\\\u9489\\\\\\\\u9489\\\\\\\",\\\\\\\"weixin\\\\\\\":\\\\\\\"\\\\\\\\u5fae\\\\\\\\u4fe1\\\\\\\",\\\\\\\"slack\\\\\\\":\\\\\\\"Slack\\\\\\\",\\\\\\\"whatsapp\\\\\\\":\\\\\\\"WhatsApp\\\\\\\",\\\\\\\"address\\\\\\\":\\\\\\\"\\\\\\\\u901a\\\\\\\\u8baf\\\\\\\\u5730\\\\\\\\u5740\\\\\\\",\\\\\\\"zipcode\\\\\\\":\\\\\\\"\\\\\\\\u90ae\\\\\\\\u7f16\\\\\\\"},\\\\\\\"actionURL\\\\\\\":\\\\\\\"\\\\\\\\\\\\\\\/zentao\\\\\\\\\\\\\\\/company-browse-myQueryID-bysearch.json\\\\\\\",\\\\\\\"fieldParams\\\\\\\":{\\\\\\\"realname\\\\\\\":{\\\\\\\"operator\\\\\\\":\\\\\\\"include\\\\\\\",\\\\\\\"control\\\\\\\":\\\\\\\"input\\\\\\\",\\\\\\\"values\\\\\\\":\\\\\\\"\\\\\\\"},\\\\\\\"email\\\\\\\":{\\\\\\\"operator\\\\\\\":\\\\\\\"include\\\\\\\",\\\\\\\"control\\\\\\\":\\\\\\\"input\\\\\\\",\\\\\\\"values\\\\\\\":\\\\\\\"\\\\\\\"},\\\\\\\"dept\\\\\\\":{\\\\\\\"operator\\\\\\\":\\\\\\\"belong\\\\\\\",\\\\\\\"control\\\\\\\":\\\\\\\"select\\\\\\\",\\\\\\\"values\\\\\\\":{\\\\\\\"ZERO\\\\\\\":\\\\\\\"\\\\\\\\\\\\\\\/\\\\\\\",\\\\\\\"\\\\\\\":\\\\\\\"\\\\\\\",\\\\\\\"1\\\\\\\":\\\\\\\"\\\\\\\\\\\\\\\/\\\\\\\\u6280\\\\\\\\u672f\\\\\\\\u5b9e\\\\\\\\u9a8c\\\\\\\\u5ba4\\\\\\\",\\\\\\\"2\\\\\\\":\\\\\\\"\\\\\\\\\\\\\\\/VDI\\\\\\\",\\\\\\\"3\\\\\\\":\\\\\\\"\\\\\\\\\\\\\\\/VOI&OSS\\\\\\\",\\\\\\\"5\\\\\\\":\\\\\\\"\\\\\\\\\\\\\\\/VOI&OSS\\\\\\\\\\\\\\\/CTSC\\\\\\\",\\\\\\\"6\\\\\\\":\\\\\\\"\\\\\\\\\\\\\\\/\\\\\\\\u591a\\\\\\\\u5a92\\\\\\\\u4f53\\\\\\\",\\\\\\\"4\\\\\\\":\\\\\\\"\\\\\\\\\\\\\\\/\\\\\\\\u4ea7\\\\\\\\u54c1\\\\\\\\u90e8\\\\\\\",\\\\\\\"7\\\\\\\":\\\\\\\"\\\\\\\\\\\\\\\/\\\\\\\\u6d4b\\\\\\\\u8bd5\\\\\\\\u90e8\\\\\\\",\\\\\\\"8\\\\\\\":\\\\\\\"\\\\\\\\\\\\\\\/\\\\\\\\u53cc\\\\\\\\u521b\\\\\\\"}},\\\\\\\"account\\\\\\\":{\\\\\\\"operator\\\\\\\":\\\\\\\"include\\\\\\\",\\\\\\\"control\\\\\\\":\\\\\\\"input\\\\\\\",\\\\\\\"values\\\\\\\":\\\\\\\"\\\\\\\"},\\\\\\\"role\\\\\\\":{\\\\\\\"operator\\\\\\\":\\\\\\\"=\\\\\\\",\\\\\\\"control\\\\\\\":\\\\\\\"select\\\\\\\",\\\\\\\"values\\\\\\\":{\\\\\\\"\\\\\\\":\\\\\\\"\\\\\\\",\\\\\\\"dev\\\\\\\":\\\\\\\"\\\\\\\\u7814\\\\\\\\u53d1\\\\\\\",\\\\\\\"qa\\\\\\\":\\\\\\\"\\\\\\\\u6d4b\\\\\\\\u8bd5\\\\\\\",\\\\\\\"pm\\\\\\\":\\\\\\\"\\\\\\\\u9879\\\\\\\\u76ee\\\\\\\\u7ecf\\\\\\\\u7406\\\\\\\",\\\\\\\"po\\\\\\\":\\\\\\\"\\\\\\\\u4ea7\\\\\\\\u54c1\\\\\\\\u7ecf\\\\\\\\u7406\\\\\\\",\\\\\\\"td\\\\\\\":\\\\\\\"\\\\\\\\u7814\\\\\\\\u53d1\\\\\\\\u4e3b\\\\\\\\u7ba1\\\\\\\",\\\\\\\"pd\\\\\\\":\\\\\\\"\\\\\\\\u4ea7\\\\\\\\u54c1\\\\\\\\u4e3b\\\\\\\\u7ba1\\\\\\\",\\\\\\\"qd\\\\\\\":\\\\\\\"\\\\\\\\u6d4b\\\\\\\\u8bd5\\\\\\\\u4e3b\\\\\\\\u7ba1\\\\\\\",\\\\\\\"top\\\\\\\":\\\\\\\"\\\\\\\\u9ad8\\\\\\\\u5c42\\\\\\\\u7ba1\\\\\\\\u7406\\\\\\\",\\\\\\\"others\\\\\\\":\\\\\\\"\\\\\\\\u5176\\\\\\\\u4ed6\\\\\\\",\\\\\\\"null\\\\\\\":\\\\\\\"\\\\\\\\u7a7a\\\\\\\"}},\\\\\\\"phone\\\\\\\":{\\\\\\\"operator\\\\\\\":\\\\\\\"include\\\\\\\",\\\\\\\"control\\\\\\\":\\\\\\\"input\\\\\\\",\\\\\\\"values\\\\\\\":\\\\\\\"\\\\\\\"},\\\\\\\"join\\\\\\\":{\\\\\\\"operator\\\\\\\":\\\\\\\"=\\\\\\\",\\\\\\\"control\\\\\\\":\\\\\\\"input\\\\\\\",\\\\\\\"values\\\\\\\":\\\\\\\"\\\\\\\",\\\\\\\"class\\\\\\\":\\\\\\\"date\\\\\\\"},\\\\\\\"id\\\\\\\":{\\\\\\\"operator\\\\\\\":\\\\\\\"=\\\\\\\",\\\\\\\"control\\\\\\\":\\\\\\\"input\\\\\\\",\\\\\\\"values\\\\\\\":\\\\\\\"\\\\\\\"},\\\\\\\"commiter\\\\\\\":{\\\\\\\"operator\\\\\\\":\\\\\\\"include\\\\\\\",\\\\\\\"control\\\\\\\":\\\\\\\"select\\\\\\\",\\\\\\\"values\\\\\\\":\\\\\\\"\\\\\\\"},\\\\\\\"gender\\\\\\\":{\\\\\\\"operator\\\\\\\":\\\\\\\"=\\\\\\\",\\\\\\\"control\\\\\\\":\\\\\\\"select\\\\\\\",\\\\\\\"values\\\\\\\":{\\\\\\\"m\\\\\\\":\\\\\\\"\\\\\\\\u7537\\\\\\\",\\\\\\\"f\\\\\\\":\\\\\\\"\\\\\\\\u5973\\\\\\\",\\\\\\\"null\\\\\\\":\\\\\\\"\\\\\\\\u7a7a\\\\\\\"}},\\\\\\\"qq\\\\\\\":{\\\\\\\"operator\\\\\\\":\\\\\\\"=\\\\\\\",\\\\\\\"control\\\\\\\":\\\\\\\"input\\\\\\\",\\\\\\\"values\\\\\\\":\\\\\\\"\\\\\\\"},\\\\\\\"skype\\\\\\\":{\\\\\\\"operator\\\\\\\":\\\\\\\"=\\\\\\\",\\\\\\\"control\\\\\\\":\\\\\\\"input\\\\\\\",\\\\\\\"values\\\\\\\":\\\\\\\"\\\\\\\"},\\\\\\\"dingding\\\\\\\":{\\\\\\\"operator\\\\\\\":\\\\\\\"=\\\\\\\",\\\\\\\"control\\\\\\\":\\\\\\\"input\\\\\\\",\\\\\\\"values\\\\\\\":\\\\\\\"\\\\\\\"},\\\\\\\"weixin\\\\\\\":{\\\\\\\"operator\\\\\\\":\\\\\\\"=\\\\\\\",\\\\\\\"control\\\\\\\":\\\\\\\"input\\\\\\\",\\\\\\\"values\\\\\\\":\\\\\\\"\\\\\\\"},\\\\\\\"slack\\\\\\\":{\\\\\\\"operator\\\\\\\":\\\\\\\"=\\\\\\\",\\\\\\\"control\\\\\\\":\\\\\\\"input\\\\\\\",\\\\\\\"values\\\\\\\":\\\\\\\"\\\\\\\"},\\\\\\\"whatsapp\\\\\\\":{\\\\\\\"operator\\\\\\\":\\\\\\\"=\\\\\\\",\\\\\\\"control\\\\\\\":\\\\\\\"input\\\\\\\",\\\\\\\"values\\\\\\\":\\\\\\\"\\\\\\\"},\\\\\\\"address\\\\\\\":{\\\\\\\"operator\\\\\\\":\\\\\\\"include\\\\\\\",\\\\\\\"control\\\\\\\":\\\\\\\"input\\\\\\\",\\\\\\\"values\\\\\\\":\\\\\\\"\\\\\\\"},\\\\\\\"zipcode\\\\\\\":{\\\\\\\"operator\\\\\\\":\\\\\\\"=\\\\\\\",\\\\\\\"control\\\\\\\":\\\\\\\"input\\\\\\\",\\\\\\\"values\\\\\\\":\\\\\\\"\\\\\\\"}},\\\\\\\"queries\\\\\\\":{\\\\\\\"\\\\\\\":\\\\\\\"\\\\\\\\u6211\\\\\\\\u7684\\\\\\\\u67e5\\\\\\\\u8be2\\\\\\\"},\\\\\\\"queryID\\\\\\\":0,\\\\\\\"style\\\\\\\":\\\\\\\"full\\\\\\\",\\\\\\\"onMenuBar\\\\\\\":\\\\\\\"no\\\\\\\",\\\\\\\"pager\\\\\\\":null}\\\",\\\"md5\\\":\\\"c621316c26959e85170a02920bac31b2\\\"}\",\"deptTree\":\"<ul class='tree' data-ride='tree' data-name='tree-dept'><li><a href='\\\/zentao\\\/company-browse-1.json' id='dept1'>\\u6280\\u672f\\u5b9e\\u9a8c\\u5ba4<\\\/a>\\n\\n<\\\/li>\\n<li><a href='\\\/zentao\\\/company-browse-2.json' id='dept2'>VDI<\\\/a>\\n\\n<\\\/li>\\n<li><a href='\\\/zentao\\\/company-browse-3.json' id='dept3'>VOI&OSS<\\\/a>\\n<ul><li><a href='\\\/zentao\\\/company-browse-5.json' id='dept5'>CTSC<\\\/a>\\n\\n<\\\/li>\\n<\\\/ul>\\n<\\\/li>\\n<li><a href='\\\/zentao\\\/company-browse-6.json' id='dept6'>\\u591a\\u5a92\\u4f53<\\\/a>\\n\\n<\\\/li>\\n<li><a href='\\\/zentao\\\/company-browse-4.json' id='dept4'>\\u4ea7\\u54c1\\u90e8<\\\/a>\\n\\n<\\\/li>\\n<li><a href='\\\/zentao\\\/company-browse-7.json' id='dept7'>\\u6d4b\\u8bd5\\u90e8<\\\/a>\\n\\n<\\\/li>\\n<li><a href='\\\/zentao\\\/company-browse-8.json' id='dept8'>\\u53cc\\u521b<\\\/a>\\n\\n<\\\/li>\\n<\\\/ul>\\n\",\"parentDepts\":[],\"dept\":false,\"orderBy\":\"id\",\"deptID\":0,\"pager\":{\"recTotal\":72,\"recPerPage\":20,\"pageCookie\":\"pagerCompanyBrowse\",\"pageTotal\":4,\"pageID\":1,\"moduleName\":\"company\",\"methodName\":\"browse\",\"params\":null},\"param\":0,\"type\":\"bydept\"}","md5":"a7e4d9e523c12880932bf3ebb35bc31d"}