{"status":"success","data":"{\"title\":\"\\u7ec4\\u7ec7\\u89c6\\u56fe::\\u6d4f\\u89c8\\u5206\\u7ec4\",\"groups\":[{\"id\":\"1\",\"name\":\"\\u7ba1\\u7406\\u5458\",\"role\":\"admin\",\"desc\":\"\\u7cfb\\u7edf\\u7ba1\\u7406\\u5458\",\"acl\":\"{\\\"views\\\":[]}\"},{\"id\":\"2\",\"name\":\"\\u7814\\u53d1\",\"role\":\"dev\",\"desc\":\"\\u7814\\u53d1\\u4eba\\u5458\",\"acl\":\"\"},{\"id\":\"3\",\"name\":\"\\u6d4b\\u8bd5\",\"role\":\"qa\",\"desc\":\"\\u6d4b\\u8bd5\\u4eba\\u5458\",\"acl\":\"\"},{\"id\":\"4\",\"name\":\"\\u9879\\u76ee\\u7ecf\\u7406\",\"role\":\"pm\",\"desc\":\"\\u9879\\u76ee\\u7ecf\\u7406\",\"acl\":\"\"},{\"id\":\"5\",\"name\":\"\\u4ea7\\u54c1\\u7ecf\\u7406\",\"role\":\"po\",\"desc\":\"\\u4ea7\\u54c1\\u7ecf\\u7406\",\"acl\":\"{\\\"views\\\":[]}\"},{\"id\":\"6\",\"name\":\"\\u7814\\u53d1\\u4e3b\\u7ba1\",\"role\":\"td\",\"desc\":\"\\u7814\\u53d1\\u4e3b\\u7ba1\",\"acl\":\"\"},{\"id\":\"7\",\"name\":\"\\u4ea7\\u54c1\\u4e3b\\u7ba1\",\"role\":\"pd\",\"desc\":\"\\u4ea7\\u54c1\\u4e3b\\u7ba1\",\"acl\":\"\"},{\"id\":\"8\",\"name\":\"\\u6d4b\\u8bd5\\u4e3b\\u7ba1\",\"role\":\"qd\",\"desc\":\"\\u6d4b\\u8bd5\\u4e3b\\u7ba1\",\"acl\":\"\"},{\"id\":\"9\",\"name\":\"\\u9ad8\\u5c42\\u7ba1\\u7406\",\"role\":\"top\",\"desc\":\"\\u9ad8\\u5c42\\u7ba1\\u7406\",\"acl\":\"\"},{\"id\":\"11\",\"name\":\"guest\",\"role\":\"guest\",\"desc\":\"For guest\",\"acl\":\"\"},{\"id\":\"14\",\"name\":\"\\u6280\\u672f\\u7ec4\\u957f\",\"role\":\"\",\"desc\":\"\\u6280\\u672f\\u7ec4leader\",\"acl\":\"\"},{\"id\":\"16\",\"name\":\"UI\",\"role\":\"\",\"desc\":\"UI\\u8bbe\\u8ba1\",\"acl\":\"\"},{\"id\":\"19\",\"name\":\"\\u53d7\\u9650\\u7528\\u6237\",\"role\":\"limited\",\"desc\":\"\\u53d7\\u9650\\u7528\\u6237\\u5206\\u7ec4(\\u53ea\\u80fd\\u7f16\\u8f91\\u4e0e\\u81ea\\u5df1\\u76f8\\u5173\\u7684\\u5185\\u5bb9)\",\"acl\":\"\"},{\"id\":\"20\",\"name\":\"\\u53cc\\u521b\\u9879\\u76ee\\u7279\\u6743\",\"role\":\"\",\"desc\":\"\",\"acl\":\"\"},{\"id\":\"21\",\"name\":\"\\u7814\\u53d1\\u7ec4\\u957f\",\"role\":\"\",\"desc\":\"\",\"acl\":\"\"}],\"groupUsers\":{\"1\":{\"huxiaosi\":\"\\u80e1\\u6653\\u601d\",\"maanqi\":\"\\u9a6c\\u5b89\\u7426\",\"review\":\"\\u8bc4\\u5ba1\\u5458\",\"zhupeng\":\"\\u6731\\u9e4f\"},\"2\":{\"aixiangkui\":\"\\u827e\\u76f8\\u8475\",\"biexingxing\":\"\\u522b\\u661f\\u661f\",\"chenghao\":\"\\u7a0b\\u7693\",\"chenxiaohu\":\"\\u9648\\u5c0f\\u864e\",\"huangzijie\":\"\\u9ec4\\u5b50\\u6770\",\"huhai\":\"\\u80e1\\u6d77\",\"huwenfeng\":\"\\u80e1\\u6587\\u5cf0\",\"jiazhihao\":\"\\u8d3e\\u5fd7\\u6d69\",\"jinhaoxiang\":\"\\u91d1\\u660a\\u7fd4\",\"jinjiao\":\"\\u91d1\\u59e3\",\"liqinwu\":\"\\u674e\\u52e4\\u6b66\",\"liuhaijun\":\"\\u5218\\u6d77\\u519b\",\"ruanzelin\":\"\\u962e\\u6cfd\\u6797\",\"sunjun\":\"\\u5b59\\u4fca\",\"tianyiwen\":\"\\u7530\\u6021\\u6587\",\"tongchunyue\":\"\\u7ae5\\u6625\\u6708\",\"wangchuan\":\"\\u738b\\u5ddd\",\"weicong\":\"\\u9b4f\\u806a\",\"weihong\":\"\\u9b4f\\u6d2a\",\"xiaowei\":\"\\u8096\\u73ae\",\"xufan\":\"\\u5f90\\u5e06\",\"yangyansi\":\"\\u6768\\u71d5\\u601d\",\"yizhongyin\":\"\\u7fbf\\u4e2d\\u5f15\",\"yuweiwei\":\"\\u4f59\\u7ef4\\u4f1f\",\"yuzhengjun\":\"\\u4f59\\u653f\\u541b\",\"zhangyao\":\"\\u5f20\\u579a\",\"zhouheng\":\"\\u5468\\u8861\",\"zhoutianwen\":\"\\u5468\\u5929\\u6587\",\"zhupan\":\"\\u6731\\u76fc\",\"zhuxiaokun\":\"\\u6731\\u6653\\u951f\"},\"3\":{\"bbt\":\"\\u73ed\\u73ed\\u901a\",\"donglinjie\":\"\\u8463\\u6797\\u6770\",\"duanhaigang\":\"\\u6bb5\\u6d77\\u5c97\",\"guoli\":\"\\u90ed\\u7acb\",\"liaoyuni\":\"\\u5ed6\\u7389\\u59ae\",\"lishuang\":\"\\u674e\\u723d\",\"panqun\":\"\\u6f58\\u7fa4\",\"ruanke\":\"\\u962e\\u79d1\",\"shenqian\":\"\\u6c88\\u524d\",\"wanhong\":\"\\u4e07\\u7ea2\",\"xusha\":\"\\u5f90\\u6c99\",\"zhangxian\":\"\\u5f20\\u5a34\",\"zhangyujie\":\"\\u5f20\\u7389\\u6d01\",\"zhanhuahao\":\"\\u8a79\\u534e\\u8c6a\",\"zhengzhendi\":\"\\u90d1\\u73cd\\u8fea\",\"zhouqiang\":\"\\u5468\\u5f3a\",\"zhouyao\":\"\\u5468\\u59da\",\"zouxianyan\":\"\\u5468\\u5148\\u71d5\"},\"4\":{\"jiazhihao\":\"\\u8d3e\\u5fd7\\u6d69\",\"liqinwu\":\"\\u674e\\u52e4\\u6b66\",\"liuchi\":\"\\u5218\\u6c60\",\"tanzhenhua\":\"\\u8c08\\u632f\\u534e\",\"wangmengxiong\":\"\\u738b\\u68a6\\u718a\",\"xufan\":\"\\u5f90\\u5e06\",\"yangyansi\":\"\\u6768\\u71d5\\u601d\",\"zhangchuansheng\":\"\\u7ae0\\u4f20\\u80dc\",\"zhupan\":\"\\u6731\\u76fc\",\"zlxing\":\"\\u66fe\\u4e3d\\u661f\"},\"5\":{\"caozhen\":\"\\u66f9\\u632f\",\"linyane2\":\"\\u6797\\u8273\\u5a25\",\"wangzhuo\":\"\\u738b\\u5353\",\"xiaowenting\":\"\\u8096\\u6587\\u5a77\",\"yuanyang\":\"\\u8881\\u9633\",\"zhangxuecheng\":\"\\u5f20\\u96ea\\u6210\",\"zhaowanting\":\"\\u8d75\\u5a49\\u5a77\",\"zhengziyun\":\"\\u90d1\\u7d2b\\u8d5f\",\"zlxing\":\"\\u66fe\\u4e3d\\u661f\",\"zouyuhui\":\"\\u90b9\\u5b87\\u4f1a\"},\"6\":{\"ruanzelin\":\"\\u962e\\u6cfd\\u6797\",\"tangjinli\":\"\\u5510\\u91d1\\u4e3d\",\"zhuxiaokun\":\"\\u6731\\u6653\\u951f\"},\"7\":{\"zhengyuqiang\":\"\\u90d1\\u80b2\\u5f3a\"},\"8\":{\"liqinwu\":\"\\u674e\\u52e4\\u6b66\",\"songliangmin\":\"\\u5b8b\\u826f\\u654f\",\"tangjinli\":\"\\u5510\\u91d1\\u4e3d\",\"wanhong\":\"\\u4e07\\u7ea2\",\"yangqiong\":\"\\u6768\\u743c\",\"zhangmeng2\":\"\\u5f20\\u68a6\"},\"9\":{\"zhupeng\":\"\\u6731\\u9e4f\"},\"11\":[],\"14\":{\"huhai\":\"\\u80e1\\u6d77\",\"ruanzelin\":\"\\u962e\\u6cfd\\u6797\",\"tangjinli\":\"\\u5510\\u91d1\\u4e3d\",\"zhuxiaokun\":\"\\u6731\\u6653\\u951f\"},\"16\":{\"jinjiao\":\"\\u91d1\\u59e3\",\"panzhuoya\":\"\\u6f58\\u5353\\u96c5\"},\"19\":[],\"20\":{\"yangqiong\":\"\\u6768\\u743c\",\"zhangchuansheng\":\"\\u7ae0\\u4f20\\u80dc\"},\"21\":{\"zhangyao\":\"\\u5f20\\u579a\"}},\"pager\":null}","md5":"019e08ed577ef003303d72dfd2ad8fbe"}