{"status":"success","data":"{\"title\":\"\\u6211\\u7684\\u5730\\u76d8::\\u6211\\u7684Bug\",\"bugs\":[{\"id\":\"21981\",\"product\":\"7\",\"branch\":\"0\",\"module\":\"2708\",\"project\":\"412\",\"plan\":\"0\",\"story\":\"0\",\"storyVersion\":\"1\",\"task\":\"0\",\"toTask\":\"0\",\"toStory\":\"0\",\"title\":\"\\u3010web\\u7aefH264\\u3011\\u8bbe\\u7f6e\\u684c\\u9762\\u8fde\\u63a5\\u8bbe\\u7f6e\\u4e3a\\u5f00\\u540e\\uff0c\\u684c\\u9762\\u9ed1\\u5c4f\\u4e0d\\u53ef\\u4f7f\\u7528\",\"keywords\":\"\",\"severity\":\"2\",\"pri\":\"2\",\"type\":\"codeerror\",\"os\":\"all\",\"browser\":\"all\",\"hardware\":\"\",\"found\":\"\",\"steps\":\"<p>\\n\\t<b>\\u3010\\u73af\\u5883\\u3011<\\\/b> \\n<\\\/p>\\n<p style=\\\"background:#FFFFFF;\\\">\\n\\t<b><\\\/b> \\n<\\\/p>\\n<p class=\\\"MsoNormal\\\" style=\\\"background:#FFFFFF;\\\">\\n\\t\\u670d\\u52a1\\u5668\\u4e3b\\u63a7\\u517c\\u8ba1\\u7b97\\uff1a172.16.201.37\\n<\\\/p>\\n<p class=\\\"MsoNormal\\\" style=\\\"background:#FFFFFF;\\\">\\n\\t\\u670d\\u52a1\\u7aef\\u7248\\u672c\\uff1a\\n<\\\/p>\\n<p class=\\\"MsoNormal\\\" style=\\\"text-indent:10pt;background:#FFFFFF;\\\">\\n\\t<img src=\\\"{52136.png}\\\" alt=\\\"\\\" \\\/><\\\/p>\\n<p style=\\\"background:#FFFFFF;\\\">\\n\\t<br \\\/><\\\/p>\\n<p style=\\\"background:#FFFFFF;\\\">\\n\\t\\u3010<strong>\\u524d\\u7f6e\\u6761\\u4ef6<\\\/strong>\\u3011\\n<\\\/p>\\n<p style=\\\"background:#FFFFFF;\\\">\\n\\t\\u6d4b\\u8bd5\\u6b65\\u9aa4\\u7684\\u524d\\u7f6e\\u6761\\u4ef6\\uff0c\\u6ca1\\u6709\\u53ef\\u4ee5\\u4e0d\\u586b\\u3002\\n<\\\/p>\\n<p style=\\\"background:#FFFFFF;\\\">\\n\\t<br \\\/><\\\/p>\\n<p style=\\\"background:#FFFFFF;\\\">\\n\\t<b>\\u3010\\u6b65\\u9aa4\\u3011<\\\/b> \\n<\\\/p>\\n<p style=\\\"background:#FFFFFF;\\\">\\n\\t1\\u3001\\u521b\\u5efa\\u4e2a\\u4eba\\u684c\\u9762\\u5230admin\\u7528\\u6237\\u4e0b\\n<\\\/p>\\n<p style=\\\"background:#FFFFFF;\\\">\\n\\t2\\u3001web\\u767b\\u5f55\\u4e2a\\u4eba\\u684c\\u9762\\uff0c\\u70b9\\u51fb\\u684c\\u9762\\u8fde\\u63a5\\u8bbe\\u7f6e\\uff0c\\u8bbe\\u7f6e\\u4e3a\\u5f00\\n<\\\/p>\\n<p style=\\\"background:#FFFFFF;\\\">\\n\\t<br \\\/><\\\/p>\\n<p class=\\\"steptitle\\\" style=\\\"background:#FFFFFF;\\\">\\n\\t<b>\\u3010\\u7ed3\\u679c\\u3011<\\\/b> \\n<\\\/p>\\n<p style=\\\"background:#FFFFFF;\\\">\\n\\t1\\u3001<span style=\\\"background-color:#FFFFFF;\\\">\\u8bbe\\u7f6e\\u5b8c\\u6210\\u540e\\uff0c\\u684c\\u9762\\u9ed1\\u5c4f<\\\/span>\\n<\\\/p>\\n<p style=\\\"background:#FFFFFF;\\\">\\n\\t<br \\\/><\\\/p>\\n<p style=\\\"background:#FFFFFF;\\\">\\n\\t\\u3010<b>\\u51fa\\u73b0\\u6982\\u7387<\\\/b>\\u3011\\n<\\\/p>\\n<p style=\\\"background:#FFFFFF;\\\">\\n\\t\\u5fc5\\u73b0\\n<\\\/p>\\n<p style=\\\"background:#FFFFFF;\\\">\\n\\t&nbsp;\\n<\\\/p>\\n<p class=\\\"steptitle\\\" style=\\\"background:#FFFFFF;\\\">\\n\\t<b>\\u3010<span style=\\\"font-weight:700;\\\">\\u671f\\u671b<\\\/span>\\u3011<\\\/b> \\n<\\\/p>\\n<p class=\\\"steptitle\\\" style=\\\"background:#FFFFFF;\\\">\\n\\t1\\u3001\\u5f00\\u542fH264\\u540e\\uff0c\\u684c\\u9762\\u6b63\\u5e38\\n<\\\/p>\\n<p class=\\\"steptitle\\\" style=\\\"background:#FFFFFF;\\\">\\n\\t<br \\\/><\\\/p>\\n<p style=\\\"background:#FFFFFF;\\\">\\n\\t\\u3010<b>\\u9644\\u4ef6<\\\/b>\\u3011\\n<\\\/p>\\n<p style=\\\"background:#FFFFFF;\\\">\\n\\t<img src=\\\"{52170.png}\\\" alt=\\\"\\\" \\\/><\\\/p>\\n<p style=\\\"background:#FFFFFF;\\\">\\n\\t<br \\\/><\\\/p>\\n<p style=\\\"background:#FFFFFF;\\\">\\n\\t<br \\\/><\\\/p>\",\"status\":\"active\",\"color\":\"\",\"confirmed\":\"1\",\"activatedCount\":\"0\",\"activatedDate\":\"0000-00-00 00:00:00\",\"mailto\":\"\",\"openedBy\":\"zhouyao\",\"openedDate\":\"2021-02-20 15:48:19\",\"openedBuild\":\"2620\",\"assignedTo\":\"zhangyao\",\"assignedDate\":\"2021-02-20 18:29:32\",\"deadline\":\"0000-00-00\",\"resolvedBy\":\"\",\"resolution\":\"\",\"resolvedBuild\":\"\",\"resolvedDate\":\"0000-00-00 00:00:00\",\"closedBy\":\"\",\"closedDate\":\"0000-00-00 00:00:00\",\"duplicateBug\":\"0\",\"linkBug\":\"\",\"case\":\"0\",\"caseVersion\":\"0\",\"feedback\":\"0\",\"result\":\"0\",\"repo\":\"0\",\"entry\":\"\",\"lines\":\"\",\"v1\":\"\",\"v2\":\"\",\"repoType\":\"\",\"testtask\":\"0\",\"lastEditedBy\":\"zhangyao\",\"lastEditedDate\":\"2021-02-20 18:29:32\",\"deleted\":\"0\"},{\"id\":\"21966\",\"product\":\"7\",\"branch\":\"0\",\"module\":\"2713\",\"project\":\"412\",\"plan\":\"0\",\"story\":\"0\",\"storyVersion\":\"1\",\"task\":\"0\",\"toTask\":\"0\",\"toStory\":\"0\",\"title\":\"\\u3010winxp\\u7cfb\\u7edf\\u3011-winxp\\u64cd\\u4f5c\\u7cfb\\u7edf\\u7684\\u6a21\\u677f\\u5b89\\u88c5\\u5b8cguesttool\\u540e\\uff0c\\u5206\\u8fa8\\u7387\\u672a\\u81ea\\u9002\\u5e94\",\"keywords\":\"\",\"severity\":\"3\",\"pri\":\"3\",\"type\":\"others\",\"os\":\"all\",\"browser\":\"all\",\"hardware\":\"\",\"found\":\"\",\"steps\":\"<p>\\n\\t<b>\\u3010\\u73af\\u5883\\u3011<\\\/b> \\n<\\\/p>\\n<p style=\\\"background:#FFFFFF;\\\">\\n\\t<b><\\\/b> \\n<\\\/p>\\n<p class=\\\"MsoNormal\\\" style=\\\"background:#FFFFFF;\\\">\\n\\t\\u670d\\u52a1\\u5668\\u4e3b\\u63a7\\u517c\\u8ba1\\u7b97\\uff1a172.16.201.18\\n<\\\/p>\\n<p class=\\\"MsoNormal\\\" style=\\\"background:#FFFFFF;\\\">\\n\\t<img src=\\\"{52050.png}\\\" alt=\\\"\\\" \\\/><\\\/p>\\n<p style=\\\"background:#FFFFFF;\\\">\\n\\t<br \\\/><\\\/p>\\n<p style=\\\"background:#FFFFFF;\\\">\\n\\t\\u3010<strong>\\u524d\\u7f6e\\u6761\\u4ef6<\\\/strong>\\u3011\\n<\\\/p>\\n<p style=\\\"background:#FFFFFF;\\\">\\n\\t<br \\\/><\\\/p>\\n<p style=\\\"background:#FFFFFF;\\\">\\n\\t<b>\\u3010\\u6b65\\u9aa4\\u3011<\\\/b> \\n<\\\/p>\\n<p style=\\\"background:#FFFFFF;\\\">\\n\\t1.\\u4f7f\\u7528winxp\\u955c\\u50cf\\uff0c\\u624b\\u52a8\\u5b89\\u88c5\\u6a21\\u677f\\uff1azh-hans_windows_xp_professional_x86_cd_vl_x14-74070\\n<\\\/p>\\n<p style=\\\"background:#FFFFFF;\\\">\\n\\t2.\\u5b89\\u88c5\\u6210\\u529f\\u540e\\uff0c\\u5b89\\u88c5\\u6700\\u65b0\\u7684guesttool\\uff1a<b>guest-tools-5.3.0-10-gce5a0dd.iso<\\\/b> \\n<\\\/p>\\n<p style=\\\"background:#FFFFFF;\\\">\\n\\t3.guesttool\\u5b89\\u88c5\\u5b8c\\u6210\\u540e\\uff0c\\u68c0\\u67e5\\u6a21\\u677f\\u5206\\u8fa8\\u7387\\n<\\\/p>\\n<p style=\\\"background:#FFFFFF;\\\">\\n\\t&nbsp;\\n<\\\/p>\\n<p class=\\\"steptitle\\\" style=\\\"background:#FFFFFF;\\\">\\n\\t<b>\\u3010\\u7ed3\\u679c\\u3011<\\\/b> \\n<\\\/p>\\n<p style=\\\"background:#FFFFFF;\\\">\\n\\t1.\\u5b89\\u88c5\\u5b8cguesttool\\u540e\\uff0c\\u6a21\\u677f\\u5206\\u8fa8\\u7387\\u672a\\u81ea\\u9002\\u5e94\\uff0c\\u67e5\\u770b\\u5206\\u8fa8\\u7387\\u4e3a\\uff1a800*600\\n<\\\/p>\\n<p style=\\\"background:#FFFFFF;\\\">\\n\\t<img src=\\\"{52150.png}\\\" alt=\\\"\\\" \\\/><\\\/p>\\n<p style=\\\"background:#FFFFFF;\\\">\\n\\t<br \\\/><\\\/p>\\n<p style=\\\"background:#FFFFFF;\\\">\\n\\t\\u3010<b>\\u51fa\\u73b0\\u6982\\u7387<\\\/b>\\u3011\\n<\\\/p>\\n<p style=\\\"background:#FFFFFF;\\\">\\n\\t\\u5fc5\\u73b0\\n<\\\/p>\\n<p style=\\\"background:#FFFFFF;\\\">\\n\\t&nbsp;\\n<\\\/p>\\n<p class=\\\"steptitle\\\" style=\\\"background:#FFFFFF;\\\">\\n\\t<b>\\u3010<span style=\\\"font-weight:700;\\\">\\u671f\\u671b<\\\/span>\\u3011<\\\/b> \\n<\\\/p>\\n<p class=\\\"steptitle\\\" style=\\\"background:#FFFFFF;\\\">\\n\\t1.winxp\\u7cfb\\u7edf\\u5b89\\u88c5\\u5b8cguesttool\\u540e\\u53ef\\u4ee5\\u70b9\\u51fb\\u4fdd\\u5b58\\u6a21\\u677f\\n<\\\/p>\\n<p class=\\\"steptitle\\\" style=\\\"background:#FFFFFF;\\\">\\n\\t<br \\\/><\\\/p>\\n<p style=\\\"background:#FFFFFF;\\\">\\n\\t\\u3010<b>\\u9644\\u4ef6<\\\/b>\\u3011\\n<\\\/p>\\n<p style=\\\"background:#FFFFFF;\\\">\\n\\t<br \\\/><\\\/p>\",\"status\":\"active\",\"color\":\"\",\"confirmed\":\"1\",\"activatedCount\":\"0\",\"activatedDate\":\"0000-00-00 00:00:00\",\"mailto\":\"\",\"openedBy\":\"zhangxian\",\"openedDate\":\"2021-02-20 14:22:33\",\"openedBuild\":\"2620\",\"assignedTo\":\"zhangyao\",\"assignedDate\":\"2021-02-20 18:28:58\",\"deadline\":\"0000-00-00\",\"resolvedBy\":\"\",\"resolution\":\"\",\"resolvedBuild\":\"\",\"resolvedDate\":\"0000-00-00 00:00:00\",\"closedBy\":\"\",\"closedDate\":\"0000-00-00 00:00:00\",\"duplicateBug\":\"0\",\"linkBug\":\"\",\"case\":\"0\",\"caseVersion\":\"0\",\"feedback\":\"0\",\"result\":\"0\",\"repo\":\"0\",\"entry\":\"\",\"lines\":\"\",\"v1\":\"\",\"v2\":\"\",\"repoType\":\"\",\"testtask\":\"0\",\"lastEditedBy\":\"zhangyao\",\"lastEditedDate\":\"2021-02-20 18:28:58\",\"deleted\":\"0\"}],\"users\":{\"\":\"\",\"admin\":\"admin\",\"aixiangkui\":\"\\u827e\\u76f8\\u8475\",\"bbt\":\"\\u73ed\\u73ed\\u901a\",\"biexingxing\":\"\\u522b\\u661f\\u661f\",\"caozhen\":\"\\u66f9\\u632f\",\"chenghao\":\"\\u7a0b\\u7693\",\"chenxiaohu\":\"\\u9648\\u5c0f\\u864e\",\"donglinjie\":\"\\u8463\\u6797\\u6770\",\"duanhaigang\":\"\\u6bb5\\u6d77\\u5c97\",\"guoli\":\"\\u90ed\\u7acb\",\"huangzijie\":\"\\u9ec4\\u5b50\\u6770\",\"huhai\":\"\\u80e1\\u6d77\",\"huwenfeng\":\"\\u80e1\\u6587\\u5cf0\",\"huxiaosi\":\"\\u80e1\\u6653\\u601d\",\"jiazhihao\":\"\\u8d3e\\u5fd7\\u6d69\",\"jinjiao\":\"\\u91d1\\u59e3\",\"liaoyuni\":\"\\u5ed6\\u7389\\u59ae\",\"linyane2\":\"\\u6797\\u8273\\u5a25\",\"liqinwu\":\"\\u674e\\u52e4\\u6b66\",\"lishuang\":\"\\u674e\\u723d\",\"liuchi\":\"\\u5218\\u6c60\",\"liuhaijun\":\"\\u5218\\u6d77\\u519b\",\"maanqi\":\"\\u9a6c\\u5b89\\u7426\",\"panqun\":\"\\u6f58\\u7fa4\",\"panzhuoya\":\"\\u6f58\\u5353\\u96c5\",\"review\":\"\\u8bc4\\u5ba1\\u5458\",\"ruanke\":\"\\u962e\\u79d1\",\"ruanzelin\":\"\\u962e\\u6cfd\\u6797\",\"shenqian\":\"\\u6c88\\u524d\",\"songliangmin\":\"\\u5b8b\\u826f\\u654f\",\"sunjun\":\"\\u5b59\\u4fca\",\"tangjinli\":\"\\u5510\\u91d1\\u4e3d\",\"tanzhenhua\":\"\\u8c08\\u632f\\u534e\",\"tianyiwen\":\"\\u7530\\u6021\\u6587\",\"tongchunyue\":\"\\u7ae5\\u6625\\u6708\",\"wangchuan\":\"\\u738b\\u5ddd\",\"wangmengxiong\":\"\\u738b\\u68a6\\u718a\",\"wanhong\":\"\\u4e07\\u7ea2\",\"weicong\":\"\\u9b4f\\u806a\",\"weihong\":\"\\u9b4f\\u6d2a\",\"xiaowei\":\"\\u8096\\u73ae\",\"xiaowenting\":\"\\u8096\\u6587\\u5a77\",\"xufan\":\"\\u5f90\\u5e06\",\"xusha\":\"\\u5f90\\u6c99\",\"yangqiong\":\"\\u6768\\u743c\",\"yangyansi\":\"\\u6768\\u71d5\\u601d\",\"yizhongyin\":\"\\u7fbf\\u4e2d\\u5f15\",\"yuanyang\":\"\\u8881\\u9633\",\"yuweiwei\":\"\\u4f59\\u7ef4\\u4f1f\",\"yuzhengjun\":\"\\u4f59\\u653f\\u541b\",\"zhangchuansheng\":\"\\u7ae0\\u4f20\\u80dc\",\"zhangmeng2\":\"\\u5f20\\u68a6\",\"zhangxian\":\"\\u5f20\\u5a34\",\"zhangxuecheng\":\"\\u5f20\\u96ea\\u6210\",\"zhangyao\":\"\\u5f20\\u579a\",\"zhangyujie\":\"\\u5f20\\u7389\\u6d01\",\"zhanhuahao\":\"\\u8a79\\u534e\\u8c6a\",\"zhaowanting\":\"\\u8d75\\u5a49\\u5a77\",\"zhengyuqiang\":\"\\u90d1\\u80b2\\u5f3a\",\"zhengzhendi\":\"\\u90d1\\u73cd\\u8fea\",\"zhouheng\":\"\\u5468\\u8861\",\"zhouqiang\":\"\\u5468\\u5f3a\",\"zhoutianwen\":\"\\u5468\\u5929\\u6587\",\"zhouyao\":\"\\u5468\\u59da\",\"zhupan\":\"\\u6731\\u76fc\",\"zhupeng\":\"\\u6731\\u9e4f\",\"zhuxiaokun\":\"\\u6731\\u6653\\u951f\",\"zlxing\":\"\\u66fe\\u4e3d\\u661f\",\"zouxianyan\":\"\\u5468\\u5148\\u71d5\",\"zouyuhui\":\"\\u90b9\\u5b87\\u4f1a\",\"closed\":\"Closed\"},\"memberPairs\":{\"\":\"\",\"admin\":\"admin\",\"aixiangkui\":\"\\u827e\\u76f8\\u8475\",\"bbt\":\"\\u73ed\\u73ed\\u901a\",\"biexingxing\":\"\\u522b\\u661f\\u661f\",\"caozhen\":\"\\u66f9\\u632f\",\"chenghao\":\"\\u7a0b\\u7693\",\"chenxiaohu\":\"\\u9648\\u5c0f\\u864e\",\"donglinjie\":\"\\u8463\\u6797\\u6770\",\"duanhaigang\":\"\\u6bb5\\u6d77\\u5c97\",\"guoli\":\"\\u90ed\\u7acb\",\"huangzijie\":\"\\u9ec4\\u5b50\\u6770\",\"huhai\":\"\\u80e1\\u6d77\",\"huwenfeng\":\"\\u80e1\\u6587\\u5cf0\",\"huxiaosi\":\"\\u80e1\\u6653\\u601d\",\"jiazhihao\":\"\\u8d3e\\u5fd7\\u6d69\",\"jinjiao\":\"\\u91d1\\u59e3\",\"liaoyuni\":\"\\u5ed6\\u7389\\u59ae\",\"linyane2\":\"\\u6797\\u8273\\u5a25\",\"liqinwu\":\"\\u674e\\u52e4\\u6b66\",\"lishuang\":\"\\u674e\\u723d\",\"liuchi\":\"\\u5218\\u6c60\",\"liuhaijun\":\"\\u5218\\u6d77\\u519b\",\"maanqi\":\"\\u9a6c\\u5b89\\u7426\",\"panqun\":\"\\u6f58\\u7fa4\",\"panzhuoya\":\"\\u6f58\\u5353\\u96c5\",\"review\":\"\\u8bc4\\u5ba1\\u5458\",\"ruanke\":\"\\u962e\\u79d1\",\"ruanzelin\":\"\\u962e\\u6cfd\\u6797\",\"shenqian\":\"\\u6c88\\u524d\",\"songliangmin\":\"\\u5b8b\\u826f\\u654f\",\"sunjun\":\"\\u5b59\\u4fca\",\"tangjinli\":\"\\u5510\\u91d1\\u4e3d\",\"tanzhenhua\":\"\\u8c08\\u632f\\u534e\",\"tianyiwen\":\"\\u7530\\u6021\\u6587\",\"tongchunyue\":\"\\u7ae5\\u6625\\u6708\",\"wangchuan\":\"\\u738b\\u5ddd\",\"wangmengxiong\":\"\\u738b\\u68a6\\u718a\",\"wanhong\":\"\\u4e07\\u7ea2\",\"weicong\":\"\\u9b4f\\u806a\",\"weihong\":\"\\u9b4f\\u6d2a\",\"xiaowei\":\"\\u8096\\u73ae\",\"xiaowenting\":\"\\u8096\\u6587\\u5a77\",\"xufan\":\"\\u5f90\\u5e06\",\"xusha\":\"\\u5f90\\u6c99\",\"yangqiong\":\"\\u6768\\u743c\",\"yangyansi\":\"\\u6768\\u71d5\\u601d\",\"yizhongyin\":\"\\u7fbf\\u4e2d\\u5f15\",\"yuanyang\":\"\\u8881\\u9633\",\"yuweiwei\":\"\\u4f59\\u7ef4\\u4f1f\",\"yuzhengjun\":\"\\u4f59\\u653f\\u541b\",\"zhangchuansheng\":\"\\u7ae0\\u4f20\\u80dc\",\"zhangmeng2\":\"\\u5f20\\u68a6\",\"zhangxian\":\"\\u5f20\\u5a34\",\"zhangxuecheng\":\"\\u5f20\\u96ea\\u6210\",\"zhangyao\":\"\\u5f20\\u579a\",\"zhangyujie\":\"\\u5f20\\u7389\\u6d01\",\"zhanhuahao\":\"\\u8a79\\u534e\\u8c6a\",\"zhaowanting\":\"\\u8d75\\u5a49\\u5a77\",\"zhengyuqiang\":\"\\u90d1\\u80b2\\u5f3a\",\"zhengzhendi\":\"\\u90d1\\u73cd\\u8fea\",\"zhouheng\":\"\\u5468\\u8861\",\"zhouqiang\":\"\\u5468\\u5f3a\",\"zhoutianwen\":\"\\u5468\\u5929\\u6587\",\"zhouyao\":\"\\u5468\\u59da\",\"zhupan\":\"\\u6731\\u76fc\",\"zhupeng\":\"\\u6731\\u9e4f\",\"zhuxiaokun\":\"\\u6731\\u6653\\u951f\",\"zlxing\":\"\\u66fe\\u4e3d\\u661f\",\"zouxianyan\":\"\\u5468\\u5148\\u71d5\",\"zouyuhui\":\"\\u90b9\\u5b87\\u4f1a\",\"closed\":\"Closed\"},\"tabID\":\"bug\",\"type\":\"assignedTo\",\"recTotal\":\"2\",\"recPerPage\":\"500\",\"pageID\":\"1\",\"orderBy\":\"id_desc\",\"pager\":{\"recTotal\":2,\"recPerPage\":\"500\",\"pageCookie\":\"pagerMyBug\",\"pageTotal\":1,\"pageID\":\"1\",\"moduleName\":\"my\",\"methodName\":\"bug\",\"params\":null}}","md5":"be524508a1149fff79ee7c422b98eed6"}