{"status":"success","data":"{\"title\":\"\\u6211\\u7684\\u5730\\u76d8::\\u6211\\u7684\\u52a8\\u6001\",\"type\":\"lastmonth\",\"orderBy\":\"date_desc\",\"pager\":{\"recTotal\":94,\"recPerPage\":50,\"pageCookie\":\"pagerMyDynamic\",\"pageTotal\":2,\"pageID\":1,\"moduleName\":\"my\",\"methodName\":\"dynamic\",\"params\":null},\"dateGroups\":{\"2\\u670826\\u65e5\":[{\"id\":\"412205\",\"objectType\":\"bug\",\"objectID\":\"21931\",\"product\":\",7,\",\"project\":\"412\",\"actor\":\"zhangyao\",\"action\":\"assigned\",\"date\":\"2\\u670826\\u65e5 19:44\",\"comment\":\"\\u786e\\u8ba4\\u4e0b\\u5177\\u4f53\\u539f\\u56e0\\uff0c\\u5982\\u679c\\u662f\\u4efb\\u52a1\\u8fdb\\u884c\\u4e2d\\u6536\\u5230\\u7684\\u6d88\\u606f\\uff0c\\u5237\\u65b0\\u5e94\\u5f53\\u662f\\u6709\\u6548\\u679c\\u7684\",\"extra\":\"tianyiwen\",\"read\":\"1\",\"efforted\":\"0\",\"objectName\":\"\\u3010\\u4e2a\\u4eba\\u684c\\u9762\\u3011-\\u521b\\u5efaVDI\\u4e2a\\u4eba\\u684c\\u9762\\uff0c\\u754c\\u9762\\u672a\\u663e\\u793a\\u521b\\u5efa\\u8bb0\\u5f55\\u4f46\\u5728\\u4efb\\u52a1\\u961f\\u5217\\u4e2d\\u53ef\\u4ee5\\u770b\\u5230\\uff0c\\u5f85\\u4efb\\u52a1\\u5b8c\\u6210\\u540e\\u5237\\u65b0\\u754c\\u9762\\u540e\\u53ef\\u4ee5\\u770b\\u5230\\u65b0\\u589e\\u6210\\u529f\\u7684\\u684c\\u9762\",\"originalDate\":\"2021-02-26 19:44:24\",\"actionLabel\":\"\\u6307\\u6d3e\\u4e86\",\"objectLabel\":\"Bug\",\"objectLink\":\"\\\/zentao\\\/bug-view-21931.json\",\"major\":1,\"time\":\"19:44\"},{\"id\":\"412204\",\"objectType\":\"user\",\"objectID\":\"76\",\"product\":\",0,\",\"project\":\"0\",\"actor\":\"zhangyao\",\"action\":\"login\",\"date\":\"2\\u670826\\u65e5 19:42\",\"comment\":\"\",\"extra\":\"\",\"read\":\"0\",\"efforted\":\"0\",\"objectName\":\"zhangyao\",\"originalDate\":\"2021-02-26 19:42:37\",\"actionLabel\":\"\\u767b\\u5f55\\u7cfb\\u7edf\",\"objectLabel\":\"\\u7528\\u6237\",\"objectLink\":\"\\\/zentao\\\/user-view-zhangyao.json\",\"major\":0,\"time\":\"19:42\"},{\"id\":\"412087\",\"objectType\":\"user\",\"objectID\":\"76\",\"product\":\",0,\",\"project\":\"0\",\"actor\":\"zhangyao\",\"action\":\"login\",\"date\":\"2\\u670826\\u65e5 16:32\",\"comment\":\"\",\"extra\":\"\",\"read\":\"0\",\"efforted\":\"0\",\"objectName\":\"zhangyao\",\"originalDate\":\"2021-02-26 16:32:07\",\"actionLabel\":\"\\u767b\\u5f55\\u7cfb\\u7edf\",\"objectLabel\":\"\\u7528\\u6237\",\"objectLink\":\"\\\/zentao\\\/user-view-zhangyao.json\",\"major\":0,\"time\":\"16:32\"},{\"id\":\"411992\",\"objectType\":\"user\",\"objectID\":\"76\",\"product\":\",0,\",\"project\":\"0\",\"actor\":\"zhangyao\",\"action\":\"login\",\"date\":\"2\\u670826\\u65e5 14:06\",\"comment\":\"\",\"extra\":\"\",\"read\":\"0\",\"efforted\":\"0\",\"objectName\":\"zhangyao\",\"originalDate\":\"2021-02-26 14:06:25\",\"actionLabel\":\"\\u767b\\u5f55\\u7cfb\\u7edf\",\"objectLabel\":\"\\u7528\\u6237\",\"objectLink\":\"\\\/zentao\\\/user-view-zhangyao.json\",\"major\":0,\"time\":\"14:06\"},{\"id\":\"411963\",\"objectType\":\"bug\",\"objectID\":\"22124\",\"product\":\",7,\",\"project\":\"412\",\"actor\":\"zhangyao\",\"action\":\"assigned\",\"date\":\"2\\u670826\\u65e5 11:45\",\"comment\":\"\\u548c\\u5c0f\\u864e\\u786e\\u5b9a\\u4e00\\u4e0b\\u600e\\u4e48\\u6539\\u8fd9\\u4e2a\\u95ee\\u9898\",\"extra\":\"wangchuan\",\"read\":\"1\",\"efforted\":\"0\",\"objectName\":\"\\u3010Linux\\u5ba2\\u6237\\u7aef\\u3011\\u521d\\u59cb\\u5316\\u754c\\u9762\\uff0c\\u5347\\u7ea7\\u5ba2\\u6237\\u7aef\\uff0cU\\u76d8\\u5185\\u7684\\u5347\\u7ea7\\u5305\\u4f4e\\u4e8e\\u8be5\\u5ba2\\u6237\\u7aef\\u7248\\u672c\\uff0c\\u6587\\u4ef6\\u53ef\\u4ee5\\u9009\\u62e9\\u5e76\\u4e14\\u53ef\\u8fdb\\u884c\\u5347\\u7ea7\\u64cd\\u4f5c\",\"originalDate\":\"2021-02-26 11:45:59\",\"actionLabel\":\"\\u6307\\u6d3e\\u4e86\",\"objectLabel\":\"Bug\",\"objectLink\":\"\\\/zentao\\\/bug-view-22124.json\",\"major\":1,\"time\":\"11:45\"},{\"id\":\"411961\",\"objectType\":\"bug\",\"objectID\":\"22148\",\"product\":\",7,\",\"project\":\"412\",\"actor\":\"zhangyao\",\"action\":\"assigned\",\"date\":\"2\\u670826\\u65e5 11:45\",\"comment\":\"<p>\\r\\n\\t\\u4e00\\u822c\\u662f\\u516c\\u53f8\\u6280\\u672f\\u5b89\\u88c5\\u7684\\uff0c\\u57fa\\u672c\\u4e0a\\u90fd\\u662f\\u77e5\\u9053\\u7684\\u3002\\r\\n<\\\/p>\\r\\n<p>\\r\\n\\t\\u548c\\u9700\\u6c42\\u786e\\u5b9a\\u4e00\\u4e0b\\r\\n<\\\/p>\",\"extra\":\"wangchuan\",\"read\":\"1\",\"efforted\":\"0\",\"objectName\":\"\\u3010Windows\\u7aef\\u3011\\u521d\\u59cb\\u5316\\u754c\\u9762\\u8bbe\\u7f6e-\\u91cd\\u7f6e\\u529f\\u80fd\\uff0c\\u6062\\u590dip\\u3001\\u7aef\\u53e3\\u521d\\u59cb\\u503c\\u4f18\\u5316\\u5efa\\u8bae\",\"originalDate\":\"2021-02-26 11:45:05\",\"actionLabel\":\"\\u6307\\u6d3e\\u4e86\",\"objectLabel\":\"Bug\",\"objectLink\":\"\\\/zentao\\\/bug-view-22148.json\",\"major\":1,\"time\":\"11:45\"},{\"id\":\"411959\",\"objectType\":\"bug\",\"objectID\":\"22152\",\"product\":\",7,\",\"project\":\"412\",\"actor\":\"zhangyao\",\"action\":\"assigned\",\"date\":\"2\\u670826\\u65e5 11:43\",\"comment\":\"<p>\\r\\n\\t\\u8fd9\\u4e2a\\u95ee\\u9898\\uff0c\\u524d\\u7aef\\u53ef\\u4ee5\\u89e3\\u51b3\\uff0c\\u95ee\\u9898\\u662f\\u8fd9\\u91cc\\u6d89\\u53ca\\u5230\\u591a\\u7aef\\uff1a\\r\\n<\\\/p>\\r\\n<p>\\r\\n\\twindows, linux&nbsp; &nbsp;\\u5c0f\\u864e&nbsp; &nbsp; &nbsp; &nbsp; \\u9700\\u8981\\u786e\\u5b9a\\r\\n<\\\/p>\\r\\n<p>\\r\\n\\tandroid&nbsp; &nbsp; &nbsp; &nbsp; &nbsp; &nbsp; &nbsp;\\u7ae5\\u6625\\u6708&nbsp; &nbsp; &nbsp; \\u597d\\u50cf\\u4e0d\\u652f\\u6301\\r\\n<\\\/p>\\r\\n<p>\\r\\n\\tweb&nbsp; &nbsp; &nbsp; &nbsp; &nbsp; &nbsp; &nbsp; &nbsp; &nbsp; &nbsp; &nbsp;\\u6211&nbsp; &nbsp; &nbsp; &nbsp; &nbsp; &nbsp;\\u786e\\u5b9a\\u53ef\\u4ee5\\u6539\\r\\n<\\\/p>\\r\\n<p>\\r\\n\\t\\u4ea7\\u54c1\\u7ecf\\u7406\\u9700\\u8981\\u786e\\u8ba4\\u4e00\\u4e0b\\u51e0\\u4e2a\\u7aef\\u662f\\u5426\\u9700\\u8981\\u90fd\\u6539\\uff0c\\u5426\\u5219\\u4ec5\\u4ec5\\u6211\\u8fd9\\u8fb9\\u6539\\u610f\\u4e49\\u4e0d\\u5927\\u3002\\r\\n<\\\/p>\",\"extra\":\"caozhen\",\"read\":\"1\",\"efforted\":\"0\",\"objectName\":\"\\u3010\\u684c\\u9762\\u5206\\u8fa8\\u7387\\u3011\\u5ba2\\u6237\\u7aef\\u5f00\\u542fH.264\\uff0cweb\\u7aef\\u6ca1\\u5f00\\u542fH.264\\uff0c\\u5ba2\\u6237\\u7aef\\u8fde\\u63a5\\u5947\\u6570\\u5206\\u8fa8\\u7387\\u7684\\u684c\\u9762\\u5bfc\\u81f4\\u684c\\u9762\\u5d29\\u6e83\",\"originalDate\":\"2021-02-26 11:43:47\",\"actionLabel\":\"\\u6307\\u6d3e\\u4e86\",\"objectLabel\":\"Bug\",\"objectLink\":\"\\\/zentao\\\/bug-view-22152.json\",\"major\":1,\"time\":\"11:43\"},{\"id\":\"411958\",\"objectType\":\"user\",\"objectID\":\"76\",\"product\":\",0,\",\"project\":\"0\",\"actor\":\"zhangyao\",\"action\":\"login\",\"date\":\"2\\u670826\\u65e5 11:40\",\"comment\":\"\",\"extra\":\"\",\"read\":\"0\",\"efforted\":\"0\",\"objectName\":\"zhangyao\",\"originalDate\":\"2021-02-26 11:40:37\",\"actionLabel\":\"\\u767b\\u5f55\\u7cfb\\u7edf\",\"objectLabel\":\"\\u7528\\u6237\",\"objectLink\":\"\\\/zentao\\\/user-view-zhangyao.json\",\"major\":0,\"time\":\"11:40\"}],\"2\\u670825\\u65e5\":[{\"id\":\"411682\",\"objectType\":\"user\",\"objectID\":\"76\",\"product\":\",0,\",\"project\":\"0\",\"actor\":\"zhangyao\",\"action\":\"login\",\"date\":\"2\\u670825\\u65e5 18:38\",\"comment\":\"\",\"extra\":\"\",\"read\":\"0\",\"efforted\":\"0\",\"objectName\":\"zhangyao\",\"originalDate\":\"2021-02-25 18:38:37\",\"actionLabel\":\"\\u767b\\u5f55\\u7cfb\\u7edf\",\"objectLabel\":\"\\u7528\\u6237\",\"objectLink\":\"\\\/zentao\\\/user-view-zhangyao.json\",\"major\":0,\"time\":\"18:38\"},{\"id\":\"411681\",\"objectType\":\"user\",\"objectID\":\"76\",\"product\":\",0,\",\"project\":\"0\",\"actor\":\"zhangyao\",\"action\":\"logout\",\"date\":\"2\\u670825\\u65e5 18:38\",\"comment\":\"\",\"extra\":\"\",\"read\":\"0\",\"efforted\":\"0\",\"objectName\":\"zhangyao\",\"originalDate\":\"2021-02-25 18:38:32\",\"actionLabel\":\"\\u9000\\u51fa\\u767b\\u5f55\",\"objectLabel\":\"\\u7528\\u6237\",\"objectLink\":\"\\\/zentao\\\/user-view-zhangyao.json\",\"major\":0,\"time\":\"18:38\"},{\"id\":\"411680\",\"objectType\":\"user\",\"objectID\":\"76\",\"product\":\",0,\",\"project\":\"0\",\"actor\":\"zhangyao\",\"action\":\"login\",\"date\":\"2\\u670825\\u65e5 18:37\",\"comment\":\"\",\"extra\":\"\",\"read\":\"0\",\"efforted\":\"0\",\"objectName\":\"zhangyao\",\"originalDate\":\"2021-02-25 18:37:59\",\"actionLabel\":\"\\u767b\\u5f55\\u7cfb\\u7edf\",\"objectLabel\":\"\\u7528\\u6237\",\"objectLink\":\"\\\/zentao\\\/user-view-zhangyao.json\",\"major\":0,\"time\":\"18:37\"},{\"id\":\"411655\",\"objectType\":\"bug\",\"objectID\":\"22006\",\"product\":\",7,\",\"project\":\"412\",\"actor\":\"zhangyao\",\"action\":\"commented\",\"date\":\"2\\u670825\\u65e5 17:40\",\"comment\":\"\\u4eca\\u5929\\u4ed4\\u7ec6\\u67e5\\u770b\\u4e86\\u4e0b\\u8f7d\\u903b\\u8f91\\uff0c\\u5e76\\u505a\\u4e86\\u4e00\\u70b9\\u4f18\\u5316\\uff0c\\u4f46\\u4e0d\\u786e\\u5b9a\\u662f\\u5426\\u6709\\u6548\\uff0c\\u7b49\\u5f85\\u4e0b\\u6b21\\u6253\\u5305\\u9a8c\\u8bc1\",\"extra\":\"\",\"read\":\"1\",\"efforted\":\"0\",\"objectName\":\"\\u3010\\u4e2a\\u4eba\\u6a21\\u677f\\u3011\\u4e0b\\u8f7d\\u6309\\u94ae\\u4e0b\\u8f7d\\u8fc7\\u7a0b\\u4e2d\\uff0c\\u684c\\u9762\\u5206\\u8fa8\\u7387\\u81ea\\u9002\\u5e94\\u3001\\u5237\\u65b0\\u6d4f\\u89c8\\u5668\\u7a97\\u53e3\\uff0c\\u4f1a\\u5bfc\\u81f4\\u4e0b\\u8f7d\\u5931\\u8d25\",\"originalDate\":\"2021-02-25 17:40:16\",\"actionLabel\":\"\\u8bc4\\u8bba\\u4e86\",\"objectLabel\":\"Bug\",\"objectLink\":\"\\\/zentao\\\/bug-view-22006.json\",\"major\":0,\"time\":\"17:40\"},{\"id\":\"411506\",\"objectType\":\"bug\",\"objectID\":\"22084\",\"product\":\",7,\",\"project\":\"412\",\"actor\":\"zhangyao\",\"action\":\"assigned\",\"date\":\"2\\u670825\\u65e5 15:41\",\"comment\":\"\",\"extra\":\"huangzijie\",\"read\":\"1\",\"efforted\":\"0\",\"objectName\":\"\\u3010\\u684c\\u9762HA\\u3011\\u670d\\u52a1\\u5668\\u6709\\u4e24\\u4e2a\\u8282\\u70b9\\uff0c\\u521b\\u5efaHA\\u7b56\\u7565\\u76ee\\u6807\\u8282\\u70b9\\u9009\\u62e9\\u4e00\\u4e2a\\uff0c\\u7f16\\u8f91\\u7b56\\u7565\\u65f6\\u67e5\\u770b\\u76ee\\u6807\\u8282\\u70b9\\u88ab\\u5168\\u90e8\\u52fe\\u9009\",\"originalDate\":\"2021-02-25 15:41:26\",\"actionLabel\":\"\\u6307\\u6d3e\\u4e86\",\"objectLabel\":\"Bug\",\"objectLink\":\"\\\/zentao\\\/bug-view-22084.json\",\"major\":1,\"time\":\"15:41\"},{\"id\":\"411470\",\"objectType\":\"bug\",\"objectID\":\"22081\",\"product\":\",7,\",\"project\":\"412\",\"actor\":\"zhangyao\",\"action\":\"assigned\",\"date\":\"2\\u670825\\u65e5 15:01\",\"comment\":\"\",\"extra\":\"chenxiaohu\",\"read\":\"1\",\"efforted\":\"0\",\"objectName\":\"\\u3010\\u4e2a\\u4eba\\u6a21\\u677f\\u3011\\u4e0b\\u8f7d\\u6309\\u94ae\\uff0c\\u9009\\u4e2d\\u4e24\\u4e2a\\u53ca\\u4ee5\\u4e0a\\u6587\\u4ef6\\uff0c\\u62d6\\u62fd\\u81f3\\u4e0b\\u8f7d\\u6846\\u5904\\uff0c\\u53ea\\u4f1a\\u4e0b\\u8f7d\\u62d6\\u62fd\\u7684\\u6587\\u4ef6\\uff0c\\u5176\\u4ed6\\u6587\\u4ef6\\u7b49\\u5f85\\u54cd\\u5e94\\uff0c\\u6ca1\\u6709\\u4e0b\\u8f7d\",\"originalDate\":\"2021-02-25 15:01:57\",\"actionLabel\":\"\\u6307\\u6d3e\\u4e86\",\"objectLabel\":\"Bug\",\"objectLink\":\"\\\/zentao\\\/bug-view-22081.json\",\"major\":1,\"time\":\"15:01\"},{\"id\":\"411469\",\"objectType\":\"bug\",\"objectID\":\"22081\",\"product\":\",7,\",\"project\":\"412\",\"actor\":\"zhangyao\",\"action\":\"commented\",\"date\":\"2\\u670825\\u65e5 15:01\",\"comment\":\"<p>\\r\\n\\t\\u8c03\\u8bd5\\u53d1\\u73b0agent\\u8fd4\\u56de\\u4e86\\u9519\\u8bef\\u7684\\u6570\\u636e\\uff0c\\u5c0f\\u864e\\u5148\\u770b\\u770b\\uff1a\\r\\n<\\\/p>\\r\\n<p>\\r\\n\\t<img src=\\\"{52576.png}\\\" alt=\\\"\\\" \\\/>\\r\\n<\\\/p>\\r\\n<p>\\r\\n\\t<img src=\\\"{52577.png}\\\" alt=\\\"\\\" \\\/>\\r\\n<\\\/p>\",\"extra\":\"\",\"read\":\"1\",\"efforted\":\"0\",\"objectName\":\"\\u3010\\u4e2a\\u4eba\\u6a21\\u677f\\u3011\\u4e0b\\u8f7d\\u6309\\u94ae\\uff0c\\u9009\\u4e2d\\u4e24\\u4e2a\\u53ca\\u4ee5\\u4e0a\\u6587\\u4ef6\\uff0c\\u62d6\\u62fd\\u81f3\\u4e0b\\u8f7d\\u6846\\u5904\\uff0c\\u53ea\\u4f1a\\u4e0b\\u8f7d\\u62d6\\u62fd\\u7684\\u6587\\u4ef6\\uff0c\\u5176\\u4ed6\\u6587\\u4ef6\\u7b49\\u5f85\\u54cd\\u5e94\\uff0c\\u6ca1\\u6709\\u4e0b\\u8f7d\",\"originalDate\":\"2021-02-25 15:01:34\",\"actionLabel\":\"\\u8bc4\\u8bba\\u4e86\",\"objectLabel\":\"Bug\",\"objectLink\":\"\\\/zentao\\\/bug-view-22081.json\",\"major\":0,\"time\":\"15:01\"},{\"id\":\"411467\",\"objectType\":\"user\",\"objectID\":\"76\",\"product\":\",0,\",\"project\":\"0\",\"actor\":\"zhangyao\",\"action\":\"login\",\"date\":\"2\\u670825\\u65e5 14:55\",\"comment\":\"\",\"extra\":\"\",\"read\":\"0\",\"efforted\":\"0\",\"objectName\":\"zhangyao\",\"originalDate\":\"2021-02-25 14:55:34\",\"actionLabel\":\"\\u767b\\u5f55\\u7cfb\\u7edf\",\"objectLabel\":\"\\u7528\\u6237\",\"objectLink\":\"\\\/zentao\\\/user-view-zhangyao.json\",\"major\":0,\"time\":\"14:55\"},{\"id\":\"411157\",\"objectType\":\"user\",\"objectID\":\"76\",\"product\":\",0,\",\"project\":\"0\",\"actor\":\"zhangyao\",\"action\":\"login\",\"date\":\"2\\u670825\\u65e5 08:26\",\"comment\":\"\",\"extra\":\"\",\"read\":\"0\",\"efforted\":\"0\",\"objectName\":\"zhangyao\",\"originalDate\":\"2021-02-25 08:26:43\",\"actionLabel\":\"\\u767b\\u5f55\\u7cfb\\u7edf\",\"objectLabel\":\"\\u7528\\u6237\",\"objectLink\":\"\\\/zentao\\\/user-view-zhangyao.json\",\"major\":0,\"time\":\"08:26\"}],\"2\\u670824\\u65e5\":[{\"id\":\"411125\",\"objectType\":\"bug\",\"objectID\":\"22104\",\"product\":\",7,\",\"project\":\"412\",\"actor\":\"zhangyao\",\"action\":\"assigned\",\"date\":\"2\\u670824\\u65e5 20:10\",\"comment\":\"\\u8fd9\\u4e2a\\u662f\\u90b9\\u5b87\\u4f1a\\u8981\\u52a0\\u7684\\u56fe\\u5427\\uff1f\",\"extra\":\"weicong\",\"read\":\"1\",\"efforted\":\"0\",\"objectName\":\"\\u3010\\u5c4f\\u5e55\\u6c34\\u5370\\u3011\\u9884\\u89c8\\u56fe\\u7247\\u5c55\\u793a\\u4e86\\u7cfb\\u7edf\\u5c5e\\u6027\\u5bf9\\u8bdd\\u6846\\uff0c\\u906e\\u4f4f\\u4e86\\u90e8\\u5206\\u5c4f\\u5e55\\u6c34\\u5370\\u5b57\\u6837\\uff0c\\u7528\\u6237\\u4f53\\u9a8c\\u4e0d\\u597d\",\"originalDate\":\"2021-02-24 20:10:25\",\"actionLabel\":\"\\u6307\\u6d3e\\u4e86\",\"objectLabel\":\"Bug\",\"objectLink\":\"\\\/zentao\\\/bug-view-22104.json\",\"major\":1,\"time\":\"20:10\"},{\"id\":\"411123\",\"objectType\":\"bug\",\"objectID\":\"22124\",\"product\":\",7,\",\"project\":\"412\",\"actor\":\"zhangyao\",\"action\":\"assigned\",\"date\":\"2\\u670824\\u65e5 20:08\",\"comment\":\"<p>\\r\\n\\t\\u6b64\\u529f\\u80fd\\u548c\\u4e4b\\u524d\\u7248\\u672c\\u76f8\\u6bd4\\u6ca1\\u6709\\u53d1\\u751f\\u53d8\\u66f4\\r\\n<\\\/p>\\r\\n<p>\\r\\n\\t\\u5f15\\u8d77\\u6b64\\u95ee\\u9898\\u7684\\u539f\\u56e0\\u6839\\u636e\\u7aef\\u4e0d\\u540c\\u89e3\\u51b3\\u529e\\u6cd5\\u4e5f\\u4e0d\\u540c\\r\\n<\\\/p>\\r\\n<p>\\r\\n\\tAndroid\\uff1a\\r\\n<\\\/p>\\r\\n<p>\\r\\n\\t&nbsp; &nbsp;\\u76f4\\u63a5\\u5411\\u524d\\u7aef\\u8fd4\\u56de\\u4e86\\u5347\\u7ea7\\u5305\\u7684\\u8def\\u5f84\\uff0c\\u524d\\u7aef\\u9ed8\\u8ba4\\u4e3a\\u7ed9\\u5b9a\\u7684\\u8def\\u5f84\\u5305\\u53ef\\u5347\\u7ea7\\r\\n<\\\/p>\\r\\n<p>\\r\\n\\tlinux\\uff1a\\r\\n<\\\/p>\\r\\n<p>\\r\\n\\t&nbsp; &nbsp;\\u8fd4\\u56de\\u4e86\\u8def\\u5f84\\u548c\\u662f\\u5426\\u53ef\\u5347\\u7ea7\\u7684\\u6807\\u8bb0\\uff0c\\u53d1\\u751fBUG\\u6240\\u8ff0\\u95ee\\u9898\\u65f6\\uff0c\\u6b64\\u6807\\u8bb0\\u663e\\u793a\\u53ef\\u5347\\u7ea7\\r\\n<\\\/p>\\r\\n<p>\\r\\n\\t\\u7531\\u4e8e\\u4e24\\u4e2a\\u7aef\\u76ee\\u524d\\u7684\\u5904\\u7406\\u4e0d\\u540c\\uff0c\\u52a0\\u4e0a\\u5386\\u53f2\\u539f\\u56e0\\uff0c\\u76ee\\u524d\\u9700\\u8981\\u4ea7\\u54c1\\u7ed9\\u51fa\\u5904\\u7406\\u610f\\u89c1\\r\\n<\\\/p>\",\"extra\":\"caozhen\",\"read\":\"1\",\"efforted\":\"0\",\"objectName\":\"\\u3010Linux\\u5ba2\\u6237\\u7aef\\u3011\\u521d\\u59cb\\u5316\\u754c\\u9762\\uff0c\\u5347\\u7ea7\\u5ba2\\u6237\\u7aef\\uff0cU\\u76d8\\u5185\\u7684\\u5347\\u7ea7\\u5305\\u4f4e\\u4e8e\\u8be5\\u5ba2\\u6237\\u7aef\\u7248\\u672c\\uff0c\\u6587\\u4ef6\\u53ef\\u4ee5\\u9009\\u62e9\\u5e76\\u4e14\\u53ef\\u8fdb\\u884c\\u5347\\u7ea7\\u64cd\\u4f5c\",\"originalDate\":\"2021-02-24 20:08:33\",\"actionLabel\":\"\\u6307\\u6d3e\\u4e86\",\"objectLabel\":\"Bug\",\"objectLink\":\"\\\/zentao\\\/bug-view-22124.json\",\"major\":1,\"time\":\"20:08\"},{\"id\":\"411112\",\"objectType\":\"user\",\"objectID\":\"76\",\"product\":\",0,\",\"project\":\"0\",\"actor\":\"zhangyao\",\"action\":\"login\",\"date\":\"2\\u670824\\u65e5 19:53\",\"comment\":\"\",\"extra\":\"\",\"read\":\"0\",\"efforted\":\"0\",\"objectName\":\"zhangyao\",\"originalDate\":\"2021-02-24 19:53:07\",\"actionLabel\":\"\\u767b\\u5f55\\u7cfb\\u7edf\",\"objectLabel\":\"\\u7528\\u6237\",\"objectLink\":\"\\\/zentao\\\/user-view-zhangyao.json\",\"major\":0,\"time\":\"19:53\"},{\"id\":\"411085\",\"objectType\":\"bug\",\"objectID\":\"22081\",\"product\":\",7,\",\"project\":\"412\",\"actor\":\"zhangyao\",\"action\":\"bugconfirmed\",\"date\":\"2\\u670824\\u65e5 19:12\",\"comment\":\"\",\"extra\":\"\",\"read\":\"1\",\"efforted\":\"0\",\"objectName\":\"\\u3010\\u4e2a\\u4eba\\u6a21\\u677f\\u3011\\u4e0b\\u8f7d\\u6309\\u94ae\\uff0c\\u9009\\u4e2d\\u4e24\\u4e2a\\u53ca\\u4ee5\\u4e0a\\u6587\\u4ef6\\uff0c\\u62d6\\u62fd\\u81f3\\u4e0b\\u8f7d\\u6846\\u5904\\uff0c\\u53ea\\u4f1a\\u4e0b\\u8f7d\\u62d6\\u62fd\\u7684\\u6587\\u4ef6\\uff0c\\u5176\\u4ed6\\u6587\\u4ef6\\u7b49\\u5f85\\u54cd\\u5e94\\uff0c\\u6ca1\\u6709\\u4e0b\\u8f7d\",\"originalDate\":\"2021-02-24 19:12:15\",\"actionLabel\":\"\\u786e\\u8ba4\\u4e86\",\"objectLabel\":\"Bug\",\"objectLink\":\"\\\/zentao\\\/bug-view-22081.json\",\"major\":0,\"time\":\"19:12\"},{\"id\":\"410945\",\"objectType\":\"bug\",\"objectID\":\"8908\",\"product\":\",7,\",\"project\":\"278\",\"actor\":\"zhangyao\",\"action\":\"assigned\",\"date\":\"2\\u670824\\u65e5 17:16\",\"comment\":\"\\u786e\\u8ba4\\u4e0b\\u8fd9\\u4e2a\\u95ee\\u9898\",\"extra\":\"huangzijie\",\"read\":\"1\",\"efforted\":\"0\",\"objectName\":\"\\u3010\\u6fc0\\u6d3b\\u6388\\u6743\\u4e13\\u9879\\u3011-\\u5728\\u7ebf\\u6fc0\\u6d3b\\u9875\\u9762\\u63d0\\u4ea4\\u9519\\u8befID\\u4ec5\\u5269\\u4f59\\u4e00\\u6b21\\u673a\\u4f1a\\u65f6\\u624d\\u7ed9\\u51fa\\u63d0\\u9192\\uff0c\\u5efa\\u8bae\\u63d0\\u524d\\u544a\\u77e5\\u7528\\u6237\",\"originalDate\":\"2021-02-24 17:16:31\",\"actionLabel\":\"\\u6307\\u6d3e\\u4e86\",\"objectLabel\":\"Bug\",\"objectLink\":\"\\\/zentao\\\/bug-view-8908.json\",\"major\":1,\"time\":\"17:16\"},{\"id\":\"410942\",\"objectType\":\"user\",\"objectID\":\"76\",\"product\":\",0,\",\"project\":\"0\",\"actor\":\"zhangyao\",\"action\":\"login\",\"date\":\"2\\u670824\\u65e5 17:14\",\"comment\":\"\",\"extra\":\"\",\"read\":\"0\",\"efforted\":\"0\",\"objectName\":\"zhangyao\",\"originalDate\":\"2021-02-24 17:14:35\",\"actionLabel\":\"\\u767b\\u5f55\\u7cfb\\u7edf\",\"objectLabel\":\"\\u7528\\u6237\",\"objectLink\":\"\\\/zentao\\\/user-view-zhangyao.json\",\"major\":0,\"time\":\"17:14\"},{\"id\":\"410920\",\"objectType\":\"user\",\"objectID\":\"76\",\"product\":\",0,\",\"project\":\"0\",\"actor\":\"zhangyao\",\"action\":\"logout\",\"date\":\"2\\u670824\\u65e5 16:21\",\"comment\":\"\",\"extra\":\"\",\"read\":\"0\",\"efforted\":\"0\",\"objectName\":\"zhangyao\",\"originalDate\":\"2021-02-24 16:21:19\",\"actionLabel\":\"\\u9000\\u51fa\\u767b\\u5f55\",\"objectLabel\":\"\\u7528\\u6237\",\"objectLink\":\"\\\/zentao\\\/user-view-zhangyao.json\",\"major\":0,\"time\":\"16:21\"},{\"id\":\"410919\",\"objectType\":\"user\",\"objectID\":\"76\",\"product\":\",0,\",\"project\":\"0\",\"actor\":\"zhangyao\",\"action\":\"login\",\"date\":\"2\\u670824\\u65e5 16:21\",\"comment\":\"\",\"extra\":\"\",\"read\":\"0\",\"efforted\":\"0\",\"objectName\":\"zhangyao\",\"originalDate\":\"2021-02-24 16:21:16\",\"actionLabel\":\"\\u767b\\u5f55\\u7cfb\\u7edf\",\"objectLabel\":\"\\u7528\\u6237\",\"objectLink\":\"\\\/zentao\\\/user-view-zhangyao.json\",\"major\":0,\"time\":\"16:21\"},{\"id\":\"410798\",\"objectType\":\"user\",\"objectID\":\"76\",\"product\":\",0,\",\"project\":\"0\",\"actor\":\"zhangyao\",\"action\":\"login\",\"date\":\"2\\u670824\\u65e5 14:06\",\"comment\":\"\",\"extra\":\"\",\"read\":\"0\",\"efforted\":\"0\",\"objectName\":\"zhangyao\",\"originalDate\":\"2021-02-24 14:06:10\",\"actionLabel\":\"\\u767b\\u5f55\\u7cfb\\u7edf\",\"objectLabel\":\"\\u7528\\u6237\",\"objectLink\":\"\\\/zentao\\\/user-view-zhangyao.json\",\"major\":0,\"time\":\"14:06\"},{\"id\":\"410645\",\"objectType\":\"bug\",\"objectID\":\"22006\",\"product\":\",7,\",\"project\":\"412\",\"actor\":\"zhangyao\",\"action\":\"commented\",\"date\":\"2\\u670824\\u65e5 09:39\",\"comment\":\"<p>\\r\\n\\t\\u521a\\u521a\\u8ddf\\u90ed\\u7acb\\u518d\\u5ea6\\u8fdb\\u884c\\u4e86\\u786e\\u8ba4\\uff0c\\u95ee\\u98981\\u6982\\u7387\\u6027\\u95ee\\u9898\\u8ddf\\u65f6\\u95f4\\u5dee\\u6709\\u5173\\u3002\\r\\n<\\\/p>\\r\\n<p>\\r\\n\\t\\u5f53\\u53d1\\u73b0\\u4e0b\\u8f7d\\u5b8c\\u6587\\u4ef6\\uff0c\\u7acb\\u523b\\u70b9\\u51fb\\u3010\\u6587\\u4ef6\\u4e0b\\u8f7d\\u3011\\u5e76\\u8fc5\\u901f\\u62d6\\u52a8\\u6587\\u4ef6\\u5f00\\u59cb\\u4e0b\\u8f7d\\uff0c\\u6b64\\u65f6\\u5931\\u8d25\\u6982\\u7387\\u8f83\\u9ad8\\u3002\\r\\n<\\\/p>\\r\\n<p>\\r\\n\\t\\u5f53\\u53d1\\u73b0\\u4e0b\\u8f7d\\u5b8c\\u6587\\u4ef6\\uff0c\\u5e76\\u5728\\u6d4f\\u89c8\\u5668\\u6587\\u4ef6\\u4e0b\\u8f7d\\u9875\\u9762\\u786e\\u8ba4\\u6587\\u4ef6\\u4e0b\\u8f7d\\u5b8c\\u6bd5\\uff0c\\u518d\\u56de\\u5230 spice \\u9875\\u9762\\uff0c\\u91cd\\u65b0\\u5f00\\u59cb\\u4e0b\\u8f7d\\uff0c\\u6b64\\u65f6\\u672a\\u5931\\u8d25\\u3002\\r\\n<\\\/p>\\r\\n<p>\\r\\n\\t\\u540e\\u9762\\u8ddf\\u5c0f\\u864e\\u786e\\u8ba4\\u5f15\\u8d77\\u65f6\\u95f4\\u5dee\\u7684\\u5173\\u952e\\u539f\\u56e0\\u3002\\r\\n<\\\/p>\",\"extra\":\"\",\"read\":\"1\",\"efforted\":\"0\",\"objectName\":\"\\u3010\\u4e2a\\u4eba\\u6a21\\u677f\\u3011\\u4e0b\\u8f7d\\u6309\\u94ae\\u4e0b\\u8f7d\\u8fc7\\u7a0b\\u4e2d\\uff0c\\u684c\\u9762\\u5206\\u8fa8\\u7387\\u81ea\\u9002\\u5e94\\u3001\\u5237\\u65b0\\u6d4f\\u89c8\\u5668\\u7a97\\u53e3\\uff0c\\u4f1a\\u5bfc\\u81f4\\u4e0b\\u8f7d\\u5931\\u8d25\",\"originalDate\":\"2021-02-24 09:39:38\",\"actionLabel\":\"\\u8bc4\\u8bba\\u4e86\",\"objectLabel\":\"Bug\",\"objectLink\":\"\\\/zentao\\\/bug-view-22006.json\",\"major\":0,\"time\":\"09:39\"},{\"id\":\"410623\",\"objectType\":\"bug\",\"objectID\":\"22058\",\"product\":\",7,\",\"project\":\"412\",\"actor\":\"zhangyao\",\"action\":\"assigned\",\"date\":\"2\\u670824\\u65e5 09:29\",\"comment\":\"<p>\\r\\n\\t\\u4e0d\\u53ef\\u4ee5\\r\\n<\\\/p>\\r\\n<p>\\r\\n\\t\\u6587\\u4ef6\\u4e0b\\u8f7d\\u5c5e\\u4e8e\\u5f53\\u524d\\u9875\\u9762\\u6267\\u884c\\u73af\\u5883\\uff0c\\u5237\\u65b0\\u540e\\uff0c\\u5f53\\u524d\\u6267\\u884c\\u73af\\u5883\\u88ab\\u9500\\u6bc1\\uff0c\\u6d4f\\u89c8\\u5668\\u91cd\\u65b0\\u521b\\u5efa\\u4e86\\u65b0\\u7684\\u6267\\u884c\\u73af\\u5883\\uff0c\\u8fd9\\u4e2a\\u73af\\u5883\\u6ca1\\u6709\\u4e4b\\u524d\\u6267\\u884c\\u73af\\u5883\\u7684\\u4efb\\u4f55\\u53ef\\u7528\\u4fe1\\u606f\\u3002\\r\\n<\\\/p>\",\"extra\":\"caozhen\",\"read\":\"1\",\"efforted\":\"0\",\"objectName\":\"\\u3010web\\u5ba2\\u6237\\u7aef\\u6587\\u4ef6\\u4e0a\\u4f20\\u3011\\u3010\\u5fc5\\u73b0\\u3011\\u5f53\\u8fdb\\u884c\\u6587\\u4ef6\\u4e0a\\u4f20\\\/\\u4e0b\\u8f7d\\u65f6\\uff0c\\u5237\\u65b0\\u6d4f\\u89c8\\u5668tab\\u9875\\u9762\\u540e\\uff0c\\u4e0a\\u4f20\\\/\\u4e0b\\u8f7d\\u5931\\u8d25\\uff0c\\u5ba2\\u6237\\u7aef\\u672a\\u51fa\\u73b0\\u63d0\\u793a\\u4fe1\\u606f\",\"originalDate\":\"2021-02-24 09:29:51\",\"actionLabel\":\"\\u6307\\u6d3e\\u4e86\",\"objectLabel\":\"Bug\",\"objectLink\":\"\\\/zentao\\\/bug-view-22058.json\",\"major\":1,\"time\":\"09:29\"},{\"id\":\"410618\",\"objectType\":\"user\",\"objectID\":\"76\",\"product\":\",0,\",\"project\":\"0\",\"actor\":\"zhangyao\",\"action\":\"login\",\"date\":\"2\\u670824\\u65e5 09:27\",\"comment\":\"\",\"extra\":\"\",\"read\":\"0\",\"efforted\":\"0\",\"objectName\":\"zhangyao\",\"originalDate\":\"2021-02-24 09:27:26\",\"actionLabel\":\"\\u767b\\u5f55\\u7cfb\\u7edf\",\"objectLabel\":\"\\u7528\\u6237\",\"objectLink\":\"\\\/zentao\\\/user-view-zhangyao.json\",\"major\":0,\"time\":\"09:27\"}],\"2\\u670823\\u65e5\":[{\"id\":\"410481\",\"objectType\":\"task\",\"objectID\":\"17475\",\"product\":\",7,\",\"project\":\"412\",\"actor\":\"zhangyao\",\"action\":\"confirmed\",\"date\":\"2\\u670823\\u65e5 18:29\",\"comment\":\"\",\"extra\":\"20\",\"read\":\"0\",\"efforted\":\"0\",\"objectName\":\"web\\u5ba2\\u6237\\u7aef\\u5168\\u5c4f\\u3001\\u865a\\u62df\\u673a\\u5f3a\\u5236\\u65ad\\u7535\\u3001\\u9f20\\u6807\\u6a21\\u5f0f\\u5b9e\\u73b0\",\"originalDate\":\"2021-02-23 18:29:43\",\"actionLabel\":\"\\u786e\\u8ba4\\u4e86\\u9700\\u6c42\",\"objectLabel\":\"\\u4efb\\u52a1\",\"objectLink\":\"\\\/zentao\\\/task-view-17475.json\",\"major\":0,\"time\":\"18:29\"},{\"id\":\"410480\",\"objectType\":\"user\",\"objectID\":\"76\",\"product\":\",0,\",\"project\":\"0\",\"actor\":\"zhangyao\",\"action\":\"login\",\"date\":\"2\\u670823\\u65e5 18:29\",\"comment\":\"\",\"extra\":\"\",\"read\":\"0\",\"efforted\":\"0\",\"objectName\":\"zhangyao\",\"originalDate\":\"2021-02-23 18:29:22\",\"actionLabel\":\"\\u767b\\u5f55\\u7cfb\\u7edf\",\"objectLabel\":\"\\u7528\\u6237\",\"objectLink\":\"\\\/zentao\\\/user-view-zhangyao.json\",\"major\":0,\"time\":\"18:29\"},{\"id\":\"410477\",\"objectType\":\"user\",\"objectID\":\"76\",\"product\":\",0,\",\"project\":\"0\",\"actor\":\"zhangyao\",\"action\":\"login\",\"date\":\"2\\u670823\\u65e5 18:21\",\"comment\":\"\",\"extra\":\"\",\"read\":\"0\",\"efforted\":\"0\",\"objectName\":\"zhangyao\",\"originalDate\":\"2021-02-23 18:21:17\",\"actionLabel\":\"\\u767b\\u5f55\\u7cfb\\u7edf\",\"objectLabel\":\"\\u7528\\u6237\",\"objectLink\":\"\\\/zentao\\\/user-view-zhangyao.json\",\"major\":0,\"time\":\"18:21\"},{\"id\":\"410301\",\"objectType\":\"bug\",\"objectID\":\"22035\",\"product\":\",7,\",\"project\":\"412\",\"actor\":\"zhangyao\",\"action\":\"assigned\",\"date\":\"2\\u670823\\u65e5 14:30\",\"comment\":\"<p>\\r\\n\\t<img src=\\\"{52314.png}\\\" alt=\\\"\\\" \\\/>\\r\\n<\\\/p>\\r\\n<p>\\r\\n\\t\\u4fee\\u6539\\u4e0b\\u53c2\\u6570\\u4f7f\\u7528\\u65b9\\u5f0f\\r\\n<\\\/p>\",\"extra\":\"tianyiwen\",\"read\":\"1\",\"efforted\":\"0\",\"objectName\":\"\\u3010web\\u5ba2\\u6237\\u7aef\\u684c\\u9762\\u8fde\\u63a5\\u8bbe\\u7f6e\\u3011\\u3010\\u5fc5\\u73b0\\u3011\\u540c\\u4e00\\u6d4f\\u89c8\\u5668\\u4e0b\\u66f4\\u6539\\u684c\\u9762\\u7684H.264\\u8bbe\\u7f6e\\uff0c\\u5176\\u4ed6\\u684c\\u9762\\u4e5f\\u4f1a\\u88ab\\u66f4\\u6539\",\"originalDate\":\"2021-02-23 14:30:01\",\"actionLabel\":\"\\u6307\\u6d3e\\u4e86\",\"objectLabel\":\"Bug\",\"objectLink\":\"\\\/zentao\\\/bug-view-22035.json\",\"major\":1,\"time\":\"14:30\"},{\"id\":\"410281\",\"objectType\":\"bug\",\"objectID\":\"21966\",\"product\":\",7,\",\"project\":\"412\",\"actor\":\"zhangyao\",\"action\":\"assigned\",\"date\":\"2\\u670823\\u65e5 13:13\",\"comment\":\"<p>\\r\\n\\t\\u89e3\\u51b3\\u529e\\u6cd5\\u540c&nbsp;21981\\r\\n<\\\/p>\\r\\n<p>\\r\\n\\t\\u4ea7\\u54c1\\u7ecf\\u7406\\u786e\\u5b9a\\u540e\\u8f6c\\u7ed9\\u6211\\r\\n<\\\/p>\",\"extra\":\"caozhen\",\"read\":\"1\",\"efforted\":\"0\",\"objectName\":\"\\u3010winxp\\u7cfb\\u7edf\\u3011-winxp\\u64cd\\u4f5c\\u7cfb\\u7edf\\u7684\\u6a21\\u677f\\u5b89\\u88c5\\u5b8cguesttool\\u540e\\uff0c\\u5206\\u8fa8\\u7387\\u672a\\u81ea\\u9002\\u5e94\",\"originalDate\":\"2021-02-23 13:13:14\",\"actionLabel\":\"\\u6307\\u6d3e\\u4e86\",\"objectLabel\":\"Bug\",\"objectLink\":\"\\\/zentao\\\/bug-view-21966.json\",\"major\":1,\"time\":\"13:13\"},{\"id\":\"410280\",\"objectType\":\"bug\",\"objectID\":\"21981\",\"product\":\",7,\",\"project\":\"412\",\"actor\":\"zhangyao\",\"action\":\"assigned\",\"date\":\"2\\u670823\\u65e5 13:12\",\"comment\":\"<p>\\r\\n\\t\\u6301\\u7eed\\u8ddf\\u8e2a\\u540e\\u53d1\\u73b0\\u9ed1\\u5c4f\\u65f6\\uff0c\\u524d\\u7aef\\u4ee3\\u7801\\u62a5\\u9519\\u4e86\\uff0c\\u62a5\\u9519\\u7684\\u539f\\u56e0\\u662f\\u89e3\\u7801h264\\u5e76\\u7ec4\\u5408\\u4e3amp4\\u6570\\u636e\\u65f6\\u53d1\\u751f\\u4e86\\u9519\\u8bef\\uff1a\\r\\n<\\\/p>\\r\\n<p>\\r\\n\\t<img src=\\\"{52308.png}\\\" alt=\\\"\\\" \\\/>\\r\\n<\\\/p>\\r\\n<p>\\r\\n\\t\\u76ee\\u524d\\u7531\\u4e8e\\u77e5\\u8bc6\\u53d7\\u9650\\uff0c\\u4e0d\\u80fd\\u76f4\\u63a5\\u89e3\\u51b3\\uff0c\\u4f46\\u53d1\\u751f\\u6b64\\u9519\\u8bef\\u65f6\\u53ef\\u4ee5\\r\\n<\\\/p>\\r\\n<p>\\r\\n\\t1. \\u89e6\\u53d1\\u9875\\u9762\\u5237\\u65b0\\r\\n<\\\/p>\\r\\n<p>\\r\\n\\t2. \\u8c03\\u6574\\u753b\\u9762\\u5bbd\\u9ad8\\uff0c\\u89e6\\u53d1\\u89c6\\u9891\\u901a\\u9053\\u6570\\u636e\\u91cd\\u5efa\\uff0c\\u9700\\u8981\\u8c03\\u6574\\u4e24\\u6b21\\r\\n<\\\/p>\\r\\n<p>\\r\\n\\t\\u4ea7\\u54c1\\u7ecf\\u7406\\u770b\\u770b\\u6682\\u65f6\\u8981\\u4e0d\\u8981\\u4f7f\\u7528\\u8fd9\\u4e9b\\u89c4\\u907f\\u65b9\\u6cd5\\r\\n<\\\/p>\",\"extra\":\"caozhen\",\"read\":\"1\",\"efforted\":\"0\",\"objectName\":\"\\u3010web\\u7aefH264\\u3011\\u8bbe\\u7f6e\\u684c\\u9762\\u8fde\\u63a5\\u8bbe\\u7f6e\\u4e3a\\u5f00\\u540e\\uff0c\\u684c\\u9762\\u9ed1\\u5c4f\\u4e0d\\u53ef\\u4f7f\\u7528\",\"originalDate\":\"2021-02-23 13:12:29\",\"actionLabel\":\"\\u6307\\u6d3e\\u4e86\",\"objectLabel\":\"Bug\",\"objectLink\":\"\\\/zentao\\\/bug-view-21981.json\",\"major\":1,\"time\":\"13:12\"},{\"id\":\"410244\",\"objectType\":\"bug\",\"objectID\":\"21995\",\"product\":\",7,\",\"project\":\"412\",\"actor\":\"zhangyao\",\"action\":\"assigned\",\"date\":\"2\\u670823\\u65e5 11:08\",\"comment\":\"<p>\\r\\n\\t\\u548c\\u5c0f\\u864e\\u505a\\u4e86\\u6c9f\\u901a\\uff0c\\u76ee\\u524d\\u5c0f\\u864e\\u53ef\\u4ee5\\u8bc6\\u522b\\u5f53\\u524dBUG\\u6240\\u63cf\\u8ff0\\u7684\\u9519\\u8bef\\r\\n<\\\/p>\\r\\n<p>\\r\\n\\t\\u770b\\u4ea7\\u54c1\\u8981\\u4e0d\\u8981\\u7ec6\\u5316\\u8fd9\\u4e2a\\u9519\\u8bef\\u63d0\\u793a\\uff0c\\u56e0\\u4e3a\\u76ee\\u524d\\u4e0a\\u4f20\\u3001\\u4e0b\\u8f7d\\u7684\\u9519\\u8bef\\u6d88\\u606f\\u662f<span>\\u7edf\\u4e00\\u7684<\\\/span>\\r\\n<\\\/p>\\r\\n<p>\\r\\n\\t<span>\\u5efa\\u8bae\\uff1a\\u5982\\u679c\\u9700\\u8981\\u7ec6\\u5316\\uff0c\\u540e\\u9762\\u4e0d\\u540c\\u8def\\u5f84\\u7684\\u9519\\u8bef\\u6d88\\u606f\\u53ef\\u80fd\\u90fd\\u9700\\u8981\\u7ec6\\u5316\\uff0c\\u8003\\u8651\\u5230 linux \\u865a\\u62df\\u673a\\u7b49\\u60c5\\u51b5\\uff0c\\u8fd9\\u53ef\\u80fd\\u5e26\\u6765\\u5f88\\u591a\\u6280\\u672f\\u6027\\u3001\\u9700\\u6c42\\u53d8\\u66f4\\u7684\\u95ee\\u9898\\uff0c\\u7efc\\u5408\\u8003\\u8651\\uff0c\\u4e2a\\u4eba\\u4e0d\\u5efa\\u8bae\\u4fee\\u590d\\u6b64\\u95ee\\u9898\\u3002<\\\/span>\\r\\n<\\\/p>\",\"extra\":\"caozhen\",\"read\":\"1\",\"efforted\":\"0\",\"objectName\":\"\\u3010\\u4e2a\\u4eba\\u6a21\\u677f\\u3011\\u672c\\u5730\\u62d6\\u62fd\\u6587\\u4ef6\\u5230\\u865a\\u62df\\u673a\\u65e0\\u5199\\u5165\\u6743\\u9650\\u7684\\u6587\\u4ef6\\u5939\\uff0c\\u63d0\\u793a\\u4fe1\\u606f\\u4e0d\\u51c6\\u786e\",\"originalDate\":\"2021-02-23 11:08:39\",\"actionLabel\":\"\\u6307\\u6d3e\\u4e86\",\"objectLabel\":\"Bug\",\"objectLink\":\"\\\/zentao\\\/bug-view-21995.json\",\"major\":1,\"time\":\"11:08\"},{\"id\":\"410241\",\"objectType\":\"bug\",\"objectID\":\"21966\",\"product\":\",7,\",\"project\":\"412\",\"actor\":\"zhangyao\",\"action\":\"commented\",\"date\":\"2\\u670823\\u65e5 10:57\",\"comment\":\"\\u7ee7\\u7eed\\u8ddf\\u8e2a\\u53d1\\u73b0\\uff0c\\u53ef\\u4ee5\\u81ea\\u9002\\u5e94\\uff0c\\u4f46\\u662f\\u6ca1\\u6709\\u94fa\\u6ee1\\u5168\\u5c4f\",\"extra\":\"\",\"read\":\"1\",\"efforted\":\"0\",\"objectName\":\"\\u3010winxp\\u7cfb\\u7edf\\u3011-winxp\\u64cd\\u4f5c\\u7cfb\\u7edf\\u7684\\u6a21\\u677f\\u5b89\\u88c5\\u5b8cguesttool\\u540e\\uff0c\\u5206\\u8fa8\\u7387\\u672a\\u81ea\\u9002\\u5e94\",\"originalDate\":\"2021-02-23 10:57:39\",\"actionLabel\":\"\\u8bc4\\u8bba\\u4e86\",\"objectLabel\":\"Bug\",\"objectLink\":\"\\\/zentao\\\/bug-view-21966.json\",\"major\":0,\"time\":\"10:57\"},{\"id\":\"410144\",\"objectType\":\"bug\",\"objectID\":\"21982\",\"product\":\",7,\",\"project\":\"412\",\"actor\":\"zhangyao\",\"action\":\"assigned\",\"date\":\"2\\u670823\\u65e5 08:24\",\"comment\":\"\",\"extra\":\"huangzijie\",\"read\":\"1\",\"efforted\":\"0\",\"objectName\":\"\\u3010\\u6559\\u5b66\\u684c\\u9762\\u3011\\u4fee\\u6539\\u8ba1\\u7b97\\u673a\\u540d\\u65e0\\u683c\\u5f0f\\u63d0\\u793a\\uff0c\\u7528\\u6237\\u4f53\\u9a8c\\u4e0d\\u597d\",\"originalDate\":\"2021-02-23 08:24:21\",\"actionLabel\":\"\\u6307\\u6d3e\\u4e86\",\"objectLabel\":\"Bug\",\"objectLink\":\"\\\/zentao\\\/bug-view-21982.json\",\"major\":1,\"time\":\"08:24\"},{\"id\":\"410143\",\"objectType\":\"user\",\"objectID\":\"76\",\"product\":\",0,\",\"project\":\"0\",\"actor\":\"zhangyao\",\"action\":\"login\",\"date\":\"2\\u670823\\u65e5 08:23\",\"comment\":\"\",\"extra\":\"\",\"read\":\"0\",\"efforted\":\"0\",\"objectName\":\"zhangyao\",\"originalDate\":\"2021-02-23 08:23:53\",\"actionLabel\":\"\\u767b\\u5f55\\u7cfb\\u7edf\",\"objectLabel\":\"\\u7528\\u6237\",\"objectLink\":\"\\\/zentao\\\/user-view-zhangyao.json\",\"major\":0,\"time\":\"08:23\"}],\"2\\u670822\\u65e5\":[{\"id\":\"410109\",\"objectType\":\"bug\",\"objectID\":\"22015\",\"product\":\",7,\",\"project\":\"412\",\"actor\":\"zhangyao\",\"action\":\"resolved\",\"date\":\"2\\u670822\\u65e5 19:00\",\"comment\":\"\",\"extra\":\"fixed\",\"read\":\"1\",\"efforted\":\"0\",\"objectName\":\"\\u3010\\u7f51\\u9875\\u7aef\\u3011\\u6587\\u4ef6\\u4ece\\u672c\\u5730\\u7cfb\\u7edf\\u62d6\\u62fd\\u5230\\u865a\\u62df\\u7cfb\\u7edf\\uff0c\\u5f53\\u62d6\\u5165\\u4e86\\u5927\\u5c0f\\u4e3a0\\u7684\\u6587\\u4ef6\\u540e\\uff0c\\u518d\\u62d6\\u62fd\\u5176\\u4ed6\\u6587\\u4ef6\\u65f6\\u5c31\\u4e0d\\u80fd\\u6210\\u529f\\u62d6\\u62fd\\u4e86\",\"originalDate\":\"2021-02-22 19:00:46\",\"actionLabel\":\"\\u89e3\\u51b3\\u4e86\",\"objectLabel\":\"Bug\",\"objectLink\":\"\\\/zentao\\\/bug-view-22015.json\",\"major\":1,\"time\":\"19:00\"},{\"id\":\"410108\",\"objectType\":\"bug\",\"objectID\":\"22006\",\"product\":\",7,\",\"project\":\"412\",\"actor\":\"zhangyao\",\"action\":\"bugconfirmed\",\"date\":\"2\\u670822\\u65e5 18:59\",\"comment\":\"\\u672c\\u673a\\u5c1d\\u8bd5\\u590d\\u73b0\\u5931\\u8d25\\uff0c\\u660e\\u5929\\u7ee7\\u7eed\\u8ddf\\u8e2a\",\"extra\":\"\",\"read\":\"1\",\"efforted\":\"0\",\"objectName\":\"\\u3010\\u4e2a\\u4eba\\u6a21\\u677f\\u3011\\u4e0b\\u8f7d\\u6309\\u94ae\\u4e0b\\u8f7d\\u8fc7\\u7a0b\\u4e2d\\uff0c\\u684c\\u9762\\u5206\\u8fa8\\u7387\\u81ea\\u9002\\u5e94\\u3001\\u5237\\u65b0\\u6d4f\\u89c8\\u5668\\u7a97\\u53e3\\uff0c\\u4f1a\\u5bfc\\u81f4\\u4e0b\\u8f7d\\u5931\\u8d25\",\"originalDate\":\"2021-02-22 18:59:23\",\"actionLabel\":\"\\u786e\\u8ba4\\u4e86\",\"objectLabel\":\"Bug\",\"objectLink\":\"\\\/zentao\\\/bug-view-22006.json\",\"major\":0,\"time\":\"18:59\"},{\"id\":\"410069\",\"objectType\":\"bug\",\"objectID\":\"22006\",\"product\":\",7,\",\"project\":\"412\",\"actor\":\"zhangyao\",\"action\":\"commented\",\"date\":\"2\\u670822\\u65e5 18:05\",\"comment\":\"<p>\\r\\n\\t1. \\u7b2c\\u4e00\\u4e2a\\u662f\\u4e0b\\u8f7d exe\\uff0c\\u6d4f\\u89c8\\u5668\\u51fa\\u4e8e\\u5b89\\u5168\\u539f\\u56e0\\u81ea\\u52a8\\u963b\\u6b62\\u4e86\\uff0c\\u73b0\\u573a\\u53d1\\u73b0\\u5176\\u5b83\\u6587\\u4ef6\\u6982\\u7387\\u6027\\u4f1a\\u5931\\u8d25\\uff0c\\u6b63\\u5728\\u6392\\u67e5\\r\\n<\\\/p>\\r\\n<p>\\r\\n\\t2. \\u7b2c\\u4e8c\\u4e2a\\uff0c\\u624b\\u52a8\\u5237\\u65b0\\u5fc5\\u7136\\u4f1a\\u5bfc\\u81f4\\u4e0b\\u8f7d\\u4e2d\\u65ad\\r\\n<\\\/p>\",\"extra\":\"\",\"read\":\"1\",\"efforted\":\"0\",\"objectName\":\"\\u3010\\u4e2a\\u4eba\\u6a21\\u677f\\u3011\\u4e0b\\u8f7d\\u6309\\u94ae\\u4e0b\\u8f7d\\u8fc7\\u7a0b\\u4e2d\\uff0c\\u684c\\u9762\\u5206\\u8fa8\\u7387\\u81ea\\u9002\\u5e94\\u3001\\u5237\\u65b0\\u6d4f\\u89c8\\u5668\\u7a97\\u53e3\\uff0c\\u4f1a\\u5bfc\\u81f4\\u4e0b\\u8f7d\\u5931\\u8d25\",\"originalDate\":\"2021-02-22 18:05:23\",\"actionLabel\":\"\\u8bc4\\u8bba\\u4e86\",\"objectLabel\":\"Bug\",\"objectLink\":\"\\\/zentao\\\/bug-view-22006.json\",\"major\":0,\"time\":\"18:05\"},{\"id\":\"410051\",\"objectType\":\"bug\",\"objectID\":\"21988\",\"product\":\",7,\",\"project\":\"412\",\"actor\":\"zhangyao\",\"action\":\"assigned\",\"date\":\"2\\u670822\\u65e5 17:23\",\"comment\":\"\",\"extra\":\"huangzijie\",\"read\":\"1\",\"efforted\":\"0\",\"objectName\":\"\\u3010\\u65b0\\u589e\\u4e2a\\u4eba\\u684c\\u9762\\u3011USB\\u7aef\\u53e3\\u5e2e\\u52a9\\u4fe1\\u606f\\u591a\\u4f59\\u4e86USB RDP\\u9879\\u8bf4\\u660e\",\"originalDate\":\"2021-02-22 17:23:56\",\"actionLabel\":\"\\u6307\\u6d3e\\u4e86\",\"objectLabel\":\"Bug\",\"objectLink\":\"\\\/zentao\\\/bug-view-21988.json\",\"major\":1,\"time\":\"17:23\"},{\"id\":\"410048\",\"objectType\":\"bug\",\"objectID\":\"22023\",\"product\":\",7,\",\"project\":\"412\",\"actor\":\"zhangyao\",\"action\":\"assigned\",\"date\":\"2\\u670822\\u65e5 17:20\",\"comment\":\"\",\"extra\":\"huangzijie\",\"read\":\"1\",\"efforted\":\"0\",\"objectName\":\"\\u3010\\u4e2a\\u4eba\\u684c\\u9762\\\/\\u6f2b\\u6e38\\u684c\\u9762\\u53e6\\u5b58\\u4e3a\\u3011vdi\\u4e2a\\u4eba\\u684c\\u9762\\u53e6\\u5b58\\u4e3a\\u6a21\\u677f\\u3001\\u6f2b\\u6e38\\u684c\\u9762\\u53e6\\u5b58\\u4e3a\\u6a21\\u677f\\u7c7b\\u578b\\u4e2d\\u7684\\u201c\\u6559\\u5b66\\u6a21\\u677f\\u201c\\u4e0d\\u6b63\\u786e\\uff0c\\u5e94\\u8be5\\u4e3aVDI\\u6559\\u5b66\\u6a21\\u677f\",\"originalDate\":\"2021-02-22 17:20:25\",\"actionLabel\":\"\\u6307\\u6d3e\\u4e86\",\"objectLabel\":\"Bug\",\"objectLink\":\"\\\/zentao\\\/bug-view-22023.json\",\"major\":1,\"time\":\"17:20\"},{\"id\":\"409938\",\"objectType\":\"user\",\"objectID\":\"76\",\"product\":\",0,\",\"project\":\"0\",\"actor\":\"zhangyao\",\"action\":\"login\",\"date\":\"2\\u670822\\u65e5 14:01\",\"comment\":\"\",\"extra\":\"\",\"read\":\"0\",\"efforted\":\"0\",\"objectName\":\"zhangyao\",\"originalDate\":\"2021-02-22 14:01:06\",\"actionLabel\":\"\\u767b\\u5f55\\u7cfb\\u7edf\",\"objectLabel\":\"\\u7528\\u6237\",\"objectLink\":\"\\\/zentao\\\/user-view-zhangyao.json\",\"major\":0,\"time\":\"14:01\"},{\"id\":\"409853\",\"objectType\":\"bug\",\"objectID\":\"21957\",\"product\":\",7,\",\"project\":\"412\",\"actor\":\"zhangyao\",\"action\":\"assigned\",\"date\":\"2\\u670822\\u65e5 09:35\",\"comment\":\"\\u8865\\u5168\\u4e00\\u4e0b voiClientStatus \\u7684\\u72b6\\u6001\",\"extra\":\"weicong\",\"read\":\"1\",\"efforted\":\"0\",\"objectName\":\"\\u3010\\u4e2a\\u4eba\\u6a21\\u677f\\u3011\\u5bf9\\u78c1\\u76d8\\u8fdb\\u884c\\u65b0\\u589e\\u3001\\u6269\\u5bb9\\u64cd\\u4f5c\\uff0c\\u540e\\u7aef\\u4f20\\u56de\\u72b6\\u6001\\u5b57\\u6bb5\\u524d\\u7aef\\u672a\\u89e3\\u6790\",\"originalDate\":\"2021-02-22 09:35:46\",\"actionLabel\":\"\\u6307\\u6d3e\\u4e86\",\"objectLabel\":\"Bug\",\"objectLink\":\"\\\/zentao\\\/bug-view-21957.json\",\"major\":1,\"time\":\"09:35\"},{\"id\":\"409814\",\"objectType\":\"user\",\"objectID\":\"76\",\"product\":\",0,\",\"project\":\"0\",\"actor\":\"zhangyao\",\"action\":\"login\",\"date\":\"2\\u670822\\u65e5 08:39\",\"comment\":\"\",\"extra\":\"\",\"read\":\"0\",\"efforted\":\"0\",\"objectName\":\"zhangyao\",\"originalDate\":\"2021-02-22 08:39:51\",\"actionLabel\":\"\\u767b\\u5f55\\u7cfb\\u7edf\",\"objectLabel\":\"\\u7528\\u6237\",\"objectLink\":\"\\\/zentao\\\/user-view-zhangyao.json\",\"major\":0,\"time\":\"08:39\"}],\"2\\u670820\\u65e5\":[{\"id\":\"409783\",\"objectType\":\"user\",\"objectID\":\"76\",\"product\":\",0,\",\"project\":\"0\",\"actor\":\"zhangyao\",\"action\":\"login\",\"date\":\"2\\u670820\\u65e5 19:26\",\"comment\":\"\",\"extra\":\"\",\"read\":\"0\",\"efforted\":\"0\",\"objectName\":\"zhangyao\",\"originalDate\":\"2021-02-20 19:26:14\",\"actionLabel\":\"\\u767b\\u5f55\\u7cfb\\u7edf\",\"objectLabel\":\"\\u7528\\u6237\",\"objectLink\":\"\\\/zentao\\\/user-view-zhangyao.json\",\"major\":0,\"time\":\"19:26\"},{\"id\":\"409771\",\"objectType\":\"user\",\"objectID\":\"76\",\"product\":\",0,\",\"project\":\"0\",\"actor\":\"zhangyao\",\"action\":\"logout\",\"date\":\"2\\u670820\\u65e5 18:44\",\"comment\":\"\",\"extra\":\"\",\"read\":\"0\",\"efforted\":\"0\",\"objectName\":\"zhangyao\",\"originalDate\":\"2021-02-20 18:44:44\",\"actionLabel\":\"\\u9000\\u51fa\\u767b\\u5f55\",\"objectLabel\":\"\\u7528\\u6237\",\"objectLink\":\"\\\/zentao\\\/user-view-zhangyao.json\",\"major\":0,\"time\":\"18:44\"},{\"id\":\"409763\",\"objectType\":\"bug\",\"objectID\":\"21966\",\"product\":\",7,\",\"project\":\"412\",\"actor\":\"zhangyao\",\"action\":\"bugconfirmed\",\"date\":\"2\\u670820\\u65e5 18:30\",\"comment\":\"\\u548c <a href=\\\"\\\/zentao\\\/bug-view-21595.html\\\" target=\\\"_blank\\\">21595<\\\/a>&nbsp;\\u7c7b\\u4f3c\\uff0cagent tokens \\u5bfc\\u81f4\",\"extra\":\"\",\"read\":\"1\",\"efforted\":\"0\",\"objectName\":\"\\u3010winxp\\u7cfb\\u7edf\\u3011-winxp\\u64cd\\u4f5c\\u7cfb\\u7edf\\u7684\\u6a21\\u677f\\u5b89\\u88c5\\u5b8cguesttool\\u540e\\uff0c\\u5206\\u8fa8\\u7387\\u672a\\u81ea\\u9002\\u5e94\",\"originalDate\":\"2021-02-20 18:30:41\",\"actionLabel\":\"\\u786e\\u8ba4\\u4e86\",\"objectLabel\":\"Bug\",\"objectLink\":\"\\\/zentao\\\/bug-view-21966.json\",\"major\":0,\"time\":\"18:30\"},{\"id\":\"409764\",\"objectType\":\"bug\",\"objectID\":\"21981\",\"product\":\",7,\",\"project\":\"412\",\"actor\":\"zhangyao\",\"action\":\"bugconfirmed\",\"date\":\"2\\u670820\\u65e5 18:29\",\"comment\":\"\\u5468\\u7476\\u8bf4\\u5ba2\\u6237\\u7aef\\u65e0\\u6b64\\u95ee\\u9898\\uff0c\\u7ee7\\u7eed\\u8ddf\\u8e2a\",\"extra\":\"\",\"read\":\"1\",\"efforted\":\"0\",\"objectName\":\"\\u3010web\\u7aefH264\\u3011\\u8bbe\\u7f6e\\u684c\\u9762\\u8fde\\u63a5\\u8bbe\\u7f6e\\u4e3a\\u5f00\\u540e\\uff0c\\u684c\\u9762\\u9ed1\\u5c4f\\u4e0d\\u53ef\\u4f7f\\u7528\",\"originalDate\":\"2021-02-20 18:29:32\",\"actionLabel\":\"\\u786e\\u8ba4\\u4e86\",\"objectLabel\":\"Bug\",\"objectLink\":\"\\\/zentao\\\/bug-view-21981.json\",\"major\":0,\"time\":\"18:29\"},{\"id\":\"409755\",\"objectType\":\"bug\",\"objectID\":\"21965\",\"product\":\",7,\",\"project\":\"412\",\"actor\":\"zhangyao\",\"action\":\"assigned\",\"date\":\"2\\u670820\\u65e5 18:18\",\"comment\":\"\\u5b89\\u88c5XP\\u6a21\\u677f\\u65f6\\uff0c\\u9f20\\u6807\\u662f\\u670d\\u52a1\\u5668\\u7aef\\u6a21\\u5f0f\\uff0c\\u65e0\\u6cd5\\u8c03\\u6574\\uff0c\\u56e0\\u6b64\\u4f1a\\u51fa\\u73b0\\u9f20\\u6807\\u6f02\\u79fb\\u73b0\\u8c61\\uff0c\\u76ee\\u524d\\u5ba2\\u6237\\u7aef\\u91cc\\u9762\\u670d\\u52a1\\u5668\\u7aef\\u6a21\\u5f0f\\u4e5f\\u5b58\\u5728\\u6b64\\u73b0\\u8c61\\uff0c\\u6682\\u65f6\\u6ca1\\u6709\\u597d\\u7684\\u89e3\\u51b3\\u529e\\u6cd5\",\"extra\":\"wangmengxiong\",\"read\":\"1\",\"efforted\":\"0\",\"objectName\":\"\\u3010winxp\\u7cfb\\u7edf\\u3011-\\u5b89\\u88c5winxp\\u64cd\\u4f5c\\u7cfb\\u7edf\\u7684\\u6a21\\u677f\\u8fc7\\u7a0b\\u4e2d\\uff0c\\u9f20\\u6807\\u6f02\\u79fb\\u5b9a\\u4f4d\\u4e0d\\u51c6\",\"originalDate\":\"2021-02-20 18:18:19\",\"actionLabel\":\"\\u6307\\u6d3e\\u4e86\",\"objectLabel\":\"Bug\",\"objectLink\":\"\\\/zentao\\\/bug-view-21965.json\",\"major\":1,\"time\":\"18:18\"},{\"id\":\"409738\",\"objectType\":\"bug\",\"objectID\":\"21984\",\"product\":\",7,\",\"project\":\"412\",\"actor\":\"zhangyao\",\"action\":\"assigned\",\"date\":\"2\\u670820\\u65e5 17:58\",\"comment\":\"\\u8ddf\\u9700\\u6c42\\u786e\\u5b9a\\u4e00\\u4e0b\\u8fd9\\u91cc\\u7684\\u63d0\\u793a\\u4fe1\\u606f\",\"extra\":\"huangzijie\",\"read\":\"1\",\"efforted\":\"0\",\"objectName\":\"\\u3010\\u4e2a\\u4eba\\u684c\\u9762\\u3011Help\\u5185\\u5e2e\\u52a9\\u4fe1\\u606f\\u9519\\u8bef\\uff0c\\u5c11\\u4e86\\u4e00\\u4e2a\\u2018\\u53e6\\u2019\\u5b57\",\"originalDate\":\"2021-02-20 17:58:35\",\"actionLabel\":\"\\u6307\\u6d3e\\u4e86\",\"objectLabel\":\"Bug\",\"objectLink\":\"\\\/zentao\\\/bug-view-21984.json\",\"major\":1,\"time\":\"17:58\"},{\"id\":\"409737\",\"objectType\":\"bug\",\"objectID\":\"21973\",\"product\":\",7,\",\"project\":\"412\",\"actor\":\"zhangyao\",\"action\":\"assigned\",\"date\":\"2\\u670820\\u65e5 17:58\",\"comment\":\"\\u770b\\u4e00\\u4e0b\\u662f\\u4e0d\\u662f\\u8f93\\u5165\\u6846\\u592a\\u7a84\\u4e86\",\"extra\":\"huangzijie\",\"read\":\"1\",\"efforted\":\"0\",\"objectName\":\"\\u3010\\u684c\\u9762\\u3011\\u9875\\u9762\\u663e\\u793a\\u9879\\u6570\\u8f93\\u5165\\u6846\\u7814\\u5236\\u63d0\\u793a\\u4e0e\\u5b9e\\u9645\\u4e0d\\u7b26\",\"originalDate\":\"2021-02-20 17:58:02\",\"actionLabel\":\"\\u6307\\u6d3e\\u4e86\",\"objectLabel\":\"Bug\",\"objectLink\":\"\\\/zentao\\\/bug-view-21973.json\",\"major\":1,\"time\":\"17:58\"},{\"id\":\"409733\",\"objectType\":\"bug\",\"objectID\":\"21963\",\"product\":\",7,\",\"project\":\"412\",\"actor\":\"zhangyao\",\"action\":\"resolved\",\"date\":\"2\\u670820\\u65e5 17:53\",\"comment\":\"\",\"extra\":\"fixed\",\"read\":\"1\",\"efforted\":\"0\",\"objectName\":\"\\u3010web\\u7aef\\u3011VDI-Linux\\u7aef\\u8fde\\u63a5win7-64\\u684c\\u9762\\u6b63\\u5728\\u64ad\\u653e\\u7f51\\u9875\\u89c6\\u9891\\uff0c\\u4f7f\\u7528web\\u7aef\\u62a2\\u684c\\u9762\\u540e\\uff0cLinux\\u7aef\\u9000\\u51fa\\u684c\\u9762\\u8fde\\u63a5\\uff0cweb\\u7aef\\u754c\\u9762\\u767d\\u5c4f\\uff0c\\u58f0\\u97f3\\u6b63\\u5e38\",\"originalDate\":\"2021-02-20 17:53:46\",\"actionLabel\":\"\\u89e3\\u51b3\\u4e86\",\"objectLabel\":\"Bug\",\"objectLink\":\"\\\/zentao\\\/bug-view-21963.json\",\"major\":1,\"time\":\"17:53\"},{\"id\":\"409732\",\"objectType\":\"bug\",\"objectID\":\"21981\",\"product\":\",7,\",\"project\":\"412\",\"actor\":\"zhangyao\",\"action\":\"commented\",\"date\":\"2\\u670820\\u65e5 17:53\",\"comment\":\"<p>\\r\\n\\t\\u9ed1\\u5c4f\\u539f\\u56e0\\u662f\\u670d\\u52a1\\u5668\\u8fd4\\u56de\\u4e86\\u9ed1\\u8272\\u7684\\u56fe\\u7247\\uff0c\\u6b64\\u65f6\\u5728\\u9ed1\\u5c4f\\u533a\\u57df\\u79fb\\u52a8\\u9f20\\u6807\\uff0c\\u6309\\u952e\\u76d8\\u7b49\\u65e0\\u53cd\\u5e94\\u3002\\r\\n<\\\/p>\\r\\n<p>\\r\\n\\t\\u7f29\\u653e\\u7a97\\u53e3\\u540e\\u56de\\u590d\\u6b63\\u5e38\\u3002\\r\\n<\\\/p>\\r\\n<p>\\r\\n\\t\\u6b63\\u5728\\u786e\\u8ba4\\u5ba2\\u6237\\u7aef\\u662f\\u5426\\u6709\\u6b64\\u95ee\\u9898\\r\\n<\\\/p>\",\"extra\":\"\",\"read\":\"1\",\"efforted\":\"0\",\"objectName\":\"\\u3010web\\u7aefH264\\u3011\\u8bbe\\u7f6e\\u684c\\u9762\\u8fde\\u63a5\\u8bbe\\u7f6e\\u4e3a\\u5f00\\u540e\\uff0c\\u684c\\u9762\\u9ed1\\u5c4f\\u4e0d\\u53ef\\u4f7f\\u7528\",\"originalDate\":\"2021-02-20 17:53:33\",\"actionLabel\":\"\\u8bc4\\u8bba\\u4e86\",\"objectLabel\":\"Bug\",\"objectLink\":\"\\\/zentao\\\/bug-view-21981.json\",\"major\":0,\"time\":\"17:53\"},{\"id\":\"409725\",\"objectType\":\"bug\",\"objectID\":\"21988\",\"product\":\",7,\",\"project\":\"412\",\"actor\":\"zhangyao\",\"action\":\"assigned\",\"date\":\"2\\u670820\\u65e5 17:51\",\"comment\":\"\\u9700\\u6c42\\u786e\\u8ba4\\u4e00\\u4e0b\\u662f\\u5426\\u8981\\u62ff\\u6389\\u6b64\\u4fe1\\u606f\",\"extra\":\"caozhen\",\"read\":\"1\",\"efforted\":\"0\",\"objectName\":\"\\u3010\\u65b0\\u589e\\u4e2a\\u4eba\\u684c\\u9762\\u3011USB\\u7aef\\u53e3\\u5e2e\\u52a9\\u4fe1\\u606f\\u591a\\u4f59\\u4e86USB RDP\\u9879\\u8bf4\\u660e\",\"originalDate\":\"2021-02-20 17:51:01\",\"actionLabel\":\"\\u6307\\u6d3e\\u4e86\",\"objectLabel\":\"Bug\",\"objectLink\":\"\\\/zentao\\\/bug-view-21988.json\",\"major\":1,\"time\":\"17:51\"},{\"id\":\"409722\",\"objectType\":\"user\",\"objectID\":\"76\",\"product\":\",0,\",\"project\":\"0\",\"actor\":\"zhangyao\",\"action\":\"login\",\"date\":\"2\\u670820\\u65e5 17:49\",\"comment\":\"\",\"extra\":\"\",\"read\":\"0\",\"efforted\":\"0\",\"objectName\":\"zhangyao\",\"originalDate\":\"2021-02-20 17:49:41\",\"actionLabel\":\"\\u767b\\u5f55\\u7cfb\\u7edf\",\"objectLabel\":\"\\u7528\\u6237\",\"objectLink\":\"\\\/zentao\\\/user-view-zhangyao.json\",\"major\":0,\"time\":\"17:49\"},{\"id\":\"409557\",\"objectType\":\"user\",\"objectID\":\"76\",\"product\":\",0,\",\"project\":\"0\",\"actor\":\"zhangyao\",\"action\":\"login\",\"date\":\"2\\u670820\\u65e5 11:03\",\"comment\":\"\",\"extra\":\"\",\"read\":\"0\",\"efforted\":\"0\",\"objectName\":\"zhangyao\",\"originalDate\":\"2021-02-20 11:03:59\",\"actionLabel\":\"\\u767b\\u5f55\\u7cfb\\u7edf\",\"objectLabel\":\"\\u7528\\u6237\",\"objectLink\":\"\\\/zentao\\\/user-view-zhangyao.json\",\"major\":0,\"time\":\"11:03\"}]},\"direction\":\"next\"}","md5":"a07bdd30c6562f9e3c81ea998969f35a"}