{"status":"success","data":"{\"title\":\"\\u6211\\u7684\\u5730\\u76d8::\\u6211\\u7684\\u52a8\\u6001\",\"type\":\"today\",\"orderBy\":\"date_desc\",\"pager\":{\"recTotal\":2,\"recPerPage\":50,\"pageCookie\":\"pagerMyDynamic\",\"pageTotal\":1,\"pageID\":1,\"moduleName\":\"my\",\"methodName\":\"dynamic\",\"params\":null},\"dateGroups\":{\"4\\u670825\\u65e5\":[{\"id\":\"429564\",\"objectType\":\"user\",\"objectID\":\"76\",\"product\":\",0,\",\"project\":\"0\",\"actor\":\"zhangyao\",\"action\":\"login\",\"date\":\"4\\u670825\\u65e5 11:23\",\"comment\":\"\",\"extra\":\"\",\"read\":\"0\",\"efforted\":\"0\",\"objectName\":\"zhangyao\",\"originalDate\":\"2021-04-25 11:23:07\",\"actionLabel\":\"\\u767b\\u5f55\\u7cfb\\u7edf\",\"objectLabel\":\"\\u7528\\u6237\",\"objectLink\":\"\\\/zentao\\\/user-view-zhangyao.json\",\"major\":0,\"time\":\"11:23\"},{\"id\":\"429561\",\"objectType\":\"user\",\"objectID\":\"76\",\"product\":\",0,\",\"project\":\"0\",\"actor\":\"zhangyao\",\"action\":\"login\",\"date\":\"4\\u670825\\u65e5 11:19\",\"comment\":\"\",\"extra\":\"\",\"read\":\"0\",\"efforted\":\"0\",\"objectName\":\"zhangyao\",\"originalDate\":\"2021-04-25 11:19:04\",\"actionLabel\":\"\\u767b\\u5f55\\u7cfb\\u7edf\",\"objectLabel\":\"\\u7528\\u6237\",\"objectLink\":\"\\\/zentao\\\/user-view-zhangyao.json\",\"major\":0,\"time\":\"11:19\"}]},\"direction\":\"next\"}","md5":"818a9199bd385b1cc7c04164c669423a"}