{"status":"success","data":"{\"title\":\"\\u6211\\u7684\\u5730\\u76d8::\\u6211\\u7684\\u6863\\u6848\",\"user\":{\"id\":\"76\",\"dept\":\"2\",\"account\":\"zhangyao\",\"password\":\"0c89ea0cfd926a1dc82bcc18c5e270e6\",\"realname\":\"\\u5f20\\u579a\",\"role\":\"dev\",\"nickname\":\"\",\"commiter\":\"\",\"avatar\":\"\",\"birthday\":\"0000-00-00\",\"gender\":\"m\",\"email\":\"zhangyao@os-easy.com\",\"skype\":\"\",\"qq\":\"\",\"yahoo\":\"\",\"gtalk\":\"\",\"wangwang\":\"\",\"mobile\":\"\",\"phone\":\"\",\"weixin\":\"\",\"dingding\":\"\",\"slack\":\"\",\"whatsapp\":\"\",\"address\":\"\",\"zipcode\":\"\",\"join\":\"0000-00-00\",\"visits\":\"1250\",\"ip\":\"172.16.103.192\",\"last\":\"2021-03-12 12:36:23\",\"fails\":\"0\",\"locked\":\"0000-00-00 00:00:00\",\"feedback\":\"0\",\"ranzhi\":\"\",\"score\":\"5\",\"scoreLevel\":\"5\",\"deleted\":\"0\",\"clientStatus\":\"offline\",\"clientLang\":\"zh-cn\"},\"groups\":{\"2\":{\"id\":\"2\",\"name\":\"\\u7814\\u53d1\",\"role\":\"dev\",\"desc\":\"\\u7814\\u53d1\\u4eba\\u5458\",\"acl\":\"\"},\"21\":{\"id\":\"21\",\"name\":\"\\u7814\\u53d1\\u7ec4\\u957f\",\"role\":\"\",\"desc\":\"\",\"acl\":\"\"}},\"deptPath\":[{\"id\":\"2\",\"name\":\"VDI\",\"parent\":\"0\",\"path\":\",2,\",\"grade\":\"1\",\"order\":\"1\",\"position\":\"\",\"function\":\"\",\"manager\":\"wangmengxiong\"}],\"pager\":null}","md5":"6e6959761ea0e3f9721cbeb7f39259b8"}
