{"status":"success","data":"{\"title\":\"\\u6211\\u7684\\u5730\\u76d8::\\u6211\\u7684\\u9700\\u6c42\",\"stories\":[{\"id\":\"6328\",\"product\":\"7\",\"branch\":\"0\",\"module\":\"3444\",\"plan\":\"130\",\"source\":\"po\",\"sourceNote\":\"\",\"fromBug\":\"0\",\"feedback\":\"0\",\"title\":\"\\u3010\\u68c0\\u6d4b\\u5e73\\u53f0\\u3011\\u57fa\\u7840\\u73af\\u5883\\u68c0\\u6d4b\",\"keywords\":\"\",\"type\":\"\",\"pri\":\"1\",\"estimate\":\"0\",\"status\":\"active\",\"color\":\"\",\"stage\":\"projected\",\"mailto\":\"\",\"openedBy\":\"caozhen\",\"openedDate\":\"2020-09-01 08:53:24\",\"assignedTo\":\"zhangyao\",\"assignedDate\":\"2020-09-07 11:30:05\",\"lastEditedBy\":\"yangyansi\",\"lastEditedDate\":\"2020-09-10 17:42:01\",\"reviewedBy\":\"\",\"reviewedDate\":\"2020-09-10\",\"closedBy\":\"\",\"closedDate\":\"0000-00-00 00:00:00\",\"closedReason\":\"\",\"toBug\":\"0\",\"childStories\":\"\",\"linkStories\":\"\",\"duplicateStory\":\"0\",\"version\":\"2\",\"deleted\":\"0\",\"productTitle\":\"\\u684c\\u9762\\u4e91\\u878d\\u5408\\u67b6\\u6784\",\"planTitle\":\"\\u878d\\u5408\\u72485.2 \"},{\"id\":\"5872\",\"product\":\"7\",\"branch\":\"0\",\"module\":\"3444\",\"plan\":\"130\",\"source\":\"po\",\"sourceNote\":\"\",\"fromBug\":\"0\",\"feedback\":\"0\",\"title\":\"\\u3010\\u68c0\\u6d4b\\u5e73\\u53f0\\u3011\\u4ea7\\u54c1\\u540d\\u79f0\\u4fee\\u6539\",\"keywords\":\"\",\"type\":\"\",\"pri\":\"1\",\"estimate\":\"0\",\"status\":\"active\",\"color\":\"\",\"stage\":\"developed\",\"mailto\":\"\",\"openedBy\":\"caozhen\",\"openedDate\":\"2020-06-10 16:16:20\",\"assignedTo\":\"zhangyao\",\"assignedDate\":\"2020-06-10 16:17:02\",\"lastEditedBy\":\"yangyansi\",\"lastEditedDate\":\"2020-06-12 16:56:09\",\"reviewedBy\":\"\",\"reviewedDate\":\"2020-06-12\",\"closedBy\":\"\",\"closedDate\":\"0000-00-00 00:00:00\",\"closedReason\":\"\",\"toBug\":\"0\",\"childStories\":\"\",\"linkStories\":\"\",\"duplicateStory\":\"0\",\"version\":\"1\",\"deleted\":\"0\",\"productTitle\":\"\\u684c\\u9762\\u4e91\\u878d\\u5408\\u67b6\\u6784\",\"planTitle\":\"\\u878d\\u5408\\u72485.2 \"},{\"id\":\"5866\",\"product\":\"12\",\"branch\":\"0\",\"module\":\"3429\",\"plan\":\"127\",\"source\":\"po\",\"sourceNote\":\"\",\"fromBug\":\"0\",\"feedback\":\"0\",\"title\":\"\\u4e09\\u4e2a\\u767d\\u724c\\u9700\\u6c42\\u8bf4\\u660e\",\"keywords\":\"\",\"type\":\"\",\"pri\":\"2\",\"estimate\":\"0\",\"status\":\"active\",\"color\":\"\",\"stage\":\"projected\",\"mailto\":\"\",\"openedBy\":\"yuanyang\",\"openedDate\":\"2020-06-08 20:30:44\",\"assignedTo\":\"zhangyao\",\"assignedDate\":\"2020-06-12 16:32:00\",\"lastEditedBy\":\"yangyansi\",\"lastEditedDate\":\"2020-06-12 16:32:41\",\"reviewedBy\":\"\",\"reviewedDate\":\"2020-06-12\",\"closedBy\":\"\",\"closedDate\":\"0000-00-00 00:00:00\",\"closedReason\":\"\",\"toBug\":\"0\",\"childStories\":\"\",\"linkStories\":\"\",\"duplicateStory\":\"0\",\"version\":\"2\",\"deleted\":\"0\",\"productTitle\":\"VPC\",\"planTitle\":\"VPC\\uff08VDI&amp;VOI&amp;IDV\\uff095.2.0 OEM\\u8ba1\\u5212 \"},{\"id\":\"5785\",\"product\":\"7\",\"branch\":\"0\",\"module\":\"3444\",\"plan\":\"130\",\"source\":\"po\",\"sourceNote\":\"\",\"fromBug\":\"0\",\"feedback\":\"0\",\"title\":\"\\u3010\\u68c0\\u6d4b\\u5e73\\u53f0\\u3011\\u6743\\u9650\\u9a8c\\u8bc1\",\"keywords\":\"\",\"type\":\"\",\"pri\":\"1\",\"estimate\":\"0\",\"status\":\"active\",\"color\":\"\",\"stage\":\"developed\",\"mailto\":\"\",\"openedBy\":\"caozhen\",\"openedDate\":\"2020-05-26 14:13:00\",\"assignedTo\":\"zhangyao\",\"assignedDate\":\"2020-08-17 10:25:44\",\"lastEditedBy\":\"yangyansi\",\"lastEditedDate\":\"2020-08-17 18:19:53\",\"reviewedBy\":\"yangyansi\",\"reviewedDate\":\"2020-08-17\",\"closedBy\":\"\",\"closedDate\":\"0000-00-00 00:00:00\",\"closedReason\":\"\",\"toBug\":\"0\",\"childStories\":\"\",\"linkStories\":\"\",\"duplicateStory\":\"0\",\"version\":\"4\",\"deleted\":\"0\",\"productTitle\":\"\\u684c\\u9762\\u4e91\\u878d\\u5408\\u67b6\\u6784\",\"planTitle\":\"\\u878d\\u5408\\u72485.2 \"},{\"id\":\"5783\",\"product\":\"7\",\"branch\":\"0\",\"module\":\"3444\",\"plan\":\"130\",\"source\":\"po\",\"sourceNote\":\"\",\"fromBug\":\"0\",\"feedback\":\"0\",\"title\":\"\\u3010\\u68c0\\u6d4b\\u5e73\\u53f0\\u3011\\u5173\\u4e8e\",\"keywords\":\"\",\"type\":\"\",\"pri\":\"1\",\"estimate\":\"0\",\"status\":\"active\",\"color\":\"\",\"stage\":\"developed\",\"mailto\":\"\",\"openedBy\":\"caozhen\",\"openedDate\":\"2020-05-26 10:27:04\",\"assignedTo\":\"zhangyao\",\"assignedDate\":\"0000-00-00 00:00:00\",\"lastEditedBy\":\"caozhen\",\"lastEditedDate\":\"2020-06-02 13:58:24\",\"reviewedBy\":\"\",\"reviewedDate\":\"2020-05-26\",\"closedBy\":\"\",\"closedDate\":\"0000-00-00 00:00:00\",\"closedReason\":\"\",\"toBug\":\"0\",\"childStories\":\"\",\"linkStories\":\"\",\"duplicateStory\":\"0\",\"version\":\"1\",\"deleted\":\"0\",\"productTitle\":\"\\u684c\\u9762\\u4e91\\u878d\\u5408\\u67b6\\u6784\",\"planTitle\":\"\\u878d\\u5408\\u72485.2 \"},{\"id\":\"5770\",\"product\":\"7\",\"branch\":\"0\",\"module\":\"3444\",\"plan\":\"130\",\"source\":\"po\",\"sourceNote\":\"\",\"fromBug\":\"0\",\"feedback\":\"0\",\"title\":\"\\u3010\\u68c0\\u6d4b\\u5e73\\u53f0\\u3011\\u64cd\\u4f5c\\u6d41\\u7a0b\",\"keywords\":\"\",\"type\":\"\",\"pri\":\"1\",\"estimate\":\"0\",\"status\":\"active\",\"color\":\"\",\"stage\":\"developed\",\"mailto\":\"\",\"openedBy\":\"caozhen\",\"openedDate\":\"2020-05-18 21:29:29\",\"assignedTo\":\"zhangyao\",\"assignedDate\":\"0000-00-00 00:00:00\",\"lastEditedBy\":\"caozhen\",\"lastEditedDate\":\"2020-06-02 13:58:24\",\"reviewedBy\":\"\",\"reviewedDate\":\"2020-05-26\",\"closedBy\":\"\",\"closedDate\":\"0000-00-00 00:00:00\",\"closedReason\":\"\",\"toBug\":\"0\",\"childStories\":\"\",\"linkStories\":\"\",\"duplicateStory\":\"0\",\"version\":\"2\",\"deleted\":\"0\",\"productTitle\":\"\\u684c\\u9762\\u4e91\\u878d\\u5408\\u67b6\\u6784\",\"planTitle\":\"\\u878d\\u5408\\u72485.2 \"},{\"id\":\"5752\",\"product\":\"7\",\"branch\":\"0\",\"module\":\"3444\",\"plan\":\"130\",\"source\":\"po\",\"sourceNote\":\"\",\"fromBug\":\"0\",\"feedback\":\"0\",\"title\":\"\\u3010\\u68c0\\u6d4b\\u5e73\\u53f0\\u3011\\u5206\\u6570\\u8ba1\\u7b97\",\"keywords\":\"\",\"type\":\"\",\"pri\":\"1\",\"estimate\":\"0\",\"status\":\"active\",\"color\":\"\",\"stage\":\"developed\",\"mailto\":\"\",\"openedBy\":\"caozhen\",\"openedDate\":\"2020-05-11 20:12:26\",\"assignedTo\":\"zhangyao\",\"assignedDate\":\"2020-08-17 10:42:05\",\"lastEditedBy\":\"yangyansi\",\"lastEditedDate\":\"2020-08-17 18:20:25\",\"reviewedBy\":\"yangyansi\",\"reviewedDate\":\"2020-08-17\",\"closedBy\":\"\",\"closedDate\":\"0000-00-00 00:00:00\",\"closedReason\":\"\",\"toBug\":\"0\",\"childStories\":\"\",\"linkStories\":\"\",\"duplicateStory\":\"0\",\"version\":\"11\",\"deleted\":\"0\",\"productTitle\":\"\\u684c\\u9762\\u4e91\\u878d\\u5408\\u67b6\\u6784\",\"planTitle\":\"\\u878d\\u5408\\u72485.2 \"},{\"id\":\"5751\",\"product\":\"7\",\"branch\":\"0\",\"module\":\"3444\",\"plan\":\"130\",\"source\":\"po\",\"sourceNote\":\"\",\"fromBug\":\"0\",\"feedback\":\"0\",\"title\":\"\\u3010\\u68c0\\u6d4b\\u5e73\\u53f0\\u3011\\u68c0\\u6d4b\\u7ed3\\u679c \\\/ \\u4e0b\\u8f7d\",\"keywords\":\"\",\"type\":\"\",\"pri\":\"1\",\"estimate\":\"0\",\"status\":\"active\",\"color\":\"\",\"stage\":\"developed\",\"mailto\":\"\",\"openedBy\":\"caozhen\",\"openedDate\":\"2020-05-11 19:55:02\",\"assignedTo\":\"zhangyao\",\"assignedDate\":\"0000-00-00 00:00:00\",\"lastEditedBy\":\"caozhen\",\"lastEditedDate\":\"2020-06-02 13:58:24\",\"reviewedBy\":\"zhangyao\",\"reviewedDate\":\"2020-05-25\",\"closedBy\":\"\",\"closedDate\":\"0000-00-00 00:00:00\",\"closedReason\":\"\",\"toBug\":\"0\",\"childStories\":\"\",\"linkStories\":\"\",\"duplicateStory\":\"0\",\"version\":\"3\",\"deleted\":\"0\",\"productTitle\":\"\\u684c\\u9762\\u4e91\\u878d\\u5408\\u67b6\\u6784\",\"planTitle\":\"\\u878d\\u5408\\u72485.2 \"},{\"id\":\"5750\",\"product\":\"7\",\"branch\":\"0\",\"module\":\"3444\",\"plan\":\"130\",\"source\":\"po\",\"sourceNote\":\"\",\"fromBug\":\"0\",\"feedback\":\"0\",\"title\":\"\\u3010\\u68c0\\u6d4b\\u5e73\\u53f0\\u3011\\u684c\\u9762\\u72b6\\u6001\\u68c0\\u6d4b\",\"keywords\":\"\",\"type\":\"\",\"pri\":\"1\",\"estimate\":\"0\",\"status\":\"active\",\"color\":\"\",\"stage\":\"developed\",\"mailto\":\"\",\"openedBy\":\"caozhen\",\"openedDate\":\"2020-05-11 19:35:58\",\"assignedTo\":\"zhangyao\",\"assignedDate\":\"2020-08-24 13:46:51\",\"lastEditedBy\":\"yangyansi\",\"lastEditedDate\":\"2020-08-24 16:58:45\",\"reviewedBy\":\"yangyansi\",\"reviewedDate\":\"2020-08-24\",\"closedBy\":\"\",\"closedDate\":\"0000-00-00 00:00:00\",\"closedReason\":\"\",\"toBug\":\"0\",\"childStories\":\"\",\"linkStories\":\"\",\"duplicateStory\":\"0\",\"version\":\"11\",\"deleted\":\"0\",\"productTitle\":\"\\u684c\\u9762\\u4e91\\u878d\\u5408\\u67b6\\u6784\",\"planTitle\":\"\\u878d\\u5408\\u72485.2 \"},{\"id\":\"5749\",\"product\":\"7\",\"branch\":\"0\",\"module\":\"3444\",\"plan\":\"130\",\"source\":\"po\",\"sourceNote\":\"\",\"fromBug\":\"0\",\"feedback\":\"0\",\"title\":\"\\u3010\\u68c0\\u6d4b\\u5e73\\u53f0\\u3011\\u7cfb\\u7edf\\u670d\\u52a1\\u68c0\\u6d4b\",\"keywords\":\"\",\"type\":\"\",\"pri\":\"1\",\"estimate\":\"0\",\"status\":\"active\",\"color\":\"\",\"stage\":\"developed\",\"mailto\":\"\",\"openedBy\":\"caozhen\",\"openedDate\":\"2020-05-11 18:22:29\",\"assignedTo\":\"zhangyao\",\"assignedDate\":\"2020-09-18 11:49:06\",\"lastEditedBy\":\"yangyansi\",\"lastEditedDate\":\"2020-09-29 15:21:39\",\"reviewedBy\":\"yangyansi\",\"reviewedDate\":\"2020-09-29\",\"closedBy\":\"\",\"closedDate\":\"0000-00-00 00:00:00\",\"closedReason\":\"\",\"toBug\":\"0\",\"childStories\":\"\",\"linkStories\":\"\",\"duplicateStory\":\"0\",\"version\":\"9\",\"deleted\":\"0\",\"productTitle\":\"\\u684c\\u9762\\u4e91\\u878d\\u5408\\u67b6\\u6784\",\"planTitle\":\"\\u878d\\u5408\\u72485.2 \"},{\"id\":\"5745\",\"product\":\"12\",\"branch\":\"0\",\"module\":\"3324\",\"plan\":\"117\",\"source\":\"po\",\"sourceNote\":\"\",\"fromBug\":\"0\",\"feedback\":\"0\",\"title\":\"\\u3010\\u7ba1\\u7406\\u53f0\\u3011-\\u3010\\u684c\\u9762\\u3011-\\u3010\\u516c\\u5171\\u684c\\u9762\\\/\\u4e2a\\u4eba\\u684c\\u9762\\u3011\\u79fb\\u9664\\u5171\\u4eab\\u78c1\\u76d8\\u9700\\u6c42\\u8bf4\\u660e\",\"keywords\":\"\",\"type\":\"\",\"pri\":\"2\",\"estimate\":\"0\",\"status\":\"active\",\"color\":\"\",\"stage\":\"developed\",\"mailto\":\"\",\"openedBy\":\"yuanyang\",\"openedDate\":\"2020-05-11 15:11:27\",\"assignedTo\":\"zhangyao\",\"assignedDate\":\"2020-05-11 15:11:27\",\"lastEditedBy\":\"yangyansi\",\"lastEditedDate\":\"2020-05-13 14:46:12\",\"reviewedBy\":\"yangyansi\",\"reviewedDate\":\"2020-05-13\",\"closedBy\":\"\",\"closedDate\":\"0000-00-00 00:00:00\",\"closedReason\":\"\",\"toBug\":\"0\",\"childStories\":\"\",\"linkStories\":\"\",\"duplicateStory\":\"0\",\"version\":\"1\",\"deleted\":\"0\",\"productTitle\":\"VPC\",\"planTitle\":\"VPC5.2.0\\u56fd\\u4ea7\\u5316\\u5f00\\u53d1\\u8ba1\\u5212 \"},{\"id\":\"5742\",\"product\":\"7\",\"branch\":\"0\",\"module\":\"3444\",\"plan\":\"130\",\"source\":\"po\",\"sourceNote\":\"\",\"fromBug\":\"0\",\"feedback\":\"0\",\"title\":\"\\u3010\\u68c0\\u6d4b\\u5e73\\u53f0\\u3011\\u786c\\u4ef6\\u4fe1\\u606f\\u68c0\\u6d4b\",\"keywords\":\"\",\"type\":\"\",\"pri\":\"1\",\"estimate\":\"0\",\"status\":\"active\",\"color\":\"\",\"stage\":\"developed\",\"mailto\":\"\",\"openedBy\":\"caozhen\",\"openedDate\":\"2020-05-11 11:43:47\",\"assignedTo\":\"zhangyao\",\"assignedDate\":\"2020-08-24 18:00:12\",\"lastEditedBy\":\"yangyansi\",\"lastEditedDate\":\"2020-08-26 14:13:45\",\"reviewedBy\":\"yangyansi\",\"reviewedDate\":\"2020-08-26\",\"closedBy\":\"\",\"closedDate\":\"0000-00-00 00:00:00\",\"closedReason\":\"\",\"toBug\":\"0\",\"childStories\":\"\",\"linkStories\":\"\",\"duplicateStory\":\"0\",\"version\":\"18\",\"deleted\":\"0\",\"productTitle\":\"\\u684c\\u9762\\u4e91\\u878d\\u5408\\u67b6\\u6784\",\"planTitle\":\"\\u878d\\u5408\\u72485.2 \"},{\"id\":\"5741\",\"product\":\"7\",\"branch\":\"0\",\"module\":\"3444\",\"plan\":\"130\",\"source\":\"po\",\"sourceNote\":\"\",\"fromBug\":\"0\",\"feedback\":\"0\",\"title\":\"\\u3010\\u68c0\\u6d4b\\u5e73\\u53f0\\u3011\\u8bbe\\u5907\\u8fde\\u63a5\\u68c0\\u6d4b\",\"keywords\":\"\",\"type\":\"\",\"pri\":\"1\",\"estimate\":\"0\",\"status\":\"active\",\"color\":\"\",\"stage\":\"developed\",\"mailto\":\"\",\"openedBy\":\"caozhen\",\"openedDate\":\"2020-05-11 11:02:55\",\"assignedTo\":\"zhangyao\",\"assignedDate\":\"2020-08-25 18:59:38\",\"lastEditedBy\":\"yangyansi\",\"lastEditedDate\":\"2020-08-26 14:12:05\",\"reviewedBy\":\"yangyansi\",\"reviewedDate\":\"2020-08-26\",\"closedBy\":\"\",\"closedDate\":\"0000-00-00 00:00:00\",\"closedReason\":\"\",\"toBug\":\"0\",\"childStories\":\"\",\"linkStories\":\"\",\"duplicateStory\":\"0\",\"version\":\"16\",\"deleted\":\"0\",\"productTitle\":\"\\u684c\\u9762\\u4e91\\u878d\\u5408\\u67b6\\u6784\",\"planTitle\":\"\\u878d\\u5408\\u72485.2 \"},{\"id\":\"5719\",\"product\":\"7\",\"branch\":\"0\",\"module\":\"3436\",\"plan\":\"128\",\"source\":\"market\",\"sourceNote\":\"\",\"fromBug\":\"0\",\"feedback\":\"0\",\"title\":\"\\u3010eDaaS 5.1.3\\u8865\\u5145\\u3011Windows\\u5ba2\\u6237\\u7aef\\u4f18\\u5316\",\"keywords\":\"\",\"type\":\"\",\"pri\":\"1\",\"estimate\":\"0\",\"status\":\"changed\",\"color\":\"\",\"stage\":\"projected\",\"mailto\":\",chenxiaohu,wangmengxiong\",\"openedBy\":\"zhaowanting\",\"openedDate\":\"2020-05-08 11:28:59\",\"assignedTo\":\"zhangyao\",\"assignedDate\":\"2020-05-14 18:49:14\",\"lastEditedBy\":\"zhaowanting\",\"lastEditedDate\":\"2020-05-13 16:21:41\",\"reviewedBy\":\"\",\"reviewedDate\":\"0000-00-00\",\"closedBy\":\"\",\"closedDate\":\"0000-00-00 00:00:00\",\"closedReason\":\"\",\"toBug\":\"0\",\"childStories\":\"\",\"linkStories\":\"\",\"duplicateStory\":\"0\",\"version\":\"6\",\"deleted\":\"0\",\"productTitle\":\"\\u684c\\u9762\\u4e91\\u878d\\u5408\\u67b6\\u6784\",\"planTitle\":\"eDaaS 5.1.3 \\u4e09\\u4e2a\\u9057\\u7559\\u95ee\\u9898\\u7684\\u5904\\u7406 \"},{\"id\":\"5640\",\"product\":\"7\",\"branch\":\"0\",\"module\":\"3444\",\"plan\":\"130\",\"source\":\"po\",\"sourceNote\":\"\",\"fromBug\":\"0\",\"feedback\":\"0\",\"title\":\"\\u3010\\u68c0\\u6d4b\\u5e73\\u53f0\\u3011\\u7acb\\u5373\\u4fee\\u590d\",\"keywords\":\"\",\"type\":\"\",\"pri\":\"1\",\"estimate\":\"0\",\"status\":\"active\",\"color\":\"\",\"stage\":\"developed\",\"mailto\":\"\",\"openedBy\":\"caozhen\",\"openedDate\":\"2020-04-19 15:11:08\",\"assignedTo\":\"zhangyao\",\"assignedDate\":\"2020-08-19 11:14:52\",\"lastEditedBy\":\"yangyansi\",\"lastEditedDate\":\"2020-08-19 17:10:39\",\"reviewedBy\":\"yangyansi\",\"reviewedDate\":\"2020-08-19\",\"closedBy\":\"\",\"closedDate\":\"0000-00-00 00:00:00\",\"closedReason\":\"\",\"toBug\":\"0\",\"childStories\":\"\",\"linkStories\":\"\",\"duplicateStory\":\"0\",\"version\":\"7\",\"deleted\":\"0\",\"productTitle\":\"\\u684c\\u9762\\u4e91\\u878d\\u5408\\u67b6\\u6784\",\"planTitle\":\"\\u878d\\u5408\\u72485.2 \"},{\"id\":\"5632\",\"product\":\"12\",\"branch\":\"0\",\"module\":\"3353\",\"plan\":\"111\",\"source\":\"po\",\"sourceNote\":\"\",\"fromBug\":\"0\",\"feedback\":\"0\",\"title\":\"\\u8d44\\u6e90\\u6a21\\u5757\\u4e3b\\u63a7\\u7ba1\\u7406\\u7684\\u3010\\u4e3b\\u5907\\u63a7\\u5207\\u6362\\u3011\\u64cd\\u4f5c\",\"keywords\":\"\",\"type\":\"\",\"pri\":\"2\",\"estimate\":\"0\",\"status\":\"active\",\"color\":\"\",\"stage\":\"projected\",\"mailto\":\",zhangyao,zhengzhendi\",\"openedBy\":\"yuanyang\",\"openedDate\":\"2020-04-15 19:57:44\",\"assignedTo\":\"zhangyao\",\"assignedDate\":\"2020-04-16 17:19:46\",\"lastEditedBy\":\"yangyansi\",\"lastEditedDate\":\"2020-04-16 17:19:46\",\"reviewedBy\":\"yangyansi\",\"reviewedDate\":\"2020-04-16\",\"closedBy\":\"\",\"closedDate\":\"0000-00-00 00:00:00\",\"closedReason\":\"\",\"toBug\":\"0\",\"childStories\":\"\",\"linkStories\":\"\",\"duplicateStory\":\"0\",\"version\":\"2\",\"deleted\":\"0\",\"productTitle\":\"VPC\",\"planTitle\":\"VPC5.2.0\\u7814\\u53d1\\u8ba1\\u5212 \"},{\"id\":\"5629\",\"product\":\"7\",\"branch\":\"0\",\"module\":\"3444\",\"plan\":\"130\",\"source\":\"po\",\"sourceNote\":\"\",\"fromBug\":\"0\",\"feedback\":\"0\",\"title\":\"\\u3010\\u68c0\\u6d4b\\u5e73\\u53f0\\u3011\\u68c0\\u6d4b\",\"keywords\":\"\",\"type\":\"\",\"pri\":\"1\",\"estimate\":\"0\",\"status\":\"active\",\"color\":\"\",\"stage\":\"developed\",\"mailto\":\"\",\"openedBy\":\"caozhen\",\"openedDate\":\"2020-04-13 21:38:33\",\"assignedTo\":\"zhangyao\",\"assignedDate\":\"2020-08-19 18:38:52\",\"lastEditedBy\":\"yangyansi\",\"lastEditedDate\":\"2020-08-24 13:56:03\",\"reviewedBy\":\"yangyansi\",\"reviewedDate\":\"2020-08-24\",\"closedBy\":\"\",\"closedDate\":\"0000-00-00 00:00:00\",\"closedReason\":\"\",\"toBug\":\"0\",\"childStories\":\"\",\"linkStories\":\"\",\"duplicateStory\":\"0\",\"version\":\"15\",\"deleted\":\"0\",\"productTitle\":\"\\u684c\\u9762\\u4e91\\u878d\\u5408\\u67b6\\u6784\",\"planTitle\":\"\\u878d\\u5408\\u72485.2 \"},{\"id\":\"5621\",\"product\":\"7\",\"branch\":\"0\",\"module\":\"2046\",\"plan\":\"141\",\"source\":\"po\",\"sourceNote\":\"\",\"fromBug\":\"0\",\"feedback\":\"0\",\"title\":\"\\u3010\\u878d\\u5408\\u72485.3\\u3011\\u3010\\u7f51\\u9875\\u7aef\\u3011\\u529f\\u80fd\\u5b8c\\u5584\",\"keywords\":\"\",\"type\":\"\",\"pri\":\"1\",\"estimate\":\"0\",\"status\":\"active\",\"color\":\"\",\"stage\":\"developed\",\"mailto\":\"\",\"openedBy\":\"caozhen\",\"openedDate\":\"2020-04-10 16:58:19\",\"assignedTo\":\"zhangyao\",\"assignedDate\":\"2021-02-26 16:04:07\",\"lastEditedBy\":\"yangyansi\",\"lastEditedDate\":\"2021-03-01 10:10:40\",\"reviewedBy\":\"yangyansi\",\"reviewedDate\":\"2021-03-01\",\"closedBy\":\"\",\"closedDate\":\"0000-00-00 00:00:00\",\"closedReason\":\"\",\"toBug\":\"0\",\"childStories\":\"\",\"linkStories\":\"\",\"duplicateStory\":\"0\",\"version\":\"21\",\"deleted\":\"0\",\"productTitle\":\"\\u684c\\u9762\\u4e91\\u878d\\u5408\\u67b6\\u6784\",\"planTitle\":\"\\u878d\\u5408\\u72485.3 \"},{\"id\":\"5487\",\"product\":\"12\",\"branch\":\"0\",\"module\":\"326\",\"plan\":\"111\",\"source\":\"po\",\"sourceNote\":\"\",\"fromBug\":\"0\",\"feedback\":\"0\",\"title\":\"\\u5e73\\u53f0\\u7edf\\u4e00\\u6027\\u5904\\u7406\\u90e8\\u5206\\u9700\\u6c42\\u63cf\\u8ff0\",\"keywords\":\"\",\"type\":\"\",\"pri\":\"1\",\"estimate\":\"0\",\"status\":\"active\",\"color\":\"\",\"stage\":\"developed\",\"mailto\":\"\",\"openedBy\":\"yuanyang\",\"openedDate\":\"2020-03-26 16:56:14\",\"assignedTo\":\"zhangyao\",\"assignedDate\":\"2020-03-27 18:14:57\",\"lastEditedBy\":\"yangyansi\",\"lastEditedDate\":\"2020-04-03 19:20:05\",\"reviewedBy\":\"\",\"reviewedDate\":\"2020-04-03\",\"closedBy\":\"\",\"closedDate\":\"0000-00-00 00:00:00\",\"closedReason\":\"\",\"toBug\":\"0\",\"childStories\":\"\",\"linkStories\":\"\",\"duplicateStory\":\"0\",\"version\":\"3\",\"deleted\":\"0\",\"productTitle\":\"VPC\",\"planTitle\":\"VPC5.2.0\\u7814\\u53d1\\u8ba1\\u5212 \"},{\"id\":\"5440\",\"product\":\"7\",\"branch\":\"0\",\"module\":\"3335\",\"plan\":\"118\",\"source\":\"po\",\"sourceNote\":\"\",\"fromBug\":\"0\",\"feedback\":\"0\",\"title\":\"\\u3010edaas\\u3011\\u7528\\u6237\\u95e8\\u6237-\\u7248\\u6743\\u4fee\\u6539\",\"keywords\":\"\",\"type\":\"\",\"pri\":\"1\",\"estimate\":\"0\",\"status\":\"active\",\"color\":\"\",\"stage\":\"developed\",\"mailto\":\"\",\"openedBy\":\"caozhen\",\"openedDate\":\"2020-03-15 21:57:51\",\"assignedTo\":\"zhangyao\",\"assignedDate\":\"0000-00-00 00:00:00\",\"lastEditedBy\":\"caozhen\",\"lastEditedDate\":\"2020-03-18 14:39:22\",\"reviewedBy\":\"\",\"reviewedDate\":\"2020-03-15\",\"closedBy\":\"\",\"closedDate\":\"0000-00-00 00:00:00\",\"closedReason\":\"\",\"toBug\":\"0\",\"childStories\":\"\",\"linkStories\":\"\",\"duplicateStory\":\"0\",\"version\":\"1\",\"deleted\":\"0\",\"productTitle\":\"\\u684c\\u9762\\u4e91\\u878d\\u5408\\u67b6\\u6784\",\"planTitle\":\"eDaaS\\u901a\\u7528\\u7248 \"},{\"id\":\"5425\",\"product\":\"7\",\"branch\":\"0\",\"module\":\"3335\",\"plan\":\"118\",\"source\":\"po\",\"sourceNote\":\"\",\"fromBug\":\"0\",\"feedback\":\"0\",\"title\":\"\\u3010edaas\\u3011\\u7f51\\u76d8-\\u6587\\u5b57\\u4fee\\u6539\",\"keywords\":\"\",\"type\":\"\",\"pri\":\"1\",\"estimate\":\"0\",\"status\":\"active\",\"color\":\"\",\"stage\":\"projected\",\"mailto\":\"\",\"openedBy\":\"caozhen\",\"openedDate\":\"2020-03-11 17:08:06\",\"assignedTo\":\"zhangyao\",\"assignedDate\":\"0000-00-00 00:00:00\",\"lastEditedBy\":\"caozhen\",\"lastEditedDate\":\"2020-03-18 14:40:15\",\"reviewedBy\":\"\",\"reviewedDate\":\"2020-03-13\",\"closedBy\":\"\",\"closedDate\":\"0000-00-00 00:00:00\",\"closedReason\":\"\",\"toBug\":\"0\",\"childStories\":\"\",\"linkStories\":\"\",\"duplicateStory\":\"0\",\"version\":\"1\",\"deleted\":\"0\",\"productTitle\":\"\\u684c\\u9762\\u4e91\\u878d\\u5408\\u67b6\\u6784\",\"planTitle\":\"eDaaS\\u901a\\u7528\\u7248 \"},{\"id\":\"5424\",\"product\":\"7\",\"branch\":\"0\",\"module\":\"3335\",\"plan\":\"118\",\"source\":\"po\",\"sourceNote\":\"\",\"fromBug\":\"0\",\"feedback\":\"0\",\"title\":\"\\u3010edaas\\u3011\\u5ba2\\u6237\\u7aef-\\u6587\\u5b57\\u6539\\u52a8\",\"keywords\":\"\",\"type\":\"\",\"pri\":\"1\",\"estimate\":\"0\",\"status\":\"active\",\"color\":\"\",\"stage\":\"developed\",\"mailto\":\"\",\"openedBy\":\"caozhen\",\"openedDate\":\"2020-03-11 16:45:38\",\"assignedTo\":\"zhangyao\",\"assignedDate\":\"2020-03-13 14:40:42\",\"lastEditedBy\":\"caozhen\",\"lastEditedDate\":\"2020-03-18 14:40:15\",\"reviewedBy\":\"\",\"reviewedDate\":\"2020-03-13\",\"closedBy\":\"\",\"closedDate\":\"0000-00-00 00:00:00\",\"closedReason\":\"\",\"toBug\":\"0\",\"childStories\":\"\",\"linkStories\":\"\",\"duplicateStory\":\"0\",\"version\":\"4\",\"deleted\":\"0\",\"productTitle\":\"\\u684c\\u9762\\u4e91\\u878d\\u5408\\u67b6\\u6784\",\"planTitle\":\"eDaaS\\u901a\\u7528\\u7248 \"},{\"id\":\"5423\",\"product\":\"7\",\"branch\":\"0\",\"module\":\"3335\",\"plan\":\"118\",\"source\":\"po\",\"sourceNote\":\"\",\"fromBug\":\"0\",\"feedback\":\"0\",\"title\":\"\\u3010edaas\\u3011\\u670d\\u52a1\\u8d26\\u53f7-\\u7528\\u6237\\u95e8\\u6237-\\u6587\\u5b57\\u6539\\u52a8\",\"keywords\":\"\",\"type\":\"\",\"pri\":\"1\",\"estimate\":\"0\",\"status\":\"active\",\"color\":\"\",\"stage\":\"developed\",\"mailto\":\"\",\"openedBy\":\"caozhen\",\"openedDate\":\"2020-03-11 16:26:26\",\"assignedTo\":\"zhangyao\",\"assignedDate\":\"0000-00-00 00:00:00\",\"lastEditedBy\":\"caozhen\",\"lastEditedDate\":\"2020-03-18 14:40:15\",\"reviewedBy\":\"\",\"reviewedDate\":\"2020-03-13\",\"closedBy\":\"\",\"closedDate\":\"0000-00-00 00:00:00\",\"closedReason\":\"\",\"toBug\":\"0\",\"childStories\":\"\",\"linkStories\":\"\",\"duplicateStory\":\"0\",\"version\":\"3\",\"deleted\":\"0\",\"productTitle\":\"\\u684c\\u9762\\u4e91\\u878d\\u5408\\u67b6\\u6784\",\"planTitle\":\"eDaaS\\u901a\\u7528\\u7248 \"},{\"id\":\"5420\",\"product\":\"7\",\"branch\":\"0\",\"module\":\"3335\",\"plan\":\"118\",\"source\":\"po\",\"sourceNote\":\"\",\"fromBug\":\"0\",\"feedback\":\"0\",\"title\":\"\\u3010edaas\\u3011\\u670d\\u52a1\\u7ba1\\u7406-\\u6587\\u5b57\\u6539\\u52a8\",\"keywords\":\"\",\"type\":\"\",\"pri\":\"1\",\"estimate\":\"0\",\"status\":\"active\",\"color\":\"\",\"stage\":\"developed\",\"mailto\":\"\",\"openedBy\":\"caozhen\",\"openedDate\":\"2020-03-11 11:54:46\",\"assignedTo\":\"zhangyao\",\"assignedDate\":\"0000-00-00 00:00:00\",\"lastEditedBy\":\"caozhen\",\"lastEditedDate\":\"2020-03-18 14:40:15\",\"reviewedBy\":\"\",\"reviewedDate\":\"2020-03-13\",\"closedBy\":\"\",\"closedDate\":\"0000-00-00 00:00:00\",\"closedReason\":\"\",\"toBug\":\"0\",\"childStories\":\"\",\"linkStories\":\"\",\"duplicateStory\":\"0\",\"version\":\"10\",\"deleted\":\"0\",\"productTitle\":\"\\u684c\\u9762\\u4e91\\u878d\\u5408\\u67b6\\u6784\",\"planTitle\":\"eDaaS\\u901a\\u7528\\u7248 \"},{\"id\":\"5409\",\"product\":\"12\",\"branch\":\"0\",\"module\":\"326\",\"plan\":\"111\",\"source\":\"po\",\"sourceNote\":\"\",\"fromBug\":\"0\",\"feedback\":\"0\",\"title\":\"\\u7ba1\\u7406\\u53f0\\u6309\\u94ae\\u4e0a\\u53bb\\u6389\\u5bf9\\u5e94\\u56fe\\u6807\\u9700\\u6c42\",\"keywords\":\"\",\"type\":\"\",\"pri\":\"1\",\"estimate\":\"0\",\"status\":\"active\",\"color\":\"\",\"stage\":\"projected\",\"mailto\":\"\",\"openedBy\":\"yuanyang\",\"openedDate\":\"2020-03-07 20:39:49\",\"assignedTo\":\"zhangyao\",\"assignedDate\":\"2020-04-09 17:32:12\",\"lastEditedBy\":\"yangyansi\",\"lastEditedDate\":\"2020-04-09 17:32:12\",\"reviewedBy\":\"\",\"reviewedDate\":\"2020-03-08\",\"closedBy\":\"\",\"closedDate\":\"0000-00-00 00:00:00\",\"closedReason\":\"\",\"toBug\":\"0\",\"childStories\":\"\",\"linkStories\":\"\",\"duplicateStory\":\"0\",\"version\":\"1\",\"deleted\":\"0\",\"productTitle\":\"VPC\",\"planTitle\":\"VPC5.2.0\\u7814\\u53d1\\u8ba1\\u5212 \"},{\"id\":\"5361\",\"product\":\"12\",\"branch\":\"0\",\"module\":\"3325\",\"plan\":\"117\",\"source\":\"po\",\"sourceNote\":\"\",\"fromBug\":\"0\",\"feedback\":\"0\",\"title\":\"\\u56fd\\u4ea7\\u5316\\u7248\\u672c\\u5ba2\\u6237\\u7aef\\u9700\\u6c42\\u63cf\\u8ff0\",\"keywords\":\"\",\"type\":\"\",\"pri\":\"2\",\"estimate\":\"0\",\"status\":\"active\",\"color\":\"\",\"stage\":\"projected\",\"mailto\":\"\",\"openedBy\":\"yuanyang\",\"openedDate\":\"2020-02-23 20:20:47\",\"assignedTo\":\"zhangyao\",\"assignedDate\":\"2020-06-22 09:21:50\",\"lastEditedBy\":\"yangyansi\",\"lastEditedDate\":\"2020-06-23 15:13:06\",\"reviewedBy\":\"yangyansi\",\"reviewedDate\":\"2020-06-23\",\"closedBy\":\"\",\"closedDate\":\"0000-00-00 00:00:00\",\"closedReason\":\"\",\"toBug\":\"0\",\"childStories\":\"\",\"linkStories\":\"\",\"duplicateStory\":\"0\",\"version\":\"3\",\"deleted\":\"0\",\"productTitle\":\"VPC\",\"planTitle\":\"VPC5.2.0\\u56fd\\u4ea7\\u5316\\u5f00\\u53d1\\u8ba1\\u5212 \"},{\"id\":\"5342\",\"product\":\"12\",\"branch\":\"0\",\"module\":\"326\",\"plan\":\"111\",\"source\":\"po\",\"sourceNote\":\"\",\"fromBug\":\"0\",\"feedback\":\"0\",\"title\":\"\\u3010\\u7ba1\\u7406\\u53f0\\u3011-\\u3010\\u4e3b\\u754c\\u9762\\u6846\\u67b6\\u3011-\\u3010\\u4e3b\\u9898\\u3011\\u4e1a\\u52a1\\u529f\\u80fd\",\"keywords\":\"\",\"type\":\"\",\"pri\":\"2\",\"estimate\":\"0\",\"status\":\"active\",\"color\":\"\",\"stage\":\"projected\",\"mailto\":\"\",\"openedBy\":\"yuanyang\",\"openedDate\":\"2020-02-18 19:06:56\",\"assignedTo\":\"zhangyao\",\"assignedDate\":\"2020-04-16 17:23:34\",\"lastEditedBy\":\"yangyansi\",\"lastEditedDate\":\"2020-04-16 17:23:34\",\"reviewedBy\":\"yangyansi\",\"reviewedDate\":\"2020-02-19\",\"closedBy\":\"\",\"closedDate\":\"0000-00-00 00:00:00\",\"closedReason\":\"\",\"toBug\":\"0\",\"childStories\":\"\",\"linkStories\":\"\",\"duplicateStory\":\"0\",\"version\":\"1\",\"deleted\":\"0\",\"productTitle\":\"VPC\",\"planTitle\":\"VPC5.2.0\\u7814\\u53d1\\u8ba1\\u5212 \"},{\"id\":\"5259\",\"product\":\"12\",\"branch\":\"0\",\"module\":\"326\",\"plan\":\"111\",\"source\":\"po\",\"sourceNote\":\"\",\"fromBug\":\"0\",\"feedback\":\"0\",\"title\":\"DMS\\u642d\\u914d\\u4f7f\\u7528\\u6309\\u94ae\\u9700\\u6c42\",\"keywords\":\"\",\"type\":\"\",\"pri\":\"2\",\"estimate\":\"0\",\"status\":\"active\",\"color\":\"\",\"stage\":\"projected\",\"mailto\":\"\",\"openedBy\":\"yuanyang\",\"openedDate\":\"2019-12-18 20:52:04\",\"assignedTo\":\"zhangyao\",\"assignedDate\":\"2020-04-16 17:30:39\",\"lastEditedBy\":\"yangyansi\",\"lastEditedDate\":\"2020-04-16 17:30:39\",\"reviewedBy\":\"\",\"reviewedDate\":\"2020-02-11\",\"closedBy\":\"\",\"closedDate\":\"0000-00-00 00:00:00\",\"closedReason\":\"\",\"toBug\":\"0\",\"childStories\":\"\",\"linkStories\":\"\",\"duplicateStory\":\"0\",\"version\":\"1\",\"deleted\":\"0\",\"productTitle\":\"VPC\",\"planTitle\":\"VPC5.2.0\\u7814\\u53d1\\u8ba1\\u5212 \"},{\"id\":\"5091\",\"product\":\"12\",\"branch\":\"0\",\"module\":\"3228\",\"plan\":\"111\",\"source\":\"po\",\"sourceNote\":\"\",\"fromBug\":\"0\",\"feedback\":\"0\",\"title\":\"\\u4e2d\\u6807\\u9e92\\u9e9f\\u548cUOS\\u64cd\\u4f5c\\u7cfb\\u7edfflash\\u91cd\\u5b9a\\u5411\\u63d2\\u4ef6\\u9700\\u6c42\\u5b9a\\u4e49\",\"keywords\":\"\",\"type\":\"\",\"pri\":\"1\",\"estimate\":\"0\",\"status\":\"active\",\"color\":\"\",\"stage\":\"projected\",\"mailto\":\"\",\"openedBy\":\"yuanyang\",\"openedDate\":\"2019-11-27 16:43:25\",\"assignedTo\":\"zhangyao\",\"assignedDate\":\"2020-04-09 17:35:43\",\"lastEditedBy\":\"yangyansi\",\"lastEditedDate\":\"2020-04-09 17:35:43\",\"reviewedBy\":\"\",\"reviewedDate\":\"2020-02-13\",\"closedBy\":\"\",\"closedDate\":\"0000-00-00 00:00:00\",\"closedReason\":\"\",\"toBug\":\"0\",\"childStories\":\"\",\"linkStories\":\"\",\"duplicateStory\":\"0\",\"version\":\"2\",\"deleted\":\"0\",\"productTitle\":\"VPC\",\"planTitle\":\"VPC5.2.0\\u7814\\u53d1\\u8ba1\\u5212 \"},{\"id\":\"4581\",\"product\":\"7\",\"branch\":\"0\",\"module\":\"1974\",\"plan\":\"92\",\"source\":\"po\",\"sourceNote\":\"\",\"fromBug\":\"0\",\"feedback\":\"0\",\"title\":\"\\u3010\\u5713\\u5bb8\\u8d85\\u878d\\u5408\\u7cfb\\u7d71\\u3011\\u3010\\u670d\\u52a1\\u7aef\\u3011\\u8d44\\u6e90\\u5b9a\\u5236\\u9700\\u6c42\",\"keywords\":\"\",\"type\":\"\",\"pri\":\"2\",\"estimate\":\"0\",\"status\":\"active\",\"color\":\"\",\"stage\":\"developed\",\"mailto\":\"\",\"openedBy\":\"yuanyang\",\"openedDate\":\"2019-07-11 09:50:12\",\"assignedTo\":\"zhangyao\",\"assignedDate\":\"2019-08-07 08:45:37\",\"lastEditedBy\":\"yuanyang\",\"lastEditedDate\":\"2019-07-17 11:29:12\",\"reviewedBy\":\"\",\"reviewedDate\":\"0000-00-00\",\"closedBy\":\"\",\"closedDate\":\"0000-00-00 00:00:00\",\"closedReason\":\"\",\"toBug\":\"0\",\"childStories\":\"\",\"linkStories\":\"\",\"duplicateStory\":\"0\",\"version\":\"3\",\"deleted\":\"0\",\"productTitle\":\"\\u684c\\u9762\\u4e91\\u878d\\u5408\\u67b6\\u6784\",\"planTitle\":\"\\u5713\\u5bb8OEM\\u878d\\u5408\\u72485.1.2 \"}],\"users\":{\"\":\"\",\"admin\":\"admin\",\"aixiangkui\":\"\\u827e\\u76f8\\u8475\",\"bbt\":\"\\u73ed\\u73ed\\u901a\",\"biexingxing\":\"\\u522b\\u661f\\u661f\",\"caozhen\":\"\\u66f9\\u632f\",\"chenghao\":\"\\u7a0b\\u7693\",\"chenxiaohu\":\"\\u9648\\u5c0f\\u864e\",\"donglinjie\":\"\\u8463\\u6797\\u6770\",\"duanhaigang\":\"\\u6bb5\\u6d77\\u5c97\",\"guoli\":\"\\u90ed\\u7acb\",\"huangzijie\":\"\\u9ec4\\u5b50\\u6770\",\"huhai\":\"\\u80e1\\u6d77\",\"huwenfeng\":\"\\u80e1\\u6587\\u5cf0\",\"huxiaosi\":\"\\u80e1\\u6653\\u601d\",\"jiazhihao\":\"\\u8d3e\\u5fd7\\u6d69\",\"jinhaoxiang\":\"\\u91d1\\u660a\\u7fd4\",\"jinjiao\":\"\\u91d1\\u59e3\",\"liaoyuni\":\"\\u5ed6\\u7389\\u59ae\",\"linyane2\":\"\\u6797\\u8273\\u5a25\",\"liqinwu\":\"\\u674e\\u52e4\\u6b66\",\"lishuang\":\"\\u674e\\u723d\",\"liuchi\":\"\\u5218\\u6c60\",\"liuhaijun\":\"\\u5218\\u6d77\\u519b\",\"maanqi\":\"\\u9a6c\\u5b89\\u7426\",\"panqun\":\"\\u6f58\\u7fa4\",\"panzhuoya\":\"\\u6f58\\u5353\\u96c5\",\"review\":\"\\u8bc4\\u5ba1\\u5458\",\"ruanke\":\"\\u962e\\u79d1\",\"ruanzelin\":\"\\u962e\\u6cfd\\u6797\",\"shenqian\":\"\\u6c88\\u524d\",\"songliangmin\":\"\\u5b8b\\u826f\\u654f\",\"sunjun\":\"\\u5b59\\u4fca\",\"tangjinli\":\"\\u5510\\u91d1\\u4e3d\",\"tanzhenhua\":\"\\u8c08\\u632f\\u534e\",\"tianyiwen\":\"\\u7530\\u6021\\u6587\",\"tongchunyue\":\"\\u7ae5\\u6625\\u6708\",\"wangchuan\":\"\\u738b\\u5ddd\",\"wangmengxiong\":\"\\u738b\\u68a6\\u718a\",\"wangzhuo\":\"\\u738b\\u5353\",\"wanhong\":\"\\u4e07\\u7ea2\",\"weicong\":\"\\u9b4f\\u806a\",\"weihong\":\"\\u9b4f\\u6d2a\",\"xiaowei\":\"\\u8096\\u73ae\",\"xiaowenting\":\"\\u8096\\u6587\\u5a77\",\"xufan\":\"\\u5f90\\u5e06\",\"xusha\":\"\\u5f90\\u6c99\",\"yangqiong\":\"\\u6768\\u743c\",\"yangyansi\":\"\\u6768\\u71d5\\u601d\",\"yizhongyin\":\"\\u7fbf\\u4e2d\\u5f15\",\"yuanyang\":\"\\u8881\\u9633\",\"yuweiwei\":\"\\u4f59\\u7ef4\\u4f1f\",\"yuzhengjun\":\"\\u4f59\\u653f\\u541b\",\"zhangchuansheng\":\"\\u7ae0\\u4f20\\u80dc\",\"zhangmeng2\":\"\\u5f20\\u68a6\",\"zhangxian\":\"\\u5f20\\u5a34\",\"zhangxuecheng\":\"\\u5f20\\u96ea\\u6210\",\"zhangyao\":\"\\u5f20\\u579a\",\"zhangyujie\":\"\\u5f20\\u7389\\u6d01\",\"zhanhuahao\":\"\\u8a79\\u534e\\u8c6a\",\"zhaowanting\":\"\\u8d75\\u5a49\\u5a77\",\"zhengyuqiang\":\"\\u90d1\\u80b2\\u5f3a\",\"zhengzhendi\":\"\\u90d1\\u73cd\\u8fea\",\"zhengziyun\":\"\\u90d1\\u7d2b\\u8d5f\",\"zhouheng\":\"\\u5468\\u8861\",\"zhouqiang\":\"\\u5468\\u5f3a\",\"zhoutianwen\":\"\\u5468\\u5929\\u6587\",\"zhouyao\":\"\\u5468\\u59da\",\"zhupan\":\"\\u6731\\u76fc\",\"zhupeng\":\"\\u6731\\u9e4f\",\"zhuxiaokun\":\"\\u6731\\u6653\\u951f\",\"zlxing\":\"\\u66fe\\u4e3d\\u661f\",\"zouxianyan\":\"\\u5468\\u5148\\u71d5\",\"zouyuhui\":\"\\u90b9\\u5b87\\u4f1a\",\"closed\":\"Closed\"},\"type\":\"assignedTo\",\"recTotal\":\"30\",\"recPerPage\":\"2000\",\"pageID\":\"1\",\"orderBy\":\"id_desc\",\"pager\":{\"recTotal\":30,\"recPerPage\":\"2000\",\"pageCookie\":\"pagerMyStory\",\"pageTotal\":1,\"pageID\":\"1\",\"moduleName\":\"my\",\"methodName\":\"story\",\"params\":null}}","md5":"2c680a2d4239feb82a961f95affcba3a"}