{"status":"success","data":"{\"title\":\"\\u6211\\u7684\\u5730\\u76d8::\\u6211\\u7684\\u4efb\\u52a1\",\"tabID\":\"task\",\"tasks\":[{\"id\":\"17815\",\"parent\":\"0\",\"project\":\"412\",\"module\":\"0\",\"story\":\"0\",\"storyVersion\":\"1\",\"fromBug\":\"0\",\"name\":\"CRM\\u5bf9\\u63a5\\u6fc0\\u6d3b\\u529f\\u80fd\\u8054\\u8c03\",\"type\":\"devel\",\"pri\":\"3\",\"estimate\":\"0\",\"consumed\":\"15\",\"left\":\"0\",\"deadline\":\"2020-11-20\",\"status\":\"done\",\"color\":\"\",\"mailto\":\"\",\"desc\":\"\",\"openedBy\":\"zhangyao\",\"openedDate\":\"2020-11-18 17:29:13\",\"assignedTo\":\"zhangyao\",\"assignedDate\":\"2020-12-02 15:14:10\",\"estStarted\":\"2020-11-19\",\"realStarted\":\"0000-00-00\",\"finishedBy\":\"zhangyao\",\"finishedDate\":\"2020-11-20 00:00:00\",\"finishedList\":\"\",\"canceledBy\":\"\",\"canceledDate\":\"0000-00-00 00:00:00\",\"closedBy\":\"\",\"closedDate\":\"0000-00-00 00:00:00\",\"closedReason\":\"\",\"lastEditedBy\":\"zhangyao\",\"lastEditedDate\":\"2020-12-02 15:14:10\",\"deleted\":\"0\",\"projectID\":\"412\",\"projectName\":\"VDI 5.3.0 \\u9879\\u76ee\\u8fed\\u4ee3\",\"storyID\":null,\"storyTitle\":null,\"storyStatus\":null,\"latestStoryVersion\":null,\"needConfirm\":false,\"progress\":100},{\"id\":\"17814\",\"parent\":\"0\",\"project\":\"412\",\"module\":\"0\",\"story\":\"0\",\"storyVersion\":\"1\",\"fromBug\":\"0\",\"name\":\"CRM\\u5bf9\\u63a5\\u6fc0\\u6d3b\\u529f\\u80fd\\u524d\\u7aef\\u9875\\u9762\\u5f00\\u53d1\",\"type\":\"devel\",\"pri\":\"3\",\"estimate\":\"0\",\"consumed\":\"5\",\"left\":\"0\",\"deadline\":\"2020-11-18\",\"status\":\"done\",\"color\":\"\",\"mailto\":\"\",\"desc\":\"\",\"openedBy\":\"zhangyao\",\"openedDate\":\"2020-11-18 17:28:32\",\"assignedTo\":\"zhangyao\",\"assignedDate\":\"2020-11-18 17:28:44\",\"estStarted\":\"2020-11-17\",\"realStarted\":\"0000-00-00\",\"finishedBy\":\"zhangyao\",\"finishedDate\":\"2020-11-18 17:28:44\",\"finishedList\":\"\",\"canceledBy\":\"\",\"canceledDate\":\"0000-00-00 00:00:00\",\"closedBy\":\"\",\"closedDate\":\"0000-00-00 00:00:00\",\"closedReason\":\"\",\"lastEditedBy\":\"zhangyao\",\"lastEditedDate\":\"2020-11-18 17:28:44\",\"deleted\":\"0\",\"projectID\":\"412\",\"projectName\":\"VDI 5.3.0 \\u9879\\u76ee\\u8fed\\u4ee3\",\"storyID\":null,\"storyTitle\":null,\"storyStatus\":null,\"latestStoryVersion\":null,\"needConfirm\":false,\"progress\":100},{\"id\":\"17475\",\"parent\":\"0\",\"project\":\"412\",\"module\":\"2046\",\"story\":\"5621\",\"storyVersion\":\"19\",\"fromBug\":\"0\",\"name\":\"web\\u5ba2\\u6237\\u7aef\\u5168\\u5c4f\\u3001\\u865a\\u62df\\u673a\\u5f3a\\u5236\\u65ad\\u7535\\u3001\\u9f20\\u6807\\u6a21\\u5f0f\\u5b9e\\u73b0\",\"type\":\"devel\",\"pri\":\"3\",\"estimate\":\"0\",\"consumed\":\"8\",\"left\":\"0\",\"deadline\":\"2020-10-28\",\"status\":\"done\",\"color\":\"\",\"mailto\":\"\",\"desc\":\"\\u6839\\u636e\\u6700\\u65b0\\u7684\\u5f00\\u53d1\\u8ba1\\u5212\\u521b\\u5efa\\u4efb\\u52a1\",\"openedBy\":\"zhangyao\",\"openedDate\":\"2020-10-29 10:43:40\",\"assignedTo\":\"zhangyao\",\"assignedDate\":\"2020-10-29 10:44:28\",\"estStarted\":\"2020-10-27\",\"realStarted\":\"0000-00-00\",\"finishedBy\":\"zhangyao\",\"finishedDate\":\"2020-10-28 00:00:00\",\"finishedList\":\"\",\"canceledBy\":\"\",\"canceledDate\":\"0000-00-00 00:00:00\",\"closedBy\":\"\",\"closedDate\":\"0000-00-00 00:00:00\",\"closedReason\":\"\",\"lastEditedBy\":\"zhangyao\",\"lastEditedDate\":\"2020-10-29 10:44:28\",\"deleted\":\"0\",\"projectID\":\"412\",\"projectName\":\"VDI 5.3.0 \\u9879\\u76ee\\u8fed\\u4ee3\",\"storyID\":\"5621\",\"storyTitle\":\"\\u3010\\u878d\\u5408\\u72485.3\\u3011\\u3010\\u7f51\\u9875\\u7aef\\u3011\\u529f\\u80fd\\u5b8c\\u5584\",\"storyStatus\":\"active\",\"latestStoryVersion\":\"19\",\"needConfirm\":false,\"progress\":100},{\"id\":\"16317\",\"parent\":\"0\",\"project\":\"397\",\"module\":\"3444\",\"story\":\"5770\",\"storyVersion\":\"2\",\"fromBug\":\"0\",\"name\":\"\\u68c0\\u6d4b\\u5de5\\u5177\\u8054\\u8c03\",\"type\":\"devel\",\"pri\":\"3\",\"estimate\":\"0\",\"consumed\":\"8\",\"left\":\"0\",\"deadline\":\"2020-08-07\",\"status\":\"done\",\"color\":\"\",\"mailto\":\"\",\"desc\":\"\",\"openedBy\":\"zhangyao\",\"openedDate\":\"2020-08-05 17:14:25\",\"assignedTo\":\"zhangyao\",\"assignedDate\":\"2020-08-26 08:59:00\",\"estStarted\":\"2020-08-03\",\"realStarted\":\"0000-00-00\",\"finishedBy\":\"zhangyao\",\"finishedDate\":\"2020-08-07 00:00:00\",\"finishedList\":\"\",\"canceledBy\":\"\",\"canceledDate\":\"0000-00-00 00:00:00\",\"closedBy\":\"\",\"closedDate\":\"0000-00-00 00:00:00\",\"closedReason\":\"\",\"lastEditedBy\":\"zhangyao\",\"lastEditedDate\":\"2020-08-26 08:59:00\",\"deleted\":\"0\",\"projectID\":\"397\",\"projectName\":\"VDI 5.2.0 \\u9879\\u76ee\\u8fed\\u4ee3\",\"storyID\":\"5770\",\"storyTitle\":\"\\u3010\\u68c0\\u6d4b\\u5e73\\u53f0\\u3011\\u64cd\\u4f5c\\u6d41\\u7a0b\",\"storyStatus\":\"active\",\"latestStoryVersion\":\"2\",\"needConfirm\":false,\"progress\":100},{\"id\":\"16178\",\"parent\":\"0\",\"project\":\"397\",\"module\":\"3444\",\"story\":\"5872\",\"storyVersion\":\"1\",\"fromBug\":\"0\",\"name\":\"\\u3010\\u68c0\\u6d4b\\u5e73\\u53f0\\u3011\\u4ea7\\u54c1\\u540d\\u79f0\\u4fee\\u6539 \",\"type\":\"devel\",\"pri\":\"1\",\"estimate\":\"0\",\"consumed\":\"1\",\"left\":\"0\",\"deadline\":\"2020-07-16\",\"status\":\"done\",\"color\":\"\",\"mailto\":\"\",\"desc\":\"\\u68c0\\u6d4b\\u5e73\\u53f0\\u4ea7\\u54c1\\u540d\\u79f0\\u4fee\\u6539\",\"openedBy\":\"zhangyao\",\"openedDate\":\"2020-07-29 11:23:19\",\"assignedTo\":\"zhangyao\",\"assignedDate\":\"2020-07-29 11:24:12\",\"estStarted\":\"2020-07-16\",\"realStarted\":\"0000-00-00\",\"finishedBy\":\"zhangyao\",\"finishedDate\":\"2020-06-16 00:00:00\",\"finishedList\":\"\",\"canceledBy\":\"\",\"canceledDate\":\"0000-00-00 00:00:00\",\"closedBy\":\"\",\"closedDate\":\"0000-00-00 00:00:00\",\"closedReason\":\"\",\"lastEditedBy\":\"zhangyao\",\"lastEditedDate\":\"2020-07-29 11:24:12\",\"deleted\":\"0\",\"projectID\":\"397\",\"projectName\":\"VDI 5.2.0 \\u9879\\u76ee\\u8fed\\u4ee3\",\"storyID\":\"5872\",\"storyTitle\":\"\\u3010\\u68c0\\u6d4b\\u5e73\\u53f0\\u3011\\u4ea7\\u54c1\\u540d\\u79f0\\u4fee\\u6539\",\"storyStatus\":\"active\",\"latestStoryVersion\":\"1\",\"needConfirm\":false,\"progress\":100},{\"id\":\"14765\",\"parent\":\"0\",\"project\":\"397\",\"module\":\"2046\",\"story\":\"5785\",\"storyVersion\":\"4\",\"fromBug\":\"0\",\"name\":\"\\u3010\\u68c0\\u6d4b\\u5e73\\u53f0\\u3011\\u6743\\u9650\\u9a8c\\u8bc1 \",\"type\":\"devel\",\"pri\":\"1\",\"estimate\":\"0\",\"consumed\":\"6\",\"left\":\"0\",\"deadline\":\"0000-00-00\",\"status\":\"done\",\"color\":\"\",\"mailto\":\"\",\"desc\":\"\\u4f7f\\u7528\\u68c0\\u6d4b\\u5e73\\u53f0\\uff0c\\u9700\\u8981\\u9a8c\\u8bc1\\u7528\\u6237\\u6743\\u9650\\u3002\",\"openedBy\":\"zhangyao\",\"openedDate\":\"2020-05-26 16:34:26\",\"assignedTo\":\"zhangyao\",\"assignedDate\":\"2020-07-07 11:19:38\",\"estStarted\":\"0000-00-00\",\"realStarted\":\"0000-00-00\",\"finishedBy\":\"zhangyao\",\"finishedDate\":\"2020-05-27 00:00:00\",\"finishedList\":\"\",\"canceledBy\":\"\",\"canceledDate\":\"0000-00-00 00:00:00\",\"closedBy\":\"\",\"closedDate\":\"0000-00-00 00:00:00\",\"closedReason\":\"\",\"lastEditedBy\":\"zhangyao\",\"lastEditedDate\":\"2020-07-07 11:19:38\",\"deleted\":\"0\",\"projectID\":\"397\",\"projectName\":\"VDI 5.2.0 \\u9879\\u76ee\\u8fed\\u4ee3\",\"storyID\":\"5785\",\"storyTitle\":\"\\u3010\\u68c0\\u6d4b\\u5e73\\u53f0\\u3011\\u6743\\u9650\\u9a8c\\u8bc1\",\"storyStatus\":\"active\",\"latestStoryVersion\":\"4\",\"needConfirm\":false,\"progress\":100},{\"id\":\"14760\",\"parent\":\"0\",\"project\":\"397\",\"module\":\"2046\",\"story\":\"5783\",\"storyVersion\":\"1\",\"fromBug\":\"0\",\"name\":\"\\u3010\\u68c0\\u6d4b\\u5e73\\u53f0\\u3011\\u5173\\u4e8e \",\"type\":\"devel\",\"pri\":\"1\",\"estimate\":\"0\",\"consumed\":\"3\",\"left\":\"0\",\"deadline\":\"0000-00-00\",\"status\":\"done\",\"color\":\"\",\"mailto\":\"\",\"desc\":\"\\u589e\\u52a0\\u5bf9\\u68c0\\u6d4b\\u5e73\\u53f0\\u7684\\u7248\\u6743\\u4fe1\\u606f\\u8bf4\\u660e\",\"openedBy\":\"zhangyao\",\"openedDate\":\"2020-05-26 10:40:35\",\"assignedTo\":\"zhangyao\",\"assignedDate\":\"2020-07-07 11:18:37\",\"estStarted\":\"0000-00-00\",\"realStarted\":\"0000-00-00\",\"finishedBy\":\"zhangyao\",\"finishedDate\":\"2020-07-07 11:18:37\",\"finishedList\":\"\",\"canceledBy\":\"\",\"canceledDate\":\"0000-00-00 00:00:00\",\"closedBy\":\"\",\"closedDate\":\"0000-00-00 00:00:00\",\"closedReason\":\"\",\"lastEditedBy\":\"zhangyao\",\"lastEditedDate\":\"2020-07-07 11:18:37\",\"deleted\":\"0\",\"projectID\":\"397\",\"projectName\":\"VDI 5.2.0 \\u9879\\u76ee\\u8fed\\u4ee3\",\"storyID\":\"5783\",\"storyTitle\":\"\\u3010\\u68c0\\u6d4b\\u5e73\\u53f0\\u3011\\u5173\\u4e8e\",\"storyStatus\":\"active\",\"latestStoryVersion\":\"1\",\"needConfirm\":false,\"progress\":100},{\"id\":\"14734\",\"parent\":\"0\",\"project\":\"397\",\"module\":\"2046\",\"story\":\"5770\",\"storyVersion\":\"2\",\"fromBug\":\"0\",\"name\":\"\\u3010\\u68c0\\u6d4b\\u5e73\\u53f0\\u3011\\u64cd\\u4f5c\\u6d41\\u7a0b \",\"type\":\"devel\",\"pri\":\"1\",\"estimate\":\"0\",\"consumed\":\"1\",\"left\":\"0\",\"deadline\":\"0000-00-00\",\"status\":\"done\",\"color\":\"\",\"mailto\":\"\",\"desc\":\"\\u9488\\u5bf9\\u68c0\\u6d4b\\u5e73\\u53f0\\u4e1a\\u52a1\\u64cd\\u4f5c\\u6d41\\u7a0b\\u8bf4\\u660e\",\"openedBy\":\"zhangyao\",\"openedDate\":\"2020-05-25 15:45:54\",\"assignedTo\":\"zhangyao\",\"assignedDate\":\"2020-07-07 11:17:28\",\"estStarted\":\"0000-00-00\",\"realStarted\":\"0000-00-00\",\"finishedBy\":\"zhangyao\",\"finishedDate\":\"2020-06-27 00:00:00\",\"finishedList\":\"\",\"canceledBy\":\"\",\"canceledDate\":\"0000-00-00 00:00:00\",\"closedBy\":\"\",\"closedDate\":\"0000-00-00 00:00:00\",\"closedReason\":\"\",\"lastEditedBy\":\"zhangyao\",\"lastEditedDate\":\"2020-07-07 11:17:28\",\"deleted\":\"0\",\"projectID\":\"397\",\"projectName\":\"VDI 5.2.0 \\u9879\\u76ee\\u8fed\\u4ee3\",\"storyID\":\"5770\",\"storyTitle\":\"\\u3010\\u68c0\\u6d4b\\u5e73\\u53f0\\u3011\\u64cd\\u4f5c\\u6d41\\u7a0b\",\"storyStatus\":\"active\",\"latestStoryVersion\":\"2\",\"needConfirm\":false,\"progress\":100},{\"id\":\"14733\",\"parent\":\"0\",\"project\":\"397\",\"module\":\"2046\",\"story\":\"5752\",\"storyVersion\":\"11\",\"fromBug\":\"0\",\"name\":\"\\u3010\\u68c0\\u6d4b\\u5e73\\u53f0\\u3011\\u5206\\u6570\\u8ba1\\u7b97 \",\"type\":\"devel\",\"pri\":\"1\",\"estimate\":\"0\",\"consumed\":\"16\",\"left\":\"0\",\"deadline\":\"0000-00-00\",\"status\":\"done\",\"color\":\"\",\"mailto\":\"\",\"desc\":\"<p style=\\\"background-color:#FFFFFF;\\\">\\n\\t<span style=\\\"font-weight:700;\\\">\\u9700\\u6c42\\u6765\\u6e90\\uff1a<\\\/span> \\n<\\\/p>\\n<p style=\\\"background-color:#FFFFFF;\\\">\\n\\t\\u7528\\u6237\\u53cd\\u9988\\\/\\u552e\\u540e\\u53cd\\u9988\\n<\\\/p>\\n<p style=\\\"background-color:#FFFFFF;\\\">\\n\\t<span style=\\\"font-weight:700;\\\">\\u9700\\u6c42\\u80cc\\u666f\\uff1a<\\\/span> \\n<\\\/p>\\n<p style=\\\"background-color:#FFFFFF;\\\">\\n\\t1\\u3001\\u56db\\u5ddd\\u5e08\\u8303\\u5927\\u5b66\\u673a\\u623f\\u7ba1\\u7406\\u674e\\u8001\\u5e08<br \\\/>\\n\\u7531\\u4e8e\\u5ddd\\u5e08\\u7684\\u670d\\u52a1\\u5668\\u5df2\\u7ecf\\u8fc7\\u4fdd\\u4e86\\uff0c\\u56db\\u5ddd\\u5e08\\u8303\\u5927\\u5b66\\u7684\\u673a\\u623f\\u7ba1\\u7406\\u674e\\u8001\\u5e08\\u5e0c\\u671b\\u6211\\u4eec\\u80fd\\u591f\\u63d0\\u4f9b\\u4e00\\u4e2a\\u9488\\u5bf9\\u5e73\\u53f0\\u670d\\u52a1\\u5668\\u7684\\u5b9a\\u91cf\\u68c0\\u6d4b\\u5de5\\u5177\\uff0c\\u5e2e\\u52a9\\u7528\\u6237\\u63d0\\u524d\\u8fdb\\u884c\\u7cfb\\u7edf\\u81ea\\u68c0\\uff0c\\u4ece\\u800c\\u9884\\u9632\\u670d\\u52a1\\u5668\\u574f\\u6389\\u5bf9\\u6559\\u5b66\\u9020\\u6210\\u7684\\u5f71\\u54cd\\uff08\\u7531\\u4e4b\\u524d\\u7684\\u8003\\u8bd5\\u6545\\u969c\\u8054\\u60f3\\u5230\\u7684\\uff09<br \\\/>\\n2\\u3001CRM\\u4fe1\\u606f\\u53cd\\u9988\\uff08\\u6280\\u672f\\uff09<br \\\/>\\n\\u5efa\\u8baevdi\\u670d\\u52a1\\u5668\\u5e73\\u53f0\\u52a0\\u4e0a\\u670d\\u52a1\\u5668\\u5de1\\u68c0\\u548c\\u81ea\\u52a8\\u4fee\\u590d\\u7684\\u529f\\u80fd\\uff0c\\u5f53\\u524d\\u9047\\u5230\\u6709\\u673a\\u5668\\u56e0\\u4e3b\\u63a7\\u670d\\u52a1\\u5f02\\u5e38\\u5bfc\\u81f4\\u7ec8\\u7aef\\u4e0d\\u80fd\\u8fde\\u63a5\\u684c\\u9762\\u7684\\u95ee\\u9898\\uff0c\\u5efa\\u8bae\\u5e73\\u53f0\\u52a0\\u4e0a\\u5e73\\u53f0\\u68c0\\u6d4b\\u529f\\u80fd\\uff0c\\u81ea\\u52a8\\u4fee\\u590d\\u670d\\u52a1\\u7b49\\u5f02\\u5e38\\u95ee\\u9898\\uff1b<br \\\/>\\n\\u5f53\\u524dvdi\\u5e73\\u53f0\\u7f3a\\u5c11\\u5173\\u952e\\u4fe1\\u606f\\u544a\\u8b66\\u63d0\\u793a\\uff0c\\u4e0d\\u4fbf\\u4e8e\\u7528\\u6237\\u4f7f\\u7528\\u548c\\u95ee\\u9898\\u6392\\u67e5\\uff0c\\u5982\\u591a\\u96c6\\u7fa4\\u670d\\u52a1\\u5668\\u7684\\u65f6\\u5019\\u6709\\u6570\\u636e\\u7f51\\u7edc\\u4f7f\\u7528\\u5355\\u72ec\\u7f51\\u5361\\u7684\\u60c5\\u51b5\\uff0c\\u6b64\\u65f6\\u5176\\u4e2d\\u4e00\\u53f0\\u670d\\u52a1\\u5668\\u6570\\u636e\\u7f51\\u7edc\\u7f51\\u5361down\\u6389\\u7684\\u8bdd\\uff0c\\u5e73\\u53f0\\u6ca1\\u6709\\u63d0\\u793a\\uff0c\\u95ee\\u9898\\u73b0\\u8c61\\u53ea\\u662f\\u90e8\\u5206\\u684c\\u9762\\u4e0d\\u80fd\\u8054\\u7f51\\uff0c\\u5f71\\u54cd\\u4f7f\\u7528\\u3002<br \\\/>\\n3\\u3001VOI\\u9700\\u6c42\\u8c03\\u7814\\n<\\\/p>\\n<p style=\\\"background-color:#FFFFFF;\\\">\\n\\t\\u5b66\\u751f\\u8ba1\\u7b97\\u673a\\u6c34\\u5e73\\u6709\\u9650\\uff0c\\u5728\\u4f7f\\u7528\\u684c\\u9762\\u7684\\u65f6\\u5019\\u96be\\u514d\\u9047\\u5230\\u8fd9\\u6837\\u6216\\u90a3\\u6837\\u7684\\u573a\\u666f\\u5c0f\\u95ee\\u9898\\uff0c\\u5f53\\u8bbe\\u5907\\u8f83\\u5206\\u6563\\u65f6\\uff0c\\u4f7f\\u7528\\u8005\\u80fd\\u81ea\\u884c\\u5904\\u7406\\u95ee\\u9898\\uff0c\\u5e38\\u89c1\\u53ef\\u4ee5\\u81ea\\u7ef4\\u62a4\\u7684\\u5c0f\\u95ee\\u9898\\u5982\\uff1a\\u5916\\u8bbe\\u8bc6\\u522b\\uff08\\u952e\\u9f20\\u7b49\\uff09\\u3001\\u5206\\u8fa8\\u7387\\u4e0d\\u5bf9\\u3001\\u67d0\\u4e9b\\u8fdb\\u7a0b\\u91cd\\u542f\\u3001\\u67d0\\u4e9b\\u670d\\u52a1\\u91cd\\u542f\\u3001\\u6587\\u4ef6\\u5171\\u4eab\\u3001\\u7f51\\u7edc\\u68c0\\u67e5\\u3001\\u684c\\u9762\\u5907\\u4efd\\u7b49\\n<\\\/p>\\n<p style=\\\"background-color:#FFFFFF;\\\">\\n\\t<span style=\\\"font-weight:700;\\\">\\u9700\\u6c42\\u76ee\\u7684\\uff1a<\\\/span> \\n<\\\/p>\\n<p style=\\\"background-color:#FFFFFF;\\\">\\n\\t\\u914d\\u5408\\u8fd0\\u7ef4\\u4eba\\u5458\\u6392\\u67e5\\u95ee\\u9898\\uff0c\\u63d0\\u5347\\u8fd0\\u7ef4\\u6548\\u7387\\n<\\\/p>\",\"openedBy\":\"zhangyao\",\"openedDate\":\"2020-05-25 15:45:38\",\"assignedTo\":\"zhangyao\",\"assignedDate\":\"2020-07-07 11:16:38\",\"estStarted\":\"0000-00-00\",\"realStarted\":\"0000-00-00\",\"finishedBy\":\"zhangyao\",\"finishedDate\":\"2020-06-06 00:00:00\",\"finishedList\":\"\",\"canceledBy\":\"\",\"canceledDate\":\"0000-00-00 00:00:00\",\"closedBy\":\"\",\"closedDate\":\"0000-00-00 00:00:00\",\"closedReason\":\"\",\"lastEditedBy\":\"zhangyao\",\"lastEditedDate\":\"2020-07-07 11:16:38\",\"deleted\":\"0\",\"projectID\":\"397\",\"projectName\":\"VDI 5.2.0 \\u9879\\u76ee\\u8fed\\u4ee3\",\"storyID\":\"5752\",\"storyTitle\":\"\\u3010\\u68c0\\u6d4b\\u5e73\\u53f0\\u3011\\u5206\\u6570\\u8ba1\\u7b97\",\"storyStatus\":\"active\",\"latestStoryVersion\":\"11\",\"needConfirm\":false,\"progress\":100},{\"id\":\"14732\",\"parent\":\"0\",\"project\":\"397\",\"module\":\"2046\",\"story\":\"5751\",\"storyVersion\":\"3\",\"fromBug\":\"0\",\"name\":\"\\u3010\\u68c0\\u6d4b\\u5e73\\u53f0\\u3011\\u68c0\\u6d4b\\u7ed3\\u679c \\\/ \\u4e0b\\u8f7d \",\"type\":\"devel\",\"pri\":\"1\",\"estimate\":\"0\",\"consumed\":\"6\",\"left\":\"0\",\"deadline\":\"0000-00-00\",\"status\":\"done\",\"color\":\"\",\"mailto\":\"\",\"desc\":\"<p style=\\\"background-color:#FFFFFF;\\\">\\n\\t<span style=\\\"font-weight:700;\\\">\\u9700\\u6c42\\u6765\\u6e90\\uff1a<\\\/span> \\n<\\\/p>\\n<p style=\\\"background-color:#FFFFFF;\\\">\\n\\t\\u7528\\u6237\\u53cd\\u9988\\\/\\u552e\\u540e\\u53cd\\u9988\\n<\\\/p>\\n<p style=\\\"background-color:#FFFFFF;\\\">\\n\\t<span style=\\\"font-weight:700;\\\">\\u9700\\u6c42\\u80cc\\u666f\\uff1a<\\\/span> \\n<\\\/p>\\n<p style=\\\"background-color:#FFFFFF;\\\">\\n\\t1\\u3001\\u56db\\u5ddd\\u5e08\\u8303\\u5927\\u5b66\\u673a\\u623f\\u7ba1\\u7406\\u674e\\u8001\\u5e08<br \\\/>\\n\\u7531\\u4e8e\\u5ddd\\u5e08\\u7684\\u670d\\u52a1\\u5668\\u5df2\\u7ecf\\u8fc7\\u4fdd\\u4e86\\uff0c\\u56db\\u5ddd\\u5e08\\u8303\\u5927\\u5b66\\u7684\\u673a\\u623f\\u7ba1\\u7406\\u674e\\u8001\\u5e08\\u5e0c\\u671b\\u6211\\u4eec\\u80fd\\u591f\\u63d0\\u4f9b\\u4e00\\u4e2a\\u9488\\u5bf9\\u5e73\\u53f0\\u670d\\u52a1\\u5668\\u7684\\u5b9a\\u91cf\\u68c0\\u6d4b\\u5de5\\u5177\\uff0c\\u5e2e\\u52a9\\u7528\\u6237\\u63d0\\u524d\\u8fdb\\u884c\\u7cfb\\u7edf\\u81ea\\u68c0\\uff0c\\u4ece\\u800c\\u9884\\u9632\\u670d\\u52a1\\u5668\\u574f\\u6389\\u5bf9\\u6559\\u5b66\\u9020\\u6210\\u7684\\u5f71\\u54cd\\uff08\\u7531\\u4e4b\\u524d\\u7684\\u8003\\u8bd5\\u6545\\u969c\\u8054\\u60f3\\u5230\\u7684\\uff09<br \\\/>\\n2\\u3001CRM\\u4fe1\\u606f\\u53cd\\u9988\\uff08\\u6280\\u672f\\uff09<br \\\/>\\n\\u5efa\\u8baevdi\\u670d\\u52a1\\u5668\\u5e73\\u53f0\\u52a0\\u4e0a\\u670d\\u52a1\\u5668\\u5de1\\u68c0\\u548c\\u81ea\\u52a8\\u4fee\\u590d\\u7684\\u529f\\u80fd\\uff0c\\u5f53\\u524d\\u9047\\u5230\\u6709\\u673a\\u5668\\u56e0\\u4e3b\\u63a7\\u670d\\u52a1\\u5f02\\u5e38\\u5bfc\\u81f4\\u7ec8\\u7aef\\u4e0d\\u80fd\\u8fde\\u63a5\\u684c\\u9762\\u7684\\u95ee\\u9898\\uff0c\\u5efa\\u8bae\\u5e73\\u53f0\\u52a0\\u4e0a\\u5e73\\u53f0\\u68c0\\u6d4b\\u529f\\u80fd\\uff0c\\u81ea\\u52a8\\u4fee\\u590d\\u670d\\u52a1\\u7b49\\u5f02\\u5e38\\u95ee\\u9898\\uff1b<br \\\/>\\n\\u5f53\\u524dvdi\\u5e73\\u53f0\\u7f3a\\u5c11\\u5173\\u952e\\u4fe1\\u606f\\u544a\\u8b66\\u63d0\\u793a\\uff0c\\u4e0d\\u4fbf\\u4e8e\\u7528\\u6237\\u4f7f\\u7528\\u548c\\u95ee\\u9898\\u6392\\u67e5\\uff0c\\u5982\\u591a\\u96c6\\u7fa4\\u670d\\u52a1\\u5668\\u7684\\u65f6\\u5019\\u6709\\u6570\\u636e\\u7f51\\u7edc\\u4f7f\\u7528\\u5355\\u72ec\\u7f51\\u5361\\u7684\\u60c5\\u51b5\\uff0c\\u6b64\\u65f6\\u5176\\u4e2d\\u4e00\\u53f0\\u670d\\u52a1\\u5668\\u6570\\u636e\\u7f51\\u7edc\\u7f51\\u5361down\\u6389\\u7684\\u8bdd\\uff0c\\u5e73\\u53f0\\u6ca1\\u6709\\u63d0\\u793a\\uff0c\\u95ee\\u9898\\u73b0\\u8c61\\u53ea\\u662f\\u90e8\\u5206\\u684c\\u9762\\u4e0d\\u80fd\\u8054\\u7f51\\uff0c\\u5f71\\u54cd\\u4f7f\\u7528\\u3002<br \\\/>\\n3\\u3001VOI\\u9700\\u6c42\\u8c03\\u7814\\n<\\\/p>\\n<p style=\\\"background-color:#FFFFFF;\\\">\\n\\t\\u5b66\\u751f\\u8ba1\\u7b97\\u673a\\u6c34\\u5e73\\u6709\\u9650\\uff0c\\u5728\\u4f7f\\u7528\\u684c\\u9762\\u7684\\u65f6\\u5019\\u96be\\u514d\\u9047\\u5230\\u8fd9\\u6837\\u6216\\u90a3\\u6837\\u7684\\u573a\\u666f\\u5c0f\\u95ee\\u9898\\uff0c\\u5f53\\u8bbe\\u5907\\u8f83\\u5206\\u6563\\u65f6\\uff0c\\u4f7f\\u7528\\u8005\\u80fd\\u81ea\\u884c\\u5904\\u7406\\u95ee\\u9898\\uff0c\\u5e38\\u89c1\\u53ef\\u4ee5\\u81ea\\u7ef4\\u62a4\\u7684\\u5c0f\\u95ee\\u9898\\u5982\\uff1a\\u5916\\u8bbe\\u8bc6\\u522b\\uff08\\u952e\\u9f20\\u7b49\\uff09\\u3001\\u5206\\u8fa8\\u7387\\u4e0d\\u5bf9\\u3001\\u67d0\\u4e9b\\u8fdb\\u7a0b\\u91cd\\u542f\\u3001\\u67d0\\u4e9b\\u670d\\u52a1\\u91cd\\u542f\\u3001\\u6587\\u4ef6\\u5171\\u4eab\\u3001\\u7f51\\u7edc\\u68c0\\u67e5\\u3001\\u684c\\u9762\\u5907\\u4efd\\u7b49\\n<\\\/p>\\n<p style=\\\"background-color:#FFFFFF;\\\">\\n\\t<span style=\\\"font-weight:700;\\\">\\u9700\\u6c42\\u76ee\\u7684\\uff1a<\\\/span> \\n<\\\/p>\\n<p style=\\\"background-color:#FFFFFF;\\\">\\n\\t\\u914d\\u5408\\u8fd0\\u7ef4\\u4eba\\u5458\\u6392\\u67e5\\u95ee\\u9898\\uff0c\\u63d0\\u5347\\u8fd0\\u7ef4\\u6548\\u7387\\n<\\\/p>\",\"openedBy\":\"zhangyao\",\"openedDate\":\"2020-05-25 15:45:22\",\"assignedTo\":\"zhangyao\",\"assignedDate\":\"2020-07-07 11:19:07\",\"estStarted\":\"0000-00-00\",\"realStarted\":\"0000-00-00\",\"finishedBy\":\"zhangyao\",\"finishedDate\":\"2020-06-09 00:00:00\",\"finishedList\":\"\",\"canceledBy\":\"\",\"canceledDate\":\"0000-00-00 00:00:00\",\"closedBy\":\"\",\"closedDate\":\"0000-00-00 00:00:00\",\"closedReason\":\"\",\"lastEditedBy\":\"zhangyao\",\"lastEditedDate\":\"2020-07-07 11:19:07\",\"deleted\":\"0\",\"projectID\":\"397\",\"projectName\":\"VDI 5.2.0 \\u9879\\u76ee\\u8fed\\u4ee3\",\"storyID\":\"5751\",\"storyTitle\":\"\\u3010\\u68c0\\u6d4b\\u5e73\\u53f0\\u3011\\u68c0\\u6d4b\\u7ed3\\u679c \\\/ \\u4e0b\\u8f7d\",\"storyStatus\":\"active\",\"latestStoryVersion\":\"3\",\"needConfirm\":false,\"progress\":100},{\"id\":\"14731\",\"parent\":\"0\",\"project\":\"397\",\"module\":\"2046\",\"story\":\"5750\",\"storyVersion\":\"11\",\"fromBug\":\"0\",\"name\":\"\\u3010\\u68c0\\u6d4b\\u5e73\\u53f0\\u3011\\u684c\\u9762\\u72b6\\u6001\\u68c0\\u6d4b \",\"type\":\"devel\",\"pri\":\"1\",\"estimate\":\"0\",\"consumed\":\"8\",\"left\":\"0\",\"deadline\":\"0000-00-00\",\"status\":\"done\",\"color\":\"\",\"mailto\":\"\",\"desc\":\"<p style=\\\"background-color:#FFFFFF;\\\">\\n\\t<span style=\\\"font-weight:700;\\\">\\u9700\\u6c42\\u6765\\u6e90\\uff1a<\\\/span> \\n<\\\/p>\\n<p style=\\\"background-color:#FFFFFF;\\\">\\n\\t\\u7528\\u6237\\u53cd\\u9988\\\/\\u552e\\u540e\\u53cd\\u9988\\n<\\\/p>\\n<p style=\\\"background-color:#FFFFFF;\\\">\\n\\t<span style=\\\"font-weight:700;\\\">\\u9700\\u6c42\\u80cc\\u666f\\uff1a<\\\/span> \\n<\\\/p>\\n<p style=\\\"background-color:#FFFFFF;\\\">\\n\\t1\\u3001\\u56db\\u5ddd\\u5e08\\u8303\\u5927\\u5b66\\u673a\\u623f\\u7ba1\\u7406\\u674e\\u8001\\u5e08<br \\\/>\\n\\u7531\\u4e8e\\u5ddd\\u5e08\\u7684\\u670d\\u52a1\\u5668\\u5df2\\u7ecf\\u8fc7\\u4fdd\\u4e86\\uff0c\\u56db\\u5ddd\\u5e08\\u8303\\u5927\\u5b66\\u7684\\u673a\\u623f\\u7ba1\\u7406\\u674e\\u8001\\u5e08\\u5e0c\\u671b\\u6211\\u4eec\\u80fd\\u591f\\u63d0\\u4f9b\\u4e00\\u4e2a\\u9488\\u5bf9\\u5e73\\u53f0\\u670d\\u52a1\\u5668\\u7684\\u5b9a\\u91cf\\u68c0\\u6d4b\\u5de5\\u5177\\uff0c\\u5e2e\\u52a9\\u7528\\u6237\\u63d0\\u524d\\u8fdb\\u884c\\u7cfb\\u7edf\\u81ea\\u68c0\\uff0c\\u4ece\\u800c\\u9884\\u9632\\u670d\\u52a1\\u5668\\u574f\\u6389\\u5bf9\\u6559\\u5b66\\u9020\\u6210\\u7684\\u5f71\\u54cd\\uff08\\u7531\\u4e4b\\u524d\\u7684\\u8003\\u8bd5\\u6545\\u969c\\u8054\\u60f3\\u5230\\u7684\\uff09<br \\\/>\\n2\\u3001CRM\\u4fe1\\u606f\\u53cd\\u9988\\uff08\\u6280\\u672f\\uff09<br \\\/>\\n\\u5efa\\u8baevdi\\u670d\\u52a1\\u5668\\u5e73\\u53f0\\u52a0\\u4e0a\\u670d\\u52a1\\u5668\\u5de1\\u68c0\\u548c\\u81ea\\u52a8\\u4fee\\u590d\\u7684\\u529f\\u80fd\\uff0c\\u5f53\\u524d\\u9047\\u5230\\u6709\\u673a\\u5668\\u56e0\\u4e3b\\u63a7\\u670d\\u52a1\\u5f02\\u5e38\\u5bfc\\u81f4\\u7ec8\\u7aef\\u4e0d\\u80fd\\u8fde\\u63a5\\u684c\\u9762\\u7684\\u95ee\\u9898\\uff0c\\u5efa\\u8bae\\u5e73\\u53f0\\u52a0\\u4e0a\\u5e73\\u53f0\\u68c0\\u6d4b\\u529f\\u80fd\\uff0c\\u81ea\\u52a8\\u4fee\\u590d\\u670d\\u52a1\\u7b49\\u5f02\\u5e38\\u95ee\\u9898\\uff1b<br \\\/>\\n\\u5f53\\u524dvdi\\u5e73\\u53f0\\u7f3a\\u5c11\\u5173\\u952e\\u4fe1\\u606f\\u544a\\u8b66\\u63d0\\u793a\\uff0c\\u4e0d\\u4fbf\\u4e8e\\u7528\\u6237\\u4f7f\\u7528\\u548c\\u95ee\\u9898\\u6392\\u67e5\\uff0c\\u5982\\u591a\\u96c6\\u7fa4\\u670d\\u52a1\\u5668\\u7684\\u65f6\\u5019\\u6709\\u6570\\u636e\\u7f51\\u7edc\\u4f7f\\u7528\\u5355\\u72ec\\u7f51\\u5361\\u7684\\u60c5\\u51b5\\uff0c\\u6b64\\u65f6\\u5176\\u4e2d\\u4e00\\u53f0\\u670d\\u52a1\\u5668\\u6570\\u636e\\u7f51\\u7edc\\u7f51\\u5361down\\u6389\\u7684\\u8bdd\\uff0c\\u5e73\\u53f0\\u6ca1\\u6709\\u63d0\\u793a\\uff0c\\u95ee\\u9898\\u73b0\\u8c61\\u53ea\\u662f\\u90e8\\u5206\\u684c\\u9762\\u4e0d\\u80fd\\u8054\\u7f51\\uff0c\\u5f71\\u54cd\\u4f7f\\u7528\\u3002<br \\\/>\\n3\\u3001VOI\\u9700\\u6c42\\u8c03\\u7814\\n<\\\/p>\\n<p style=\\\"background-color:#FFFFFF;\\\">\\n\\t\\u5b66\\u751f\\u8ba1\\u7b97\\u673a\\u6c34\\u5e73\\u6709\\u9650\\uff0c\\u5728\\u4f7f\\u7528\\u684c\\u9762\\u7684\\u65f6\\u5019\\u96be\\u514d\\u9047\\u5230\\u8fd9\\u6837\\u6216\\u90a3\\u6837\\u7684\\u573a\\u666f\\u5c0f\\u95ee\\u9898\\uff0c\\u5f53\\u8bbe\\u5907\\u8f83\\u5206\\u6563\\u65f6\\uff0c\\u4f7f\\u7528\\u8005\\u80fd\\u81ea\\u884c\\u5904\\u7406\\u95ee\\u9898\\uff0c\\u5e38\\u89c1\\u53ef\\u4ee5\\u81ea\\u7ef4\\u62a4\\u7684\\u5c0f\\u95ee\\u9898\\u5982\\uff1a\\u5916\\u8bbe\\u8bc6\\u522b\\uff08\\u952e\\u9f20\\u7b49\\uff09\\u3001\\u5206\\u8fa8\\u7387\\u4e0d\\u5bf9\\u3001\\u67d0\\u4e9b\\u8fdb\\u7a0b\\u91cd\\u542f\\u3001\\u67d0\\u4e9b\\u670d\\u52a1\\u91cd\\u542f\\u3001\\u6587\\u4ef6\\u5171\\u4eab\\u3001\\u7f51\\u7edc\\u68c0\\u67e5\\u3001\\u684c\\u9762\\u5907\\u4efd\\u7b49\\n<\\\/p>\\n<p style=\\\"background-color:#FFFFFF;\\\">\\n\\t<span style=\\\"font-weight:700;\\\">\\u9700\\u6c42\\u76ee\\u7684\\uff1a<\\\/span> \\n<\\\/p>\\n<p style=\\\"background-color:#FFFFFF;\\\">\\n\\t\\u914d\\u5408\\u8fd0\\u7ef4\\u4eba\\u5458\\u6392\\u67e5\\u95ee\\u9898\\uff0c\\u63d0\\u5347\\u8fd0\\u7ef4\\u6548\\u7387\\n<\\\/p>\",\"openedBy\":\"zhangyao\",\"openedDate\":\"2020-05-25 15:45:06\",\"assignedTo\":\"zhangyao\",\"assignedDate\":\"2020-07-07 11:14:27\",\"estStarted\":\"0000-00-00\",\"realStarted\":\"0000-00-00\",\"finishedBy\":\"zhangyao\",\"finishedDate\":\"2020-06-03 00:00:00\",\"finishedList\":\"\",\"canceledBy\":\"\",\"canceledDate\":\"0000-00-00 00:00:00\",\"closedBy\":\"\",\"closedDate\":\"0000-00-00 00:00:00\",\"closedReason\":\"\",\"lastEditedBy\":\"zhangyao\",\"lastEditedDate\":\"2020-07-07 11:14:27\",\"deleted\":\"0\",\"projectID\":\"397\",\"projectName\":\"VDI 5.2.0 \\u9879\\u76ee\\u8fed\\u4ee3\",\"storyID\":\"5750\",\"storyTitle\":\"\\u3010\\u68c0\\u6d4b\\u5e73\\u53f0\\u3011\\u684c\\u9762\\u72b6\\u6001\\u68c0\\u6d4b\",\"storyStatus\":\"active\",\"latestStoryVersion\":\"11\",\"needConfirm\":false,\"progress\":100},{\"id\":\"14730\",\"parent\":\"0\",\"project\":\"397\",\"module\":\"2046\",\"story\":\"5749\",\"storyVersion\":\"9\",\"fromBug\":\"0\",\"name\":\"\\u3010\\u68c0\\u6d4b\\u5e73\\u53f0\\u3011\\u670d\\u52a1\\u5668\\u7cfb\\u7edf\\u72b6\\u6001\\u68c0\\u6d4b \",\"type\":\"devel\",\"pri\":\"1\",\"estimate\":\"0\",\"consumed\":\"8\",\"left\":\"0\",\"deadline\":\"0000-00-00\",\"status\":\"done\",\"color\":\"\",\"mailto\":\"\",\"desc\":\"<p style=\\\"background-color:#FFFFFF;\\\">\\n\\t<span style=\\\"font-weight:700;\\\">\\u9700\\u6c42\\u6765\\u6e90\\uff1a<\\\/span> \\n<\\\/p>\\n<p style=\\\"background-color:#FFFFFF;\\\">\\n\\t\\u7528\\u6237\\u53cd\\u9988\\\/\\u552e\\u540e\\u53cd\\u9988\\n<\\\/p>\\n<p style=\\\"background-color:#FFFFFF;\\\">\\n\\t<span style=\\\"font-weight:700;\\\">\\u9700\\u6c42\\u80cc\\u666f\\uff1a<\\\/span> \\n<\\\/p>\\n<p style=\\\"background-color:#FFFFFF;\\\">\\n\\t1\\u3001\\u56db\\u5ddd\\u5e08\\u8303\\u5927\\u5b66\\u673a\\u623f\\u7ba1\\u7406\\u674e\\u8001\\u5e08<br \\\/>\\n\\u7531\\u4e8e\\u5ddd\\u5e08\\u7684\\u670d\\u52a1\\u5668\\u5df2\\u7ecf\\u8fc7\\u4fdd\\u4e86\\uff0c\\u56db\\u5ddd\\u5e08\\u8303\\u5927\\u5b66\\u7684\\u673a\\u623f\\u7ba1\\u7406\\u674e\\u8001\\u5e08\\u5e0c\\u671b\\u6211\\u4eec\\u80fd\\u591f\\u63d0\\u4f9b\\u4e00\\u4e2a\\u9488\\u5bf9\\u5e73\\u53f0\\u670d\\u52a1\\u5668\\u7684\\u5b9a\\u91cf\\u68c0\\u6d4b\\u5de5\\u5177\\uff0c\\u5e2e\\u52a9\\u7528\\u6237\\u63d0\\u524d\\u8fdb\\u884c\\u7cfb\\u7edf\\u81ea\\u68c0\\uff0c\\u4ece\\u800c\\u9884\\u9632\\u670d\\u52a1\\u5668\\u574f\\u6389\\u5bf9\\u6559\\u5b66\\u9020\\u6210\\u7684\\u5f71\\u54cd\\uff08\\u7531\\u4e4b\\u524d\\u7684\\u8003\\u8bd5\\u6545\\u969c\\u8054\\u60f3\\u5230\\u7684\\uff09<br \\\/>\\n2\\u3001CRM\\u4fe1\\u606f\\u53cd\\u9988\\uff08\\u6280\\u672f\\uff09<br \\\/>\\n\\u5efa\\u8baevdi\\u670d\\u52a1\\u5668\\u5e73\\u53f0\\u52a0\\u4e0a\\u670d\\u52a1\\u5668\\u5de1\\u68c0\\u548c\\u81ea\\u52a8\\u4fee\\u590d\\u7684\\u529f\\u80fd\\uff0c\\u5f53\\u524d\\u9047\\u5230\\u6709\\u673a\\u5668\\u56e0\\u4e3b\\u63a7\\u670d\\u52a1\\u5f02\\u5e38\\u5bfc\\u81f4\\u7ec8\\u7aef\\u4e0d\\u80fd\\u8fde\\u63a5\\u684c\\u9762\\u7684\\u95ee\\u9898\\uff0c\\u5efa\\u8bae\\u5e73\\u53f0\\u52a0\\u4e0a\\u5e73\\u53f0\\u68c0\\u6d4b\\u529f\\u80fd\\uff0c\\u81ea\\u52a8\\u4fee\\u590d\\u670d\\u52a1\\u7b49\\u5f02\\u5e38\\u95ee\\u9898\\uff1b<br \\\/>\\n\\u5f53\\u524dvdi\\u5e73\\u53f0\\u7f3a\\u5c11\\u5173\\u952e\\u4fe1\\u606f\\u544a\\u8b66\\u63d0\\u793a\\uff0c\\u4e0d\\u4fbf\\u4e8e\\u7528\\u6237\\u4f7f\\u7528\\u548c\\u95ee\\u9898\\u6392\\u67e5\\uff0c\\u5982\\u591a\\u96c6\\u7fa4\\u670d\\u52a1\\u5668\\u7684\\u65f6\\u5019\\u6709\\u6570\\u636e\\u7f51\\u7edc\\u4f7f\\u7528\\u5355\\u72ec\\u7f51\\u5361\\u7684\\u60c5\\u51b5\\uff0c\\u6b64\\u65f6\\u5176\\u4e2d\\u4e00\\u53f0\\u670d\\u52a1\\u5668\\u6570\\u636e\\u7f51\\u7edc\\u7f51\\u5361down\\u6389\\u7684\\u8bdd\\uff0c\\u5e73\\u53f0\\u6ca1\\u6709\\u63d0\\u793a\\uff0c\\u95ee\\u9898\\u73b0\\u8c61\\u53ea\\u662f\\u90e8\\u5206\\u684c\\u9762\\u4e0d\\u80fd\\u8054\\u7f51\\uff0c\\u5f71\\u54cd\\u4f7f\\u7528\\u3002<br \\\/>\\n3\\u3001VOI\\u9700\\u6c42\\u8c03\\u7814\\n<\\\/p>\\n<p style=\\\"background-color:#FFFFFF;\\\">\\n\\t\\u5b66\\u751f\\u8ba1\\u7b97\\u673a\\u6c34\\u5e73\\u6709\\u9650\\uff0c\\u5728\\u4f7f\\u7528\\u684c\\u9762\\u7684\\u65f6\\u5019\\u96be\\u514d\\u9047\\u5230\\u8fd9\\u6837\\u6216\\u90a3\\u6837\\u7684\\u573a\\u666f\\u5c0f\\u95ee\\u9898\\uff0c\\u5f53\\u8bbe\\u5907\\u8f83\\u5206\\u6563\\u65f6\\uff0c\\u4f7f\\u7528\\u8005\\u80fd\\u81ea\\u884c\\u5904\\u7406\\u95ee\\u9898\\uff0c\\u5e38\\u89c1\\u53ef\\u4ee5\\u81ea\\u7ef4\\u62a4\\u7684\\u5c0f\\u95ee\\u9898\\u5982\\uff1a\\u5916\\u8bbe\\u8bc6\\u522b\\uff08\\u952e\\u9f20\\u7b49\\uff09\\u3001\\u5206\\u8fa8\\u7387\\u4e0d\\u5bf9\\u3001\\u67d0\\u4e9b\\u8fdb\\u7a0b\\u91cd\\u542f\\u3001\\u67d0\\u4e9b\\u670d\\u52a1\\u91cd\\u542f\\u3001\\u6587\\u4ef6\\u5171\\u4eab\\u3001\\u7f51\\u7edc\\u68c0\\u67e5\\u3001\\u684c\\u9762\\u5907\\u4efd\\u7b49\\n<\\\/p>\\n<p style=\\\"background-color:#FFFFFF;\\\">\\n\\t<span style=\\\"font-weight:700;\\\">\\u9700\\u6c42\\u76ee\\u7684\\uff1a<\\\/span> \\n<\\\/p>\\n<p style=\\\"background-color:#FFFFFF;\\\">\\n\\t\\u914d\\u5408\\u8fd0\\u7ef4\\u4eba\\u5458\\u6392\\u67e5\\u95ee\\u9898\\uff0c\\u63d0\\u5347\\u8fd0\\u7ef4\\u6548\\u7387\\n<\\\/p>\",\"openedBy\":\"zhangyao\",\"openedDate\":\"2020-05-25 15:44:53\",\"assignedTo\":\"zhangyao\",\"assignedDate\":\"2020-07-07 11:14:08\",\"estStarted\":\"0000-00-00\",\"realStarted\":\"0000-00-00\",\"finishedBy\":\"zhangyao\",\"finishedDate\":\"2020-06-02 00:00:00\",\"finishedList\":\"\",\"canceledBy\":\"\",\"canceledDate\":\"0000-00-00 00:00:00\",\"closedBy\":\"\",\"closedDate\":\"0000-00-00 00:00:00\",\"closedReason\":\"\",\"lastEditedBy\":\"zhangyao\",\"lastEditedDate\":\"2020-07-07 11:14:08\",\"deleted\":\"0\",\"projectID\":\"397\",\"projectName\":\"VDI 5.2.0 \\u9879\\u76ee\\u8fed\\u4ee3\",\"storyID\":\"5749\",\"storyTitle\":\"\\u3010\\u68c0\\u6d4b\\u5e73\\u53f0\\u3011\\u7cfb\\u7edf\\u670d\\u52a1\\u68c0\\u6d4b\",\"storyStatus\":\"active\",\"latestStoryVersion\":\"9\",\"needConfirm\":false,\"progress\":100},{\"id\":\"14729\",\"parent\":\"0\",\"project\":\"397\",\"module\":\"2046\",\"story\":\"5742\",\"storyVersion\":\"18\",\"fromBug\":\"0\",\"name\":\"\\u3010\\u68c0\\u6d4b\\u5e73\\u53f0\\u3011\\u786c\\u4ef6\\u4fe1\\u606f\\u68c0\\u6d4b \",\"type\":\"devel\",\"pri\":\"1\",\"estimate\":\"0\",\"consumed\":\"8\",\"left\":\"0\",\"deadline\":\"0000-00-00\",\"status\":\"done\",\"color\":\"\",\"mailto\":\"\",\"desc\":\"<p style=\\\"background-color:#FFFFFF;\\\">\\n\\t<span style=\\\"font-weight:700;\\\">\\u9700\\u6c42\\u6765\\u6e90\\uff1a<\\\/span> \\n<\\\/p>\\n<p style=\\\"background-color:#FFFFFF;\\\">\\n\\t\\u7528\\u6237\\u53cd\\u9988\\\/\\u552e\\u540e\\u53cd\\u9988\\n<\\\/p>\\n<p style=\\\"background-color:#FFFFFF;\\\">\\n\\t<span style=\\\"font-weight:700;\\\">\\u9700\\u6c42\\u80cc\\u666f\\uff1a<\\\/span> \\n<\\\/p>\\n<p style=\\\"background-color:#FFFFFF;\\\">\\n\\t1\\u3001\\u56db\\u5ddd\\u5e08\\u8303\\u5927\\u5b66\\u673a\\u623f\\u7ba1\\u7406\\u674e\\u8001\\u5e08<br \\\/>\\n\\u7531\\u4e8e\\u5ddd\\u5e08\\u7684\\u670d\\u52a1\\u5668\\u5df2\\u7ecf\\u8fc7\\u4fdd\\u4e86\\uff0c\\u56db\\u5ddd\\u5e08\\u8303\\u5927\\u5b66\\u7684\\u673a\\u623f\\u7ba1\\u7406\\u674e\\u8001\\u5e08\\u5e0c\\u671b\\u6211\\u4eec\\u80fd\\u591f\\u63d0\\u4f9b\\u4e00\\u4e2a\\u9488\\u5bf9\\u5e73\\u53f0\\u670d\\u52a1\\u5668\\u7684\\u5b9a\\u91cf\\u68c0\\u6d4b\\u5de5\\u5177\\uff0c\\u5e2e\\u52a9\\u7528\\u6237\\u63d0\\u524d\\u8fdb\\u884c\\u7cfb\\u7edf\\u81ea\\u68c0\\uff0c\\u4ece\\u800c\\u9884\\u9632\\u670d\\u52a1\\u5668\\u574f\\u6389\\u5bf9\\u6559\\u5b66\\u9020\\u6210\\u7684\\u5f71\\u54cd\\uff08\\u7531\\u4e4b\\u524d\\u7684\\u8003\\u8bd5\\u6545\\u969c\\u8054\\u60f3\\u5230\\u7684\\uff09<br \\\/>\\n2\\u3001CRM\\u4fe1\\u606f\\u53cd\\u9988\\uff08\\u6280\\u672f\\uff09<br \\\/>\\n\\u5efa\\u8baevdi\\u670d\\u52a1\\u5668\\u5e73\\u53f0\\u52a0\\u4e0a\\u670d\\u52a1\\u5668\\u5de1\\u68c0\\u548c\\u81ea\\u52a8\\u4fee\\u590d\\u7684\\u529f\\u80fd\\uff0c\\u5f53\\u524d\\u9047\\u5230\\u6709\\u673a\\u5668\\u56e0\\u4e3b\\u63a7\\u670d\\u52a1\\u5f02\\u5e38\\u5bfc\\u81f4\\u7ec8\\u7aef\\u4e0d\\u80fd\\u8fde\\u63a5\\u684c\\u9762\\u7684\\u95ee\\u9898\\uff0c\\u5efa\\u8bae\\u5e73\\u53f0\\u52a0\\u4e0a\\u5e73\\u53f0\\u68c0\\u6d4b\\u529f\\u80fd\\uff0c\\u81ea\\u52a8\\u4fee\\u590d\\u670d\\u52a1\\u7b49\\u5f02\\u5e38\\u95ee\\u9898\\uff1b<br \\\/>\\n\\u5f53\\u524dvdi\\u5e73\\u53f0\\u7f3a\\u5c11\\u5173\\u952e\\u4fe1\\u606f\\u544a\\u8b66\\u63d0\\u793a\\uff0c\\u4e0d\\u4fbf\\u4e8e\\u7528\\u6237\\u4f7f\\u7528\\u548c\\u95ee\\u9898\\u6392\\u67e5\\uff0c\\u5982\\u591a\\u96c6\\u7fa4\\u670d\\u52a1\\u5668\\u7684\\u65f6\\u5019\\u6709\\u6570\\u636e\\u7f51\\u7edc\\u4f7f\\u7528\\u5355\\u72ec\\u7f51\\u5361\\u7684\\u60c5\\u51b5\\uff0c\\u6b64\\u65f6\\u5176\\u4e2d\\u4e00\\u53f0\\u670d\\u52a1\\u5668\\u6570\\u636e\\u7f51\\u7edc\\u7f51\\u5361down\\u6389\\u7684\\u8bdd\\uff0c\\u5e73\\u53f0\\u6ca1\\u6709\\u63d0\\u793a\\uff0c\\u95ee\\u9898\\u73b0\\u8c61\\u53ea\\u662f\\u90e8\\u5206\\u684c\\u9762\\u4e0d\\u80fd\\u8054\\u7f51\\uff0c\\u5f71\\u54cd\\u4f7f\\u7528\\u3002<br \\\/>\\n3\\u3001VOI\\u9700\\u6c42\\u8c03\\u7814\\n<\\\/p>\\n<p style=\\\"background-color:#FFFFFF;\\\">\\n\\t\\u5b66\\u751f\\u8ba1\\u7b97\\u673a\\u6c34\\u5e73\\u6709\\u9650\\uff0c\\u5728\\u4f7f\\u7528\\u684c\\u9762\\u7684\\u65f6\\u5019\\u96be\\u514d\\u9047\\u5230\\u8fd9\\u6837\\u6216\\u90a3\\u6837\\u7684\\u573a\\u666f\\u5c0f\\u95ee\\u9898\\uff0c\\u5f53\\u8bbe\\u5907\\u8f83\\u5206\\u6563\\u65f6\\uff0c\\u4f7f\\u7528\\u8005\\u80fd\\u81ea\\u884c\\u5904\\u7406\\u95ee\\u9898\\uff0c\\u5e38\\u89c1\\u53ef\\u4ee5\\u81ea\\u7ef4\\u62a4\\u7684\\u5c0f\\u95ee\\u9898\\u5982\\uff1a\\u5916\\u8bbe\\u8bc6\\u522b\\uff08\\u952e\\u9f20\\u7b49\\uff09\\u3001\\u5206\\u8fa8\\u7387\\u4e0d\\u5bf9\\u3001\\u67d0\\u4e9b\\u8fdb\\u7a0b\\u91cd\\u542f\\u3001\\u67d0\\u4e9b\\u670d\\u52a1\\u91cd\\u542f\\u3001\\u6587\\u4ef6\\u5171\\u4eab\\u3001\\u7f51\\u7edc\\u68c0\\u67e5\\u3001\\u684c\\u9762\\u5907\\u4efd\\u7b49\\n<\\\/p>\\n<p style=\\\"background-color:#FFFFFF;\\\">\\n\\t<span style=\\\"font-weight:700;\\\">\\u9700\\u6c42\\u76ee\\u7684\\uff1a<\\\/span> \\n<\\\/p>\\n<p style=\\\"background-color:#FFFFFF;\\\">\\n\\t\\u914d\\u5408\\u8fd0\\u7ef4\\u4eba\\u5458\\u6392\\u67e5\\u95ee\\u9898\\uff0c\\u63d0\\u5347\\u8fd0\\u7ef4\\u6548\\u7387\\n<\\\/p>\",\"openedBy\":\"zhangyao\",\"openedDate\":\"2020-05-25 15:44:39\",\"assignedTo\":\"zhangyao\",\"assignedDate\":\"2020-07-07 11:13:39\",\"estStarted\":\"0000-00-00\",\"realStarted\":\"0000-00-00\",\"finishedBy\":\"zhangyao\",\"finishedDate\":\"2020-06-01 00:00:00\",\"finishedList\":\"\",\"canceledBy\":\"\",\"canceledDate\":\"0000-00-00 00:00:00\",\"closedBy\":\"\",\"closedDate\":\"0000-00-00 00:00:00\",\"closedReason\":\"\",\"lastEditedBy\":\"zhangyao\",\"lastEditedDate\":\"2020-07-07 11:13:39\",\"deleted\":\"0\",\"projectID\":\"397\",\"projectName\":\"VDI 5.2.0 \\u9879\\u76ee\\u8fed\\u4ee3\",\"storyID\":\"5742\",\"storyTitle\":\"\\u3010\\u68c0\\u6d4b\\u5e73\\u53f0\\u3011\\u786c\\u4ef6\\u4fe1\\u606f\\u68c0\\u6d4b\",\"storyStatus\":\"active\",\"latestStoryVersion\":\"18\",\"needConfirm\":false,\"progress\":100},{\"id\":\"14728\",\"parent\":\"0\",\"project\":\"397\",\"module\":\"2046\",\"story\":\"5741\",\"storyVersion\":\"16\",\"fromBug\":\"0\",\"name\":\"\\u3010\\u68c0\\u6d4b\\u5e73\\u53f0\\u3011\\u8bbe\\u5907\\u8fde\\u63a5\\u72b6\\u6001\\u68c0\\u6d4b \",\"type\":\"devel\",\"pri\":\"1\",\"estimate\":\"0\",\"consumed\":\"8\",\"left\":\"0\",\"deadline\":\"0000-00-00\",\"status\":\"done\",\"color\":\"\",\"mailto\":\"\",\"desc\":\"<p style=\\\"background-color:#FFFFFF;\\\">\\n\\t<span style=\\\"font-weight:700;\\\">\\u9700\\u6c42\\u6765\\u6e90\\uff1a<\\\/span> \\n<\\\/p>\\n<p style=\\\"background-color:#FFFFFF;\\\">\\n\\t\\u7528\\u6237\\u53cd\\u9988\\\/\\u552e\\u540e\\u53cd\\u9988\\n<\\\/p>\\n<p style=\\\"background-color:#FFFFFF;\\\">\\n\\t<span style=\\\"font-weight:700;\\\">\\u9700\\u6c42\\u80cc\\u666f\\uff1a<\\\/span> \\n<\\\/p>\\n<p style=\\\"background-color:#FFFFFF;\\\">\\n\\t1\\u3001\\u56db\\u5ddd\\u5e08\\u8303\\u5927\\u5b66\\u673a\\u623f\\u7ba1\\u7406\\u674e\\u8001\\u5e08<br \\\/>\\n\\u7531\\u4e8e\\u5ddd\\u5e08\\u7684\\u670d\\u52a1\\u5668\\u5df2\\u7ecf\\u8fc7\\u4fdd\\u4e86\\uff0c\\u56db\\u5ddd\\u5e08\\u8303\\u5927\\u5b66\\u7684\\u673a\\u623f\\u7ba1\\u7406\\u674e\\u8001\\u5e08\\u5e0c\\u671b\\u6211\\u4eec\\u80fd\\u591f\\u63d0\\u4f9b\\u4e00\\u4e2a\\u9488\\u5bf9\\u5e73\\u53f0\\u670d\\u52a1\\u5668\\u7684\\u5b9a\\u91cf\\u68c0\\u6d4b\\u5de5\\u5177\\uff0c\\u5e2e\\u52a9\\u7528\\u6237\\u63d0\\u524d\\u8fdb\\u884c\\u7cfb\\u7edf\\u81ea\\u68c0\\uff0c\\u4ece\\u800c\\u9884\\u9632\\u670d\\u52a1\\u5668\\u574f\\u6389\\u5bf9\\u6559\\u5b66\\u9020\\u6210\\u7684\\u5f71\\u54cd\\uff08\\u7531\\u4e4b\\u524d\\u7684\\u8003\\u8bd5\\u6545\\u969c\\u8054\\u60f3\\u5230\\u7684\\uff09<br \\\/>\\n2\\u3001CRM\\u4fe1\\u606f\\u53cd\\u9988\\uff08\\u6280\\u672f\\uff09<br \\\/>\\n\\u5efa\\u8baevdi\\u670d\\u52a1\\u5668\\u5e73\\u53f0\\u52a0\\u4e0a\\u670d\\u52a1\\u5668\\u5de1\\u68c0\\u548c\\u81ea\\u52a8\\u4fee\\u590d\\u7684\\u529f\\u80fd\\uff0c\\u5f53\\u524d\\u9047\\u5230\\u6709\\u673a\\u5668\\u56e0\\u4e3b\\u63a7\\u670d\\u52a1\\u5f02\\u5e38\\u5bfc\\u81f4\\u7ec8\\u7aef\\u4e0d\\u80fd\\u8fde\\u63a5\\u684c\\u9762\\u7684\\u95ee\\u9898\\uff0c\\u5efa\\u8bae\\u5e73\\u53f0\\u52a0\\u4e0a\\u5e73\\u53f0\\u68c0\\u6d4b\\u529f\\u80fd\\uff0c\\u81ea\\u52a8\\u4fee\\u590d\\u670d\\u52a1\\u7b49\\u5f02\\u5e38\\u95ee\\u9898\\uff1b<br \\\/>\\n\\u5f53\\u524dvdi\\u5e73\\u53f0\\u7f3a\\u5c11\\u5173\\u952e\\u4fe1\\u606f\\u544a\\u8b66\\u63d0\\u793a\\uff0c\\u4e0d\\u4fbf\\u4e8e\\u7528\\u6237\\u4f7f\\u7528\\u548c\\u95ee\\u9898\\u6392\\u67e5\\uff0c\\u5982\\u591a\\u96c6\\u7fa4\\u670d\\u52a1\\u5668\\u7684\\u65f6\\u5019\\u6709\\u6570\\u636e\\u7f51\\u7edc\\u4f7f\\u7528\\u5355\\u72ec\\u7f51\\u5361\\u7684\\u60c5\\u51b5\\uff0c\\u6b64\\u65f6\\u5176\\u4e2d\\u4e00\\u53f0\\u670d\\u52a1\\u5668\\u6570\\u636e\\u7f51\\u7edc\\u7f51\\u5361down\\u6389\\u7684\\u8bdd\\uff0c\\u5e73\\u53f0\\u6ca1\\u6709\\u63d0\\u793a\\uff0c\\u95ee\\u9898\\u73b0\\u8c61\\u53ea\\u662f\\u90e8\\u5206\\u684c\\u9762\\u4e0d\\u80fd\\u8054\\u7f51\\uff0c\\u5f71\\u54cd\\u4f7f\\u7528\\u3002<br \\\/>\\n3\\u3001VOI\\u9700\\u6c42\\u8c03\\u7814\\n<\\\/p>\\n<p style=\\\"background-color:#FFFFFF;\\\">\\n\\t\\u5b66\\u751f\\u8ba1\\u7b97\\u673a\\u6c34\\u5e73\\u6709\\u9650\\uff0c\\u5728\\u4f7f\\u7528\\u684c\\u9762\\u7684\\u65f6\\u5019\\u96be\\u514d\\u9047\\u5230\\u8fd9\\u6837\\u6216\\u90a3\\u6837\\u7684\\u573a\\u666f\\u5c0f\\u95ee\\u9898\\uff0c\\u5f53\\u8bbe\\u5907\\u8f83\\u5206\\u6563\\u65f6\\uff0c\\u4f7f\\u7528\\u8005\\u80fd\\u81ea\\u884c\\u5904\\u7406\\u95ee\\u9898\\uff0c\\u5e38\\u89c1\\u53ef\\u4ee5\\u81ea\\u7ef4\\u62a4\\u7684\\u5c0f\\u95ee\\u9898\\u5982\\uff1a\\u5916\\u8bbe\\u8bc6\\u522b\\uff08\\u952e\\u9f20\\u7b49\\uff09\\u3001\\u5206\\u8fa8\\u7387\\u4e0d\\u5bf9\\u3001\\u67d0\\u4e9b\\u8fdb\\u7a0b\\u91cd\\u542f\\u3001\\u67d0\\u4e9b\\u670d\\u52a1\\u91cd\\u542f\\u3001\\u6587\\u4ef6\\u5171\\u4eab\\u3001\\u7f51\\u7edc\\u68c0\\u67e5\\u3001\\u684c\\u9762\\u5907\\u4efd\\u7b49\\n<\\\/p>\\n<p style=\\\"background-color:#FFFFFF;\\\">\\n\\t<span style=\\\"font-weight:700;\\\">\\u9700\\u6c42\\u76ee\\u7684\\uff1a<\\\/span> \\n<\\\/p>\\n<p style=\\\"background-color:#FFFFFF;\\\">\\n\\t\\u914d\\u5408\\u8fd0\\u7ef4\\u4eba\\u5458\\u6392\\u67e5\\u95ee\\u9898\\uff0c\\u63d0\\u5347\\u8fd0\\u7ef4\\u6548\\u7387\\n<\\\/p>\",\"openedBy\":\"zhangyao\",\"openedDate\":\"2020-05-25 15:44:20\",\"assignedTo\":\"zhangyao\",\"assignedDate\":\"2020-07-07 11:13:09\",\"estStarted\":\"0000-00-00\",\"realStarted\":\"0000-00-00\",\"finishedBy\":\"zhangyao\",\"finishedDate\":\"2020-05-29 00:00:00\",\"finishedList\":\"\",\"canceledBy\":\"\",\"canceledDate\":\"0000-00-00 00:00:00\",\"closedBy\":\"\",\"closedDate\":\"0000-00-00 00:00:00\",\"closedReason\":\"\",\"lastEditedBy\":\"zhangyao\",\"lastEditedDate\":\"2020-07-07 11:13:09\",\"deleted\":\"0\",\"projectID\":\"397\",\"projectName\":\"VDI 5.2.0 \\u9879\\u76ee\\u8fed\\u4ee3\",\"storyID\":\"5741\",\"storyTitle\":\"\\u3010\\u68c0\\u6d4b\\u5e73\\u53f0\\u3011\\u8bbe\\u5907\\u8fde\\u63a5\\u68c0\\u6d4b\",\"storyStatus\":\"active\",\"latestStoryVersion\":\"16\",\"needConfirm\":false,\"progress\":100},{\"id\":\"14727\",\"parent\":\"0\",\"project\":\"397\",\"module\":\"2046\",\"story\":\"5640\",\"storyVersion\":\"7\",\"fromBug\":\"0\",\"name\":\"\\u3010\\u68c0\\u6d4b\\u5e73\\u53f0\\u3011\\u7acb\\u5373\\u4fee\\u590d \",\"type\":\"devel\",\"pri\":\"1\",\"estimate\":\"0\",\"consumed\":\"8\",\"left\":\"0\",\"deadline\":\"0000-00-00\",\"status\":\"done\",\"color\":\"\",\"mailto\":\"\",\"desc\":\"<p style=\\\"background-color:#FFFFFF;\\\">\\n\\t<span style=\\\"font-weight:700;\\\">\\u9700\\u6c42\\u6765\\u6e90\\uff1a<\\\/span> \\n<\\\/p>\\n<p style=\\\"background-color:#FFFFFF;\\\">\\n\\t\\u7528\\u6237\\u53cd\\u9988\\\/\\u552e\\u540e\\u53cd\\u9988\\n<\\\/p>\\n<p style=\\\"background-color:#FFFFFF;\\\">\\n\\t<span style=\\\"font-weight:700;\\\">\\u9700\\u6c42\\u80cc\\u666f\\uff1a<\\\/span> \\n<\\\/p>\\n<p style=\\\"background-color:#FFFFFF;\\\">\\n\\t1\\u3001\\u56db\\u5ddd\\u5e08\\u8303\\u5927\\u5b66\\u673a\\u623f\\u7ba1\\u7406\\u674e\\u8001\\u5e08<br \\\/>\\n\\u7531\\u4e8e\\u5ddd\\u5e08\\u7684\\u670d\\u52a1\\u5668\\u5df2\\u7ecf\\u8fc7\\u4fdd\\u4e86\\uff0c\\u56db\\u5ddd\\u5e08\\u8303\\u5927\\u5b66\\u7684\\u673a\\u623f\\u7ba1\\u7406\\u674e\\u8001\\u5e08\\u5e0c\\u671b\\u6211\\u4eec\\u80fd\\u591f\\u63d0\\u4f9b\\u4e00\\u4e2a\\u9488\\u5bf9\\u5e73\\u53f0\\u670d\\u52a1\\u5668\\u7684\\u5b9a\\u91cf\\u68c0\\u6d4b\\u5de5\\u5177\\uff0c\\u5e2e\\u52a9\\u7528\\u6237\\u63d0\\u524d\\u8fdb\\u884c\\u7cfb\\u7edf\\u81ea\\u68c0\\uff0c\\u4ece\\u800c\\u9884\\u9632\\u670d\\u52a1\\u5668\\u574f\\u6389\\u5bf9\\u6559\\u5b66\\u9020\\u6210\\u7684\\u5f71\\u54cd\\uff08\\u7531\\u4e4b\\u524d\\u7684\\u8003\\u8bd5\\u6545\\u969c\\u8054\\u60f3\\u5230\\u7684\\uff09<br \\\/>\\n2\\u3001CRM\\u4fe1\\u606f\\u53cd\\u9988\\uff08\\u6280\\u672f\\uff09<br \\\/>\\n\\u5efa\\u8baevdi\\u670d\\u52a1\\u5668\\u5e73\\u53f0\\u52a0\\u4e0a\\u670d\\u52a1\\u5668\\u5de1\\u68c0\\u548c\\u81ea\\u52a8\\u4fee\\u590d\\u7684\\u529f\\u80fd\\uff0c\\u5f53\\u524d\\u9047\\u5230\\u6709\\u673a\\u5668\\u56e0\\u4e3b\\u63a7\\u670d\\u52a1\\u5f02\\u5e38\\u5bfc\\u81f4\\u7ec8\\u7aef\\u4e0d\\u80fd\\u8fde\\u63a5\\u684c\\u9762\\u7684\\u95ee\\u9898\\uff0c\\u5efa\\u8bae\\u5e73\\u53f0\\u52a0\\u4e0a\\u5e73\\u53f0\\u68c0\\u6d4b\\u529f\\u80fd\\uff0c\\u81ea\\u52a8\\u4fee\\u590d\\u670d\\u52a1\\u7b49\\u5f02\\u5e38\\u95ee\\u9898\\uff1b<br \\\/>\\n\\u5f53\\u524dvdi\\u5e73\\u53f0\\u7f3a\\u5c11\\u5173\\u952e\\u4fe1\\u606f\\u544a\\u8b66\\u63d0\\u793a\\uff0c\\u4e0d\\u4fbf\\u4e8e\\u7528\\u6237\\u4f7f\\u7528\\u548c\\u95ee\\u9898\\u6392\\u67e5\\uff0c\\u5982\\u591a\\u96c6\\u7fa4\\u670d\\u52a1\\u5668\\u7684\\u65f6\\u5019\\u6709\\u6570\\u636e\\u7f51\\u7edc\\u4f7f\\u7528\\u5355\\u72ec\\u7f51\\u5361\\u7684\\u60c5\\u51b5\\uff0c\\u6b64\\u65f6\\u5176\\u4e2d\\u4e00\\u53f0\\u670d\\u52a1\\u5668\\u6570\\u636e\\u7f51\\u7edc\\u7f51\\u5361down\\u6389\\u7684\\u8bdd\\uff0c\\u5e73\\u53f0\\u6ca1\\u6709\\u63d0\\u793a\\uff0c\\u95ee\\u9898\\u73b0\\u8c61\\u53ea\\u662f\\u90e8\\u5206\\u684c\\u9762\\u4e0d\\u80fd\\u8054\\u7f51\\uff0c\\u5f71\\u54cd\\u4f7f\\u7528\\u3002<br \\\/>\\n3\\u3001VOI\\u9700\\u6c42\\u8c03\\u7814\\n<\\\/p>\\n<p style=\\\"background-color:#FFFFFF;\\\">\\n\\t\\u5b66\\u751f\\u8ba1\\u7b97\\u673a\\u6c34\\u5e73\\u6709\\u9650\\uff0c\\u5728\\u4f7f\\u7528\\u684c\\u9762\\u7684\\u65f6\\u5019\\u96be\\u514d\\u9047\\u5230\\u8fd9\\u6837\\u6216\\u90a3\\u6837\\u7684\\u573a\\u666f\\u5c0f\\u95ee\\u9898\\uff0c\\u5f53\\u8bbe\\u5907\\u8f83\\u5206\\u6563\\u65f6\\uff0c\\u4f7f\\u7528\\u8005\\u80fd\\u81ea\\u884c\\u5904\\u7406\\u95ee\\u9898\\uff0c\\u5e38\\u89c1\\u53ef\\u4ee5\\u81ea\\u7ef4\\u62a4\\u7684\\u5c0f\\u95ee\\u9898\\u5982\\uff1a\\u5916\\u8bbe\\u8bc6\\u522b\\uff08\\u952e\\u9f20\\u7b49\\uff09\\u3001\\u5206\\u8fa8\\u7387\\u4e0d\\u5bf9\\u3001\\u67d0\\u4e9b\\u8fdb\\u7a0b\\u91cd\\u542f\\u3001\\u67d0\\u4e9b\\u670d\\u52a1\\u91cd\\u542f\\u3001\\u6587\\u4ef6\\u5171\\u4eab\\u3001\\u7f51\\u7edc\\u68c0\\u67e5\\u3001\\u684c\\u9762\\u5907\\u4efd\\u7b49\\n<\\\/p>\\n<p style=\\\"background-color:#FFFFFF;\\\">\\n\\t<span style=\\\"font-weight:700;\\\">\\u9700\\u6c42\\u76ee\\u7684\\uff1a<\\\/span> \\n<\\\/p>\\n<p style=\\\"background-color:#FFFFFF;\\\">\\n\\t\\u914d\\u5408\\u8fd0\\u7ef4\\u4eba\\u5458\\u6392\\u67e5\\u95ee\\u9898\\uff0c\\u63d0\\u5347\\u8fd0\\u7ef4\\u6548\\u7387\\n<\\\/p>\",\"openedBy\":\"zhangyao\",\"openedDate\":\"2020-05-25 15:43:58\",\"assignedTo\":\"zhangyao\",\"assignedDate\":\"2020-07-07 11:12:39\",\"estStarted\":\"0000-00-00\",\"realStarted\":\"0000-00-00\",\"finishedBy\":\"zhangyao\",\"finishedDate\":\"2020-05-28 00:00:00\",\"finishedList\":\"\",\"canceledBy\":\"\",\"canceledDate\":\"0000-00-00 00:00:00\",\"closedBy\":\"\",\"closedDate\":\"0000-00-00 00:00:00\",\"closedReason\":\"\",\"lastEditedBy\":\"zhangyao\",\"lastEditedDate\":\"2020-07-07 11:12:39\",\"deleted\":\"0\",\"projectID\":\"397\",\"projectName\":\"VDI 5.2.0 \\u9879\\u76ee\\u8fed\\u4ee3\",\"storyID\":\"5640\",\"storyTitle\":\"\\u3010\\u68c0\\u6d4b\\u5e73\\u53f0\\u3011\\u7acb\\u5373\\u4fee\\u590d\",\"storyStatus\":\"active\",\"latestStoryVersion\":\"7\",\"needConfirm\":false,\"progress\":100},{\"id\":\"14726\",\"parent\":\"0\",\"project\":\"397\",\"module\":\"2046\",\"story\":\"5629\",\"storyVersion\":\"15\",\"fromBug\":\"0\",\"name\":\"\\u3010\\u68c0\\u6d4b\\u5e73\\u53f0\\u3011\\u68c0\\u6d4b \",\"type\":\"devel\",\"pri\":\"1\",\"estimate\":\"0\",\"consumed\":\"5\",\"left\":\"0\",\"deadline\":\"0000-00-00\",\"status\":\"done\",\"color\":\"\",\"mailto\":\"\",\"desc\":\"<p>\\n\\t<strong>\\u9700\\u6c42\\u6765\\u6e90\\uff1a<\\\/strong> \\n<\\\/p>\\n<p>\\n\\t\\u7528\\u6237\\u53cd\\u9988\\\/\\u552e\\u540e\\u53cd\\u9988\\n<\\\/p>\\n<p>\\n\\t<strong>\\u9700\\u6c42\\u80cc\\u666f\\uff1a<\\\/strong> \\n<\\\/p>\\n<p>\\n\\t<span>1\\u3001\\u56db\\u5ddd\\u5e08\\u8303\\u5927\\u5b66\\u673a\\u623f\\u7ba1\\u7406\\u674e\\u8001\\u5e08<\\\/span><br \\\/><span>\\u7531\\u4e8e\\u5ddd\\u5e08\\u7684\\u670d\\u52a1\\u5668\\u5df2\\u7ecf\\u8fc7\\u4fdd\\u4e86\\uff0c\\u56db\\u5ddd\\u5e08\\u8303\\u5927\\u5b66\\u7684\\u673a\\u623f\\u7ba1\\u7406\\u674e\\u8001\\u5e08\\u5e0c\\u671b\\u6211\\u4eec\\u80fd\\u591f\\u63d0\\u4f9b\\u4e00\\u4e2a\\u9488\\u5bf9\\u5e73\\u53f0\\u670d\\u52a1\\u5668\\u7684\\u5b9a\\u91cf\\u68c0\\u6d4b\\u5de5\\u5177\\uff0c\\u5e2e\\u52a9\\u7528\\u6237\\u63d0\\u524d\\u8fdb\\u884c\\u7cfb\\u7edf\\u81ea\\u68c0\\uff0c\\u4ece\\u800c\\u9884\\u9632\\u670d\\u52a1\\u5668\\u574f\\u6389\\u5bf9\\u6559\\u5b66\\u9020\\u6210\\u7684\\u5f71\\u54cd\\uff08\\u7531\\u4e4b\\u524d\\u7684\\u8003\\u8bd5\\u6545\\u969c\\u8054\\u60f3\\u5230\\u7684\\uff09<\\\/span><br \\\/><span>2\\u3001CRM\\u4fe1\\u606f\\u53cd\\u9988\\uff08\\u6280\\u672f\\uff09<\\\/span><br \\\/><span>\\u5efa\\u8baevdi\\u670d\\u52a1\\u5668\\u5e73\\u53f0\\u52a0\\u4e0a\\u670d\\u52a1\\u5668\\u5de1\\u68c0\\u548c\\u81ea\\u52a8\\u4fee\\u590d\\u7684\\u529f\\u80fd\\uff0c\\u5f53\\u524d\\u9047\\u5230\\u6709\\u673a\\u5668\\u56e0\\u4e3b\\u63a7\\u670d\\u52a1\\u5f02\\u5e38\\u5bfc\\u81f4\\u7ec8\\u7aef\\u4e0d\\u80fd\\u8fde\\u63a5\\u684c\\u9762\\u7684\\u95ee\\u9898\\uff0c\\u5efa\\u8bae\\u5e73\\u53f0\\u52a0\\u4e0a\\u5e73\\u53f0\\u68c0\\u6d4b\\u529f\\u80fd\\uff0c\\u81ea\\u52a8\\u4fee\\u590d\\u670d\\u52a1\\u7b49\\u5f02\\u5e38\\u95ee\\u9898\\uff1b<\\\/span><br \\\/><span>\\u5f53\\u524dvdi\\u5e73\\u53f0\\u7f3a\\u5c11\\u5173\\u952e\\u4fe1\\u606f\\u544a\\u8b66\\u63d0\\u793a\\uff0c\\u4e0d\\u4fbf\\u4e8e\\u7528\\u6237\\u4f7f\\u7528\\u548c\\u95ee\\u9898\\u6392\\u67e5\\uff0c\\u5982\\u591a\\u96c6\\u7fa4\\u670d\\u52a1\\u5668\\u7684\\u65f6\\u5019\\u6709\\u6570\\u636e\\u7f51\\u7edc\\u4f7f\\u7528\\u5355\\u72ec\\u7f51\\u5361\\u7684\\u60c5\\u51b5\\uff0c\\u6b64\\u65f6\\u5176\\u4e2d\\u4e00\\u53f0\\u670d\\u52a1\\u5668\\u6570\\u636e\\u7f51\\u7edc\\u7f51\\u5361down\\u6389\\u7684\\u8bdd\\uff0c\\u5e73\\u53f0\\u6ca1\\u6709\\u63d0\\u793a\\uff0c\\u95ee\\u9898\\u73b0\\u8c61\\u53ea\\u662f\\u90e8\\u5206\\u684c\\u9762\\u4e0d\\u80fd\\u8054\\u7f51\\uff0c\\u5f71\\u54cd\\u4f7f\\u7528\\u3002<\\\/span><br \\\/><span>3\\u3001VOI\\u9700\\u6c42\\u8c03\\u7814<\\\/span> \\n<\\\/p>\\n<p>\\n\\t<span>\\u5b66\\u751f\\u8ba1\\u7b97\\u673a\\u6c34\\u5e73\\u6709\\u9650\\uff0c\\u5728\\u4f7f\\u7528\\u684c\\u9762\\u7684\\u65f6\\u5019\\u96be\\u514d\\u9047\\u5230\\u8fd9\\u6837\\u6216\\u90a3\\u6837\\u7684\\u573a\\u666f\\u5c0f\\u95ee\\u9898\\uff0c\\u5f53\\u8bbe\\u5907\\u8f83\\u5206\\u6563\\u65f6\\uff0c\\u4f7f\\u7528\\u8005\\u80fd\\u81ea\\u884c\\u5904\\u7406\\u95ee\\u9898\\uff0c<\\\/span><span>\\u5e38\\u89c1\\u53ef\\u4ee5\\u81ea\\u7ef4\\u62a4\\u7684\\u5c0f\\u95ee\\u9898\\u5982\\uff1a\\u5916\\u8bbe\\u8bc6\\u522b\\uff08\\u952e\\u9f20\\u7b49\\uff09\\u3001\\u5206\\u8fa8\\u7387\\u4e0d\\u5bf9\\u3001\\u67d0\\u4e9b\\u8fdb\\u7a0b\\u91cd\\u542f\\u3001\\u67d0\\u4e9b\\u670d\\u52a1\\u91cd\\u542f\\u3001\\u6587\\u4ef6\\u5171\\u4eab\\u3001\\u7f51\\u7edc\\u68c0\\u67e5\\u3001\\u684c\\u9762\\u5907\\u4efd\\u7b49<\\\/span> \\n<\\\/p>\\n<p>\\n\\t<strong>\\u9700\\u6c42\\u76ee\\u7684\\uff1a<\\\/strong> \\n<\\\/p>\\n<p>\\n\\t\\u914d\\u5408\\u8fd0\\u7ef4\\u4eba\\u5458\\u6392\\u67e5\\u95ee\\u9898\\uff0c\\u63d0\\u5347\\u8fd0\\u7ef4\\u6548\\u7387\\n<\\\/p>\",\"openedBy\":\"zhangyao\",\"openedDate\":\"2020-05-25 15:43:44\",\"assignedTo\":\"zhangyao\",\"assignedDate\":\"2020-07-07 11:18:15\",\"estStarted\":\"0000-00-00\",\"realStarted\":\"0000-00-00\",\"finishedBy\":\"zhangyao\",\"finishedDate\":\"2020-05-25 00:00:00\",\"finishedList\":\"\",\"canceledBy\":\"\",\"canceledDate\":\"0000-00-00 00:00:00\",\"closedBy\":\"\",\"closedDate\":\"0000-00-00 00:00:00\",\"closedReason\":\"\",\"lastEditedBy\":\"zhangyao\",\"lastEditedDate\":\"2020-07-07 11:18:15\",\"deleted\":\"0\",\"projectID\":\"397\",\"projectName\":\"VDI 5.2.0 \\u9879\\u76ee\\u8fed\\u4ee3\",\"storyID\":\"5629\",\"storyTitle\":\"\\u3010\\u68c0\\u6d4b\\u5e73\\u53f0\\u3011\\u68c0\\u6d4b\",\"storyStatus\":\"active\",\"latestStoryVersion\":\"15\",\"needConfirm\":false,\"progress\":100},{\"id\":\"14027\",\"parent\":\"0\",\"project\":\"383\",\"module\":\"332\",\"story\":\"5493\",\"storyVersion\":\"2\",\"fromBug\":\"0\",\"name\":\"\\u3010\\u7ba1\\u7406\\u53f0\\u3011-\\u3010\\u516c\\u5171\\u684c\\u9762\\u3011IDV\\u6dfb\\u52a0\\u533a\\u57df\\u6811\",\"type\":\"devel\",\"pri\":\"1\",\"estimate\":\"0\",\"consumed\":\"9\",\"left\":\"0\",\"deadline\":\"2020-04-09\",\"status\":\"done\",\"color\":\"\",\"mailto\":\"\",\"desc\":\"\",\"openedBy\":\"zhangyao\",\"openedDate\":\"2020-04-07 20:57:04\",\"assignedTo\":\"zhangyao\",\"assignedDate\":\"2020-04-09 18:35:51\",\"estStarted\":\"0000-00-00\",\"realStarted\":\"0000-00-00\",\"finishedBy\":\"zhangyao\",\"finishedDate\":\"2020-04-09 18:35:51\",\"finishedList\":\"\",\"canceledBy\":\"\",\"canceledDate\":\"0000-00-00 00:00:00\",\"closedBy\":\"\",\"closedDate\":\"0000-00-00 00:00:00\",\"closedReason\":\"\",\"lastEditedBy\":\"zhangyao\",\"lastEditedDate\":\"2020-04-09 18:35:51\",\"deleted\":\"0\",\"projectID\":\"383\",\"projectName\":\"VPC 5.2.0 \\u5f00\\u53d1\\u8fed\\u4ee3\",\"storyID\":\"5493\",\"storyTitle\":\"\\u3010\\u7ba1\\u7406\\u53f0\\u3011-\\u3010\\u516c\\u5171\\u684c\\u9762\\u3011\\u754c\\u9762\\u8c03\\u6574\\u9700\\u6c42\",\"storyStatus\":\"active\",\"latestStoryVersion\":\"2\",\"needConfirm\":false,\"progress\":100},{\"id\":\"14010\",\"parent\":\"0\",\"project\":\"383\",\"module\":\"328\",\"story\":\"5138\",\"storyVersion\":\"6\",\"fromBug\":\"0\",\"name\":\"\\u7ec8\\u7aef\\u7ba1\\u7406\\u6dfb\\u52a0\\u3010\\u89e3\\u9664\\u6388\\u6743\\u3011\\u529f\\u80fd\",\"type\":\"devel\",\"pri\":\"1\",\"estimate\":\"0\",\"consumed\":\"8\",\"left\":\"0\",\"deadline\":\"2020-04-09\",\"status\":\"done\",\"color\":\"\",\"mailto\":\"\",\"desc\":\"\\u5bf9VPC\\u670d\\u52a1\\u5668\\u7684\\u6fc0\\u6d3b\\u9700\\u6c42\\u63cf\\u8ff0\",\"openedBy\":\"zhangyao\",\"openedDate\":\"2020-04-06 14:08:07\",\"assignedTo\":\"zhangyao\",\"assignedDate\":\"2020-04-10 07:45:09\",\"estStarted\":\"0000-00-00\",\"realStarted\":\"0000-00-00\",\"finishedBy\":\"wangchuan\",\"finishedDate\":\"2020-04-09 00:00:00\",\"finishedList\":\"\",\"canceledBy\":\"\",\"canceledDate\":\"0000-00-00 00:00:00\",\"closedBy\":\"\",\"closedDate\":\"0000-00-00 00:00:00\",\"closedReason\":\"\",\"lastEditedBy\":\"wangchuan\",\"lastEditedDate\":\"2020-04-10 07:45:09\",\"deleted\":\"0\",\"projectID\":\"383\",\"projectName\":\"VPC 5.2.0 \\u5f00\\u53d1\\u8fed\\u4ee3\",\"storyID\":\"5138\",\"storyTitle\":\"\\u3010\\u670d\\u52a1\\u5668\\u3011-\\u3010\\u521d\\u59cb\\u5316\\u3011-\\u3010\\u6fc0\\u6d3b&amp;\\u6388\\u6743\\u3011\\u9700\\u6c42\",\"storyStatus\":\"active\",\"latestStoryVersion\":\"6\",\"needConfirm\":false,\"progress\":100},{\"id\":\"14009\",\"parent\":\"0\",\"project\":\"383\",\"module\":\"332\",\"story\":\"5493\",\"storyVersion\":\"2\",\"fromBug\":\"0\",\"name\":\"\\u3010\\u7ba1\\u7406\\u53f0\\u3011-\\u3010\\u516c\\u5171\\u684c\\u9762\\u3011\\u53bb\\u6389\\u67e5\\u770b\\u684c\\u9762\",\"type\":\"devel\",\"pri\":\"1\",\"estimate\":\"0\",\"consumed\":\"3\",\"left\":\"0\",\"deadline\":\"2020-04-08\",\"status\":\"done\",\"color\":\"\",\"mailto\":\"\",\"desc\":\"\",\"openedBy\":\"zhangyao\",\"openedDate\":\"2020-04-06 14:00:09\",\"assignedTo\":\"zhangyao\",\"assignedDate\":\"2020-04-09 18:35:39\",\"estStarted\":\"0000-00-00\",\"realStarted\":\"0000-00-00\",\"finishedBy\":\"zhangyao\",\"finishedDate\":\"2020-04-08 00:00:00\",\"finishedList\":\"\",\"canceledBy\":\"\",\"canceledDate\":\"0000-00-00 00:00:00\",\"closedBy\":\"\",\"closedDate\":\"0000-00-00 00:00:00\",\"closedReason\":\"\",\"lastEditedBy\":\"zhangyao\",\"lastEditedDate\":\"2020-04-09 18:35:39\",\"deleted\":\"0\",\"projectID\":\"383\",\"projectName\":\"VPC 5.2.0 \\u5f00\\u53d1\\u8fed\\u4ee3\",\"storyID\":\"5493\",\"storyTitle\":\"\\u3010\\u7ba1\\u7406\\u53f0\\u3011-\\u3010\\u516c\\u5171\\u684c\\u9762\\u3011\\u754c\\u9762\\u8c03\\u6574\\u9700\\u6c42\",\"storyStatus\":\"active\",\"latestStoryVersion\":\"2\",\"needConfirm\":false,\"progress\":100},{\"id\":\"14008\",\"parent\":\"0\",\"project\":\"383\",\"module\":\"332\",\"story\":\"5493\",\"storyVersion\":\"2\",\"fromBug\":\"0\",\"name\":\"\\u3010\\u7ba1\\u7406\\u53f0\\u3011-\\u3010\\u516c\\u5171\\u684c\\u9762\\u3011\\u754c\\u9762\\u6dfb\\u52a0\\u6811\\u5f62\\u7ed3\\u6784\",\"type\":\"devel\",\"pri\":\"1\",\"estimate\":\"0\",\"consumed\":\"16\",\"left\":\"0\",\"deadline\":\"2020-04-04\",\"status\":\"done\",\"color\":\"\",\"mailto\":\"\",\"desc\":\"\",\"openedBy\":\"zhangyao\",\"openedDate\":\"2020-04-06 13:59:34\",\"assignedTo\":\"zhangyao\",\"assignedDate\":\"2020-04-06 14:04:50\",\"estStarted\":\"0000-00-00\",\"realStarted\":\"0000-00-00\",\"finishedBy\":\"zhangyao\",\"finishedDate\":\"2020-04-04 00:00:00\",\"finishedList\":\"\",\"canceledBy\":\"\",\"canceledDate\":\"0000-00-00 00:00:00\",\"closedBy\":\"\",\"closedDate\":\"0000-00-00 00:00:00\",\"closedReason\":\"\",\"lastEditedBy\":\"zhangyao\",\"lastEditedDate\":\"2020-04-06 14:04:50\",\"deleted\":\"0\",\"projectID\":\"383\",\"projectName\":\"VPC 5.2.0 \\u5f00\\u53d1\\u8fed\\u4ee3\",\"storyID\":\"5493\",\"storyTitle\":\"\\u3010\\u7ba1\\u7406\\u53f0\\u3011-\\u3010\\u516c\\u5171\\u684c\\u9762\\u3011\\u754c\\u9762\\u8c03\\u6574\\u9700\\u6c42\",\"storyStatus\":\"active\",\"latestStoryVersion\":\"2\",\"needConfirm\":false,\"progress\":100}],\"type\":\"assignedTo\",\"recTotal\":0,\"recPerPage\":20,\"pageID\":1,\"orderBy\":\"id_desc\",\"users\":{\"\":\"\",\"admin\":\"admin\",\"aixiangkui\":\"\\u827e\\u76f8\\u8475\",\"bbt\":\"\\u73ed\\u73ed\\u901a\",\"biexingxing\":\"\\u522b\\u661f\\u661f\",\"caozhen\":\"\\u66f9\\u632f\",\"chenghao\":\"\\u7a0b\\u7693\",\"chenxiaohu\":\"\\u9648\\u5c0f\\u864e\",\"donglinjie\":\"\\u8463\\u6797\\u6770\",\"duanhaigang\":\"\\u6bb5\\u6d77\\u5c97\",\"guoli\":\"\\u90ed\\u7acb\",\"huangzijie\":\"\\u9ec4\\u5b50\\u6770\",\"huhai\":\"\\u80e1\\u6d77\",\"huwenfeng\":\"\\u80e1\\u6587\\u5cf0\",\"huxiaosi\":\"\\u80e1\\u6653\\u601d\",\"jiazhihao\":\"\\u8d3e\\u5fd7\\u6d69\",\"jinjiao\":\"\\u91d1\\u59e3\",\"liaoyuni\":\"\\u5ed6\\u7389\\u59ae\",\"linyane2\":\"\\u6797\\u8273\\u5a25\",\"liqinwu\":\"\\u674e\\u52e4\\u6b66\",\"lishuang\":\"\\u674e\\u723d\",\"liuchi\":\"\\u5218\\u6c60\",\"liuhaijun\":\"\\u5218\\u6d77\\u519b\",\"maanqi\":\"\\u9a6c\\u5b89\\u7426\",\"panqun\":\"\\u6f58\\u7fa4\",\"panzhuoya\":\"\\u6f58\\u5353\\u96c5\",\"review\":\"\\u8bc4\\u5ba1\\u5458\",\"ruanke\":\"\\u962e\\u79d1\",\"ruanzelin\":\"\\u962e\\u6cfd\\u6797\",\"shenqian\":\"\\u6c88\\u524d\",\"songliangmin\":\"\\u5b8b\\u826f\\u654f\",\"sunjun\":\"\\u5b59\\u4fca\",\"tangjinli\":\"\\u5510\\u91d1\\u4e3d\",\"tanzhenhua\":\"\\u8c08\\u632f\\u534e\",\"tianyiwen\":\"\\u7530\\u6021\\u6587\",\"tongchunyue\":\"\\u7ae5\\u6625\\u6708\",\"wangchuan\":\"\\u738b\\u5ddd\",\"wangmengxiong\":\"\\u738b\\u68a6\\u718a\",\"wanhong\":\"\\u4e07\\u7ea2\",\"weicong\":\"\\u9b4f\\u806a\",\"weihong\":\"\\u9b4f\\u6d2a\",\"xiaowei\":\"\\u8096\\u73ae\",\"xiaowenting\":\"\\u8096\\u6587\\u5a77\",\"xufan\":\"\\u5f90\\u5e06\",\"xusha\":\"\\u5f90\\u6c99\",\"yangqiong\":\"\\u6768\\u743c\",\"yangyansi\":\"\\u6768\\u71d5\\u601d\",\"yizhongyin\":\"\\u7fbf\\u4e2d\\u5f15\",\"yuanyang\":\"\\u8881\\u9633\",\"yuweiwei\":\"\\u4f59\\u7ef4\\u4f1f\",\"yuzhengjun\":\"\\u4f59\\u653f\\u541b\",\"zhangchuansheng\":\"\\u7ae0\\u4f20\\u80dc\",\"zhangmeng2\":\"\\u5f20\\u68a6\",\"zhangxian\":\"\\u5f20\\u5a34\",\"zhangxuecheng\":\"\\u5f20\\u96ea\\u6210\",\"zhangyao\":\"\\u5f20\\u579a\",\"zhangyujie\":\"\\u5f20\\u7389\\u6d01\",\"zhanhuahao\":\"\\u8a79\\u534e\\u8c6a\",\"zhaowanting\":\"\\u8d75\\u5a49\\u5a77\",\"zhengyuqiang\":\"\\u90d1\\u80b2\\u5f3a\",\"zhengzhendi\":\"\\u90d1\\u73cd\\u8fea\",\"zhouheng\":\"\\u5468\\u8861\",\"zhouqiang\":\"\\u5468\\u5f3a\",\"zhoutianwen\":\"\\u5468\\u5929\\u6587\",\"zhouyao\":\"\\u5468\\u59da\",\"zhupan\":\"\\u6731\\u76fc\",\"zhupeng\":\"\\u6731\\u9e4f\",\"zhuxiaokun\":\"\\u6731\\u6653\\u951f\",\"zlxing\":\"\\u66fe\\u4e3d\\u661f\",\"zouxianyan\":\"\\u5468\\u5148\\u71d5\",\"zouyuhui\":\"\\u90b9\\u5b87\\u4f1a\",\"closed\":\"Closed\"},\"pager\":{\"recTotal\":207,\"recPerPage\":20,\"pageCookie\":\"pagerMyTask\",\"pageTotal\":11,\"pageID\":1,\"moduleName\":\"my\",\"methodName\":\"task\",\"params\":null}}","md5":"7272887e9b558aafb5a6c31f568f40ce"}