{"status":"success","data":"{\"title\":\"\\u684c\\u9762\\u4e91\\u878d\\u5408\\u67b6\\u6784::\\u8fed\\u4ee3\\u5217\\u8868\",\"products\":{\"45\":\"\\u786c\\u4ef6\\u4ea7\\u54c1\",\"44\":\"\\u5662\\u6613\\u4e91\\u667a\\u6167\\u7ba1\\u7406\\u5e73\\u53f0\",\"40\":\"\\u7eb7\\u4eab\\u9500\\u5ba2\",\"38\":\"\\u684c\\u9762\\u7ba1\\u7406\\u7cfb\\u7edf\\u4e8c\\u7ea7\\u7248\\u672c\",\"35\":\"DMS\",\"32\":\"IDV\",\"31\":\"\\u684c\\u9762\\u4e91\\u878d\\u5408\\u67b6\\u6784-\\u516c\\u5171-\\u6682\\u7559\",\"30\":\"VOI V5\",\"22\":\"vServer V5\",\"13\":\"CTSC\",\"12\":\"VPC\",\"7\":\"\\u684c\\u9762\\u4e91\\u878d\\u5408\\u67b6\\u6784\",\"4\":\"VDI\\u540e\\u53f0\",\"1\":\"vServer\",\"36\":\"aRDP\",\"34\":\"CTSC V7.4\",\"33\":\"TEST -\\u521b\\u65b0\\u521b\\u4e1a\\u670d\\u52a1\\u4e91\\u5e73\\u53f0\",\"5\":\"\\u73ed\\u73ed\\u901a\",\"2\":\"Cloud\",\"6\":\"Cloud Platform\"},\"projectStats\":[{\"id\":\"441\",\"isCat\":\"0\",\"catID\":\"0\",\"type\":\"waterfall\",\"parent\":\"0\",\"name\":\"VOI5.2.0\\u82f1\\u6587\\u7248\",\"code\":\"VOI5.2.0\\u82f1\\u6587\\u7248\",\"begin\":\"2021-01-11\",\"end\":\"2021-02-10\",\"days\":\"23\",\"status\":\"doing\",\"statge\":\"1\",\"pri\":\"1\",\"desc\":\"VOI5.2.0\\u7684\\u82f1\\u6587\\u7248\",\"openedBy\":\"zouyuhui\",\"openedDate\":\"2021-01-11 16:02:48\",\"openedVersion\":\"11.4\",\"closedBy\":\"\",\"closedDate\":\"0000-00-00 00:00:00\",\"canceledBy\":\"\",\"canceledDate\":\"0000-00-00 00:00:00\",\"PO\":\"\",\"PM\":\"\",\"QD\":\"\",\"RD\":\"\",\"team\":\"VOI5.2.0\\u82f1\\u6587\\u7248\",\"acl\":\"open\",\"whitelist\":\"\",\"order\":\"2205\",\"deleted\":\"0\",\"delay\":33,\"burns\":[],\"hours\":{\"totalEstimate\":0,\"totalConsumed\":0,\"totalLeft\":0,\"progress\":0}},{\"id\":\"433\",\"isCat\":\"0\",\"catID\":\"0\",\"type\":\"waterfall\",\"parent\":\"0\",\"name\":\"\\u878d\\u5408\\u7248 N.N.N\\u8fed\\u4ee3\",\"code\":\"\\u878d\\u5408\\u7248 N.N.N\",\"begin\":\"2020-12-09\",\"end\":\"2030-12-31\",\"days\":\"2625\",\"status\":\"wait\",\"statge\":\"1\",\"pri\":\"1\",\"desc\":\"\\u957f\\u671f\\u8fed\\u4ee3\",\"openedBy\":\"admin\",\"openedDate\":\"2020-12-09 09:24:00\",\"openedVersion\":\"11.4\",\"closedBy\":\"\",\"closedDate\":\"0000-00-00 00:00:00\",\"canceledBy\":\"\",\"canceledDate\":\"0000-00-00 00:00:00\",\"PO\":\"\",\"PM\":\"\",\"QD\":\"\",\"RD\":\"\",\"team\":\"\\u878d\\u5408\\u7248 N.N.N\\u8fed\\u4ee3\",\"acl\":\"open\",\"whitelist\":\"\",\"order\":\"2165\",\"deleted\":\"0\",\"burns\":[],\"hours\":{\"totalEstimate\":0,\"totalConsumed\":0,\"totalLeft\":0,\"progress\":0}},{\"id\":\"428\",\"isCat\":\"0\",\"catID\":\"0\",\"type\":\"sprint\",\"parent\":\"0\",\"name\":\"\\u6559\\u80b2\\u878d\\u5408\\u72485.2.0 OEM\",\"code\":\"\\u6559\\u80b2\\u878d\\u5408\\u72485.2.0 OEM\",\"begin\":\"2020-11-20\",\"end\":\"2020-12-20\",\"days\":\"21\",\"status\":\"doing\",\"statge\":\"1\",\"pri\":\"1\",\"desc\":\"\\u6559\\u80b2\\u878d\\u5408\\u72485.2.0 OEM\\uff08\\u60e0\\u666e\\u3001\\u540c\\u65b9\\uff09\",\"openedBy\":\"yangyansi\",\"openedDate\":\"2020-11-20 15:20:11\",\"openedVersion\":\"11.4\",\"closedBy\":\"\",\"closedDate\":\"0000-00-00 00:00:00\",\"canceledBy\":\"\",\"canceledDate\":\"0000-00-00 00:00:00\",\"PO\":\"\",\"PM\":\"\",\"QD\":\"\",\"RD\":\"\",\"team\":\"\\u6559\\u80b2\\u878d\\u5408\\u72485.2.0 OEM\",\"acl\":\"open\",\"whitelist\":\"\",\"order\":\"2140\",\"deleted\":\"0\",\"delay\":85,\"burns\":[0,0,0,0,0,0,0,0,0,0,0,0,0,0,0,0,0,0,0,0,0,0,0,0,0,0,\"7\",\"7\",\"7\",\"7\"],\"hours\":{\"totalEstimate\":26,\"totalConsumed\":26,\"totalLeft\":0,\"progress\":100,\"totalReal\":26}},{\"id\":\"419\",\"isCat\":\"0\",\"catID\":\"0\",\"type\":\"sprint\",\"parent\":\"0\",\"name\":\"\\u5b9a\\u5236\\u4fe1\\u521b\\u6d4b\\u8bd5-\\u4e34\\u65f6\\u8fed\\u4ee3\",\"code\":\"VPC 5.2.0.dz\",\"begin\":\"2020-11-05\",\"end\":\"2020-11-18\",\"days\":\"10\",\"status\":\"doing\",\"statge\":\"1\",\"pri\":\"1\",\"desc\":\"\\u6d4b\\u8bd5\\u63d0BUG\\u4e13\\u7528\\u3001\\u8ddf\\u8e2a\\u4e13\\u7528\",\"openedBy\":\"wangmengxiong\",\"openedDate\":\"2020-11-05 11:26:31\",\"openedVersion\":\"11.4\",\"closedBy\":\"\",\"closedDate\":\"0000-00-00 00:00:00\",\"canceledBy\":\"\",\"canceledDate\":\"0000-00-00 00:00:00\",\"PO\":\"\",\"PM\":\"\",\"QD\":\"\",\"RD\":\"\",\"team\":\"VDI\",\"acl\":\"open\",\"whitelist\":\"\",\"order\":\"2095\",\"deleted\":\"0\",\"delay\":117,\"burns\":[],\"hours\":{\"totalEstimate\":0,\"totalConsumed\":0,\"totalLeft\":0,\"progress\":0}},{\"id\":\"418\",\"isCat\":\"0\",\"catID\":\"0\",\"type\":\"sprint\",\"parent\":\"0\",\"name\":\"\\u6559\\u80b2\\u878d\\u5408\\u7248V5.3.0\\u6d4b\\u8bd5\\u8fed\\u4ee3\",\"code\":\"VDI 5.3.0\",\"begin\":\"2020-10-20\",\"end\":\"2021-04-23\",\"days\":\"134\",\"status\":\"wait\",\"statge\":\"1\",\"pri\":\"1\",\"desc\":\"\\u6559\\u80b2\\u878d\\u5408\\u7248V5.3.0\\u6d4b\\u8bd5\\u8fed\\u4ee3\",\"openedBy\":\"zhangmeng2\",\"openedDate\":\"2020-10-20 16:39:52\",\"openedVersion\":\"11.4\",\"closedBy\":\"\",\"closedDate\":\"0000-00-00 00:00:00\",\"canceledBy\":\"\",\"canceledDate\":\"0000-00-00 00:00:00\",\"PO\":\"\",\"PM\":\"\",\"QD\":\"\",\"RD\":\"\",\"team\":\"\\u6559\\u80b2\\u878d\\u5408\\u7248V5.3.0\\u6d4b\\u8bd5\\u8fed\",\"acl\":\"private\",\"whitelist\":\"\",\"order\":\"2090\",\"deleted\":\"0\",\"burns\":[\"34\",\"34\",\"34\",\"84\",\"51.5\",\"71.5\",\"71.5\",\"112.5\",\"107.5\",\"116\",\"100\",\"67\",\"67\",\"67\",\"67\",\"103\",\"111.5\",\"85.5\",\"105\",\"105\",\"91\",\"144.5\",\"143.5\",\"69\",\"88.5\",\"122\",\"122\",\"122\",\"122\"],\"hours\":{\"totalEstimate\":3109,\"totalConsumed\":2917,\"totalLeft\":155,\"progress\":95,\"totalReal\":3072}},{\"id\":\"415\",\"isCat\":\"0\",\"catID\":\"0\",\"type\":\"sprint\",\"parent\":\"0\",\"name\":\"VDI 5.1.4 \\u62c9\\u8428\\u6559\\u80b2\\u5c40\\u5b9a\\u5236\\u9879\\u76ee\",\"code\":\"VDI 5.1.4 \\u62c9\\u8428\\u6559\\u80b2\\u5c40\\u5b9a\\u5236\\u9879\\u76ee\",\"begin\":\"2020-09-30\",\"end\":\"2020-10-30\",\"days\":\"23\",\"status\":\"wait\",\"statge\":\"1\",\"pri\":\"1\",\"desc\":\"VDI 5.1.4 \\u62c9\\u8428\\u6559\\u80b2\\u5c40\\u5b9a\\u5236\\u9879\\u76ee\",\"openedBy\":\"yangyansi\",\"openedDate\":\"2020-09-30 08:38:03\",\"openedVersion\":\"11.4\",\"closedBy\":\"\",\"closedDate\":\"0000-00-00 00:00:00\",\"canceledBy\":\"\",\"canceledDate\":\"0000-00-00 00:00:00\",\"PO\":\"\",\"PM\":\"\",\"QD\":\"\",\"RD\":\"\",\"team\":\"\",\"acl\":\"open\",\"whitelist\":\"\",\"order\":\"2075\",\"deleted\":\"0\",\"delay\":136,\"burns\":[],\"hours\":{\"totalEstimate\":0,\"totalConsumed\":0,\"totalLeft\":0,\"progress\":0}},{\"id\":\"412\",\"isCat\":\"0\",\"catID\":\"0\",\"type\":\"sprint\",\"parent\":\"0\",\"name\":\"VDI 5.3.0 \\u9879\\u76ee\\u8fed\\u4ee3\",\"code\":\"VDI 5.3.0 \\u9879\\u76ee\\u8fed\\u4ee3\",\"begin\":\"2020-08-19\",\"end\":\"2020-12-31\",\"days\":\"97\",\"status\":\"doing\",\"statge\":\"1\",\"pri\":\"1\",\"desc\":\"VDI 5.3.0 \\u9879\\u76ee\\u8fed\\u4ee3\",\"openedBy\":\"yangyansi\",\"openedDate\":\"2020-08-19 10:01:04\",\"openedVersion\":\"11.4\",\"closedBy\":\"\",\"closedDate\":\"0000-00-00 00:00:00\",\"canceledBy\":\"\",\"canceledDate\":\"0000-00-00 00:00:00\",\"PO\":\"\",\"PM\":\"\",\"QD\":\"\",\"RD\":\"\",\"team\":\"VDI 5.3.0 \\u9879\\u76ee\\u8fed\\u4ee3\",\"acl\":\"open\",\"whitelist\":\"\",\"order\":\"2060\",\"deleted\":\"0\",\"delay\":74,\"burns\":[\"25\",\"25\",\"25\",\"25\",\"25\",\"25\",\"17\",\"9\",\"9\",\"9\",\"9\",\"9\",\"17\",\"9\",\"52\",\"16\",\"9\",\"9\",\"9\",\"9\",\"9\",\"4\",\"4\",\"4\",\"4\",\"4\",\"4\",\"4\",\"48\",\"40\"],\"hours\":{\"totalEstimate\":650,\"totalConsumed\":1578,\"totalLeft\":14,\"progress\":99.1,\"totalReal\":1592}},{\"id\":\"408\",\"isCat\":\"0\",\"catID\":\"0\",\"type\":\"sprint\",\"parent\":\"0\",\"name\":\"2020Q3Q4\\u5b63\\u5ea6\\u81ea\\u52a8\\u5316\\u6d4b\\u8bd5\\u8fed\\u4ee3\",\"code\":\"2020Q3Q4\\u5b63\\u5ea6\\u81ea\\u52a8\\u5316\\u6d4b\\u8bd5\\u8fed\\u4ee3\",\"begin\":\"2020-07-06\",\"end\":\"2020-09-30\",\"days\":\"63\",\"status\":\"wait\",\"statge\":\"1\",\"pri\":\"1\",\"desc\":\"2020Q3Q4\\u5b63\\u5ea6\\u81ea\\u52a8\\u5316\\u6d4b\\u8bd5\\u8fed\\u4ee3\",\"openedBy\":\"zhouyao\",\"openedDate\":\"2020-07-06 15:29:53\",\"openedVersion\":\"11.4\",\"closedBy\":\"\",\"closedDate\":\"0000-00-00 00:00:00\",\"canceledBy\":\"\",\"canceledDate\":\"0000-00-00 00:00:00\",\"PO\":\"zhouyao\",\"PM\":\"zhouyao\",\"QD\":\"\",\"RD\":\"\",\"team\":\"2020Q3Q4\\u5b63\\u5ea6\\u81ea\\u52a8\\u5316\\u6d4b\\u8bd5\\u8fed\\u4ee3\",\"acl\":\"open\",\"whitelist\":\"\",\"order\":\"2040\",\"deleted\":\"0\",\"delay\":166,\"burns\":[\"70\",\"59\",\"53\",\"53\",\"53\",\"53\",\"72\",\"52\",\"86\",\"73\",\"53\",\"48\",\"48\",\"49\",\"44\",\"60\",\"56\",\"47\",\"29\",\"29\",\"62\",\"52\",\"53\",\"29\",\"44\",\"44\",\"79\",\"65.5\",\"58.5\",\"37.5\"],\"hours\":{\"totalEstimate\":2326.5,\"totalConsumed\":2304.5,\"totalLeft\":23,\"progress\":99,\"totalReal\":2327.5}},{\"id\":\"407\",\"isCat\":\"0\",\"catID\":\"0\",\"type\":\"sprint\",\"parent\":\"0\",\"name\":\"\\u6559\\u80b2\\u878d\\u5408\\u72485.1.5\\u9879\\u76ee\\u8fed\\u4ee3\",\"code\":\"\\u6559\\u80b2\\u878d\\u5408\\u72485.1.5\\u9879\\u76ee\\u8fed\\u4ee3\",\"begin\":\"2020-07-03\",\"end\":\"2020-07-16\",\"days\":\"10\",\"status\":\"closed\",\"statge\":\"1\",\"pri\":\"1\",\"desc\":\"\\u6559\\u80b2\\u878d\\u5408\\u72485.1.5\\u9879\\u76ee\\u8fed\\u4ee3\",\"openedBy\":\"zhangmeng2\",\"openedDate\":\"2020-07-03 09:41:27\",\"openedVersion\":\"11.4\",\"closedBy\":\"zhangmeng2\",\"closedDate\":\"2020-07-22 11:12:22\",\"canceledBy\":\"\",\"canceledDate\":\"0000-00-00 00:00:00\",\"PO\":\"zhaowanting\",\"PM\":\"wangmengxiong\",\"QD\":\"\",\"RD\":\"\",\"team\":\"\\u6559\\u80b2\\u878d\\u5408\\u72485.1.5\\u9879\\u76ee\",\"acl\":\"private\",\"whitelist\":\"\",\"order\":\"2035\",\"deleted\":\"0\",\"burns\":[],\"hours\":{\"totalEstimate\":0,\"totalConsumed\":0,\"totalLeft\":0,\"progress\":0}},{\"id\":\"397\",\"isCat\":\"0\",\"catID\":\"0\",\"type\":\"sprint\",\"parent\":\"0\",\"name\":\"VDI 5.2.0 \\u9879\\u76ee\\u8fed\\u4ee3\",\"code\":\"VDI 5.2.0 \\u9879\\u76ee\\u8fed\\u4ee3\",\"begin\":\"2020-05-25\",\"end\":\"2020-09-30\",\"days\":\"93\",\"status\":\"doing\",\"statge\":\"1\",\"pri\":\"1\",\"desc\":\"VDI 5.2.0 \\u9879\\u76ee\\u8fed\\u4ee3\",\"openedBy\":\"yangyansi\",\"openedDate\":\"2020-05-25 09:18:24\",\"openedVersion\":\"11.4\",\"closedBy\":\"\",\"closedDate\":\"0000-00-00 00:00:00\",\"canceledBy\":\"\",\"canceledDate\":\"0000-00-00 00:00:00\",\"PO\":\"caozhen\",\"PM\":\"wangmengxiong\",\"QD\":\"zhengzhendi\",\"RD\":\"\",\"team\":\"VDI 5.2.0 \\u9879\\u76ee\\u8fed\\u4ee3\",\"acl\":\"open\",\"whitelist\":\"\",\"order\":\"1985\",\"deleted\":\"0\",\"delay\":166,\"burns\":[\"0\",\"0\",\"0\",\"0\",\"0\",\"0\",\"0\",\"0\",\"0\",\"0\",\"0\",\"0\",\"0\",\"0\",\"0\",\"0\",\"0\",\"0\",\"0\",\"0\",\"0\",\"0\",\"0\",\"0\",\"0\",\"0\",\"0\",\"0\",\"0\",\"0\"],\"hours\":{\"totalEstimate\":513,\"totalConsumed\":1385.5,\"totalLeft\":0,\"progress\":100,\"totalReal\":1385.5}},{\"id\":\"389\",\"isCat\":\"0\",\"catID\":\"0\",\"type\":\"sprint\",\"parent\":\"0\",\"name\":\"\\u5357\\u4eac\\u533b\\u6e21\\u4e91EDASS\\u5b9a\\u5236\",\"code\":\"20328\",\"begin\":\"2020-03-28\",\"end\":\"2020-04-03\",\"days\":\"5\",\"status\":\"wait\",\"statge\":\"1\",\"pri\":\"1\",\"desc\":\"\\u4fee\\u6539\\u5b9a\\u5236\",\"openedBy\":\"wangmengxiong\",\"openedDate\":\"2020-03-28 11:46:40\",\"openedVersion\":\"11.4\",\"closedBy\":\"\",\"closedDate\":\"0000-00-00 00:00:00\",\"canceledBy\":\"\",\"canceledDate\":\"0000-00-00 00:00:00\",\"PO\":\"\",\"PM\":\"\",\"QD\":\"\",\"RD\":\"\",\"team\":\"VDI\",\"acl\":\"open\",\"whitelist\":\"\",\"order\":\"1940\",\"deleted\":\"0\",\"delay\":346,\"burns\":[\"0\",\"0\",\"0\",\"0\",\"0\",\"0\",\"0\"],\"hours\":{\"totalEstimate\":0,\"totalConsumed\":9,\"totalLeft\":0,\"progress\":100,\"totalReal\":9}},{\"id\":\"387\",\"isCat\":\"0\",\"catID\":\"0\",\"type\":\"sprint\",\"parent\":\"0\",\"name\":\"eDaas \\u901a\\u7528\\u7248\\u672c\",\"code\":\"5.1.3 EDAAS\",\"begin\":\"2020-03-13\",\"end\":\"2020-03-19\",\"days\":\"5\",\"status\":\"closed\",\"statge\":\"1\",\"pri\":\"1\",\"desc\":\"\\u901a\\u7528\\u7248\\u672c\\u5f00\\u53d1\",\"openedBy\":\"wangmengxiong\",\"openedDate\":\"2020-03-13 11:27:18\",\"openedVersion\":\"11.4\",\"closedBy\":\"wangmengxiong\",\"closedDate\":\"2020-03-26 19:08:40\",\"canceledBy\":\"\",\"canceledDate\":\"0000-00-00 00:00:00\",\"PO\":\"\",\"PM\":\"\",\"QD\":\"\",\"RD\":\"\",\"team\":\"VDI \",\"acl\":\"open\",\"whitelist\":\"\",\"order\":\"1935\",\"deleted\":\"0\",\"burns\":[\"0\",\"0\",\"0\",\"0\",\"0\",\"0\",\"0\"],\"hours\":{\"totalEstimate\":14,\"totalConsumed\":17,\"totalLeft\":0,\"progress\":100,\"totalReal\":17}},{\"id\":\"388\",\"isCat\":\"0\",\"catID\":\"0\",\"type\":\"sprint\",\"parent\":\"0\",\"name\":\"2020Q1Q2\\u5b63\\u5ea6\\u81ea\\u52a8\\u5316\\u6d4b\\u8bd5\\u8fed\\u4ee3\",\"code\":\"2020Q1Q2\\u5b63\\u5ea6\\u81ea\\u52a8\\u5316\\u6d4b\\u8bd5\\u8fed\\u4ee3\",\"begin\":\"2020-03-21\",\"end\":\"2020-06-30\",\"days\":\"72\",\"status\":\"wait\",\"statge\":\"1\",\"pri\":\"1\",\"desc\":\"2020Q1Q2\\u5b63\\u5ea6\\u81ea\\u52a8\\u5316\\u6d4b\\u8bd5\\u8fed\\u4ee3\",\"openedBy\":\"zhouyao\",\"openedDate\":\"2020-03-21 19:30:04\",\"openedVersion\":\"11.4\",\"closedBy\":\"\",\"closedDate\":\"0000-00-00 00:00:00\",\"canceledBy\":\"\",\"canceledDate\":\"0000-00-00 00:00:00\",\"PO\":\"\",\"PM\":\"\",\"QD\":\"\",\"RD\":\"\",\"team\":\"\\u81ea\\u52a8\\u5316\\u6d4b\\u8bd5\",\"acl\":\"open\",\"whitelist\":\"\",\"order\":\"1930\",\"deleted\":\"0\",\"delay\":258,\"burns\":[\"74\",\"66\",\"74\",\"126\",\"119\",\"119\",\"119\",\"129\",\"122\",\"117\",\"125\",\"73\",\"73\",\"73\",\"73\",\"73\",\"51\",\"41\",\"32\",\"32\",\"32\",\"32\",\"41\",\"30\",\"30\",\"30\",\"30\",\"55.5\",\"55.5\",\"34.5\"],\"hours\":{\"totalEstimate\":764.5,\"totalConsumed\":763.5,\"totalLeft\":0,\"progress\":100,\"totalReal\":763.5}},{\"id\":\"386\",\"isCat\":\"0\",\"catID\":\"0\",\"type\":\"sprint\",\"parent\":\"0\",\"name\":\"\\u5357\\u660c\\u68ee\\u6728OEM v5.1.4\",\"code\":\"\\u5357\\u660c\\u68ee\\u6728OEM v5.1.4\",\"begin\":\"2020-03-07\",\"end\":\"2020-04-06\",\"days\":\"21\",\"status\":\"closed\",\"statge\":\"1\",\"pri\":\"1\",\"desc\":\"\\u5357\\u660c\\u68ee\\u6728OEM v5.1.4\",\"openedBy\":\"yangyansi\",\"openedDate\":\"2020-03-07 10:52:48\",\"openedVersion\":\"11.4\",\"closedBy\":\"xufan\",\"closedDate\":\"2020-06-23 08:43:41\",\"canceledBy\":\"\",\"canceledDate\":\"0000-00-00 00:00:00\",\"PO\":\"\",\"PM\":\"\",\"QD\":\"\",\"RD\":\"\",\"team\":\"\\u5357\\u660c\\u68ee\\u6728OEM v5.1.4\",\"acl\":\"open\",\"whitelist\":\"\",\"order\":\"1925\",\"deleted\":\"0\",\"burns\":[],\"hours\":{\"totalEstimate\":0,\"totalConsumed\":0,\"totalLeft\":0,\"progress\":0}},{\"id\":\"383\",\"isCat\":\"0\",\"catID\":\"0\",\"type\":\"sprint\",\"parent\":\"0\",\"name\":\"VPC 5.2.0 \\u5f00\\u53d1\\u8fed\\u4ee3\",\"code\":\"VPC 5.2.0 \\u5f00\\u53d1\\u8fed\\u4ee3\",\"begin\":\"2020-01-15\",\"end\":\"2020-04-30\",\"days\":\"77\",\"status\":\"closed\",\"statge\":\"1\",\"pri\":\"1\",\"desc\":\"VPC 5.2.0 \\u5f00\\u53d1\\u8fed\\u4ee3\",\"openedBy\":\"yangyansi\",\"openedDate\":\"2020-01-15 16:02:38\",\"openedVersion\":\"11.4\",\"closedBy\":\"yangyansi\",\"closedDate\":\"2020-07-30 10:42:08\",\"canceledBy\":\"\",\"canceledDate\":\"0000-00-00 00:00:00\",\"PO\":\"\",\"PM\":\"\",\"QD\":\"\",\"RD\":\"\",\"team\":\"VPC 5.2.0 \\u5f00\\u53d1\\u8fed\\u4ee3\",\"acl\":\"open\",\"whitelist\":\"\",\"order\":\"1915\",\"deleted\":\"0\",\"burns\":[\"118\",\"150\",\"147\",\"147\",\"140\",\"126\",\"114\",\"110\",\"95\",\"77\",\"69\",\"62\",\"62\",\"106\",\"106\",\"106\",\"106\",\"106\",\"106\",\"106\",\"106\",\"26\",\"26\",\"26\",\"26\",\"2\",\"2\",\"2\",\"2\",\"2\"],\"hours\":{\"totalEstimate\":864.5,\"totalConsumed\":2935.3,\"totalLeft\":0,\"progress\":100,\"totalReal\":2935.3}},{\"id\":\"371\",\"isCat\":\"0\",\"catID\":\"0\",\"type\":\"sprint\",\"parent\":\"0\",\"name\":\"eDaaS 5.1.3\\u8fed\\u4ee3\",\"code\":\"edaas-5.1.3-dev\",\"begin\":\"2019-11-18\",\"end\":\"2019-12-20\",\"days\":\"25\",\"status\":\"closed\",\"statge\":\"1\",\"pri\":\"1\",\"desc\":\"\\u57fa\\u4e8e\\u878d\\u5408\\u72485.1.3\\u8fdb\\u884c\\u5f00\\u53d1\\u3002\",\"openedBy\":\"zhuxiaokun\",\"openedDate\":\"2019-11-18 06:50:42\",\"openedVersion\":\"11.4\",\"closedBy\":\"yangyansi\",\"closedDate\":\"2020-08-19 09:56:59\",\"canceledBy\":\"\",\"canceledDate\":\"0000-00-00 00:00:00\",\"PO\":\"\",\"PM\":\"\",\"QD\":\"\",\"RD\":\"\",\"team\":\"eDaaS 5.1.3\\u8fed\\u4ee3\",\"acl\":\"private\",\"whitelist\":\"\",\"order\":\"1855\",\"deleted\":\"0\",\"burns\":[\"18\",\"62\",\"58\",\"58\",\"58\",\"44\",\"44\",\"32\",\"20\",\"20\",\"20\",\"20\",\"20\",\"12\",\"19\",\"25\",\"25\",\"25\",\"12\",\"12\",\"4\",\"4\",\"4\",\"4\",\"4\",\"4\",\"4\",\"0\",\"30\",\"0\"],\"hours\":{\"totalEstimate\":22,\"totalConsumed\":389,\"totalLeft\":0,\"progress\":100,\"totalReal\":389}},{\"id\":\"370\",\"isCat\":\"0\",\"catID\":\"0\",\"type\":\"sprint\",\"parent\":\"0\",\"name\":\"IDV 5.1.4 \\u8fed\\u4ee3\",\"code\":\"IDV 5.1.4\",\"begin\":\"2019-11-18\",\"end\":\"2019-12-31\",\"days\":\"32\",\"status\":\"closed\",\"statge\":\"1\",\"pri\":\"1\",\"desc\":\"idv \\u4e0b\\u4e2a\\u7248\\u672c\\u89e3\\u51b3\\u548c3D\\u900f\\u4f20\",\"openedBy\":\"wangmengxiong\",\"openedDate\":\"2019-11-18 03:09:22\",\"openedVersion\":\"11.4\",\"closedBy\":\"wangmengxiong\",\"closedDate\":\"2020-01-09 08:37:35\",\"canceledBy\":\"\",\"canceledDate\":\"0000-00-00 00:00:00\",\"PO\":\"\",\"PM\":\"\",\"QD\":\"\",\"RD\":\"\",\"team\":\"IDV 5.1.4\",\"acl\":\"open\",\"whitelist\":\"\",\"order\":\"1850\",\"deleted\":\"0\",\"burns\":[],\"hours\":{\"totalEstimate\":0,\"totalConsumed\":0,\"totalLeft\":0,\"progress\":0}},{\"id\":\"369\",\"isCat\":\"0\",\"catID\":\"0\",\"type\":\"sprint\",\"parent\":\"0\",\"name\":\"\\u878d\\u5408\\u7248IDV 5.1.4\\u6d4b\\u8bd5\\u8fed\\u4ee3\",\"code\":\"\\u878d\\u5408\\u7248IDV 5.1.4\\u6d4b\\u8bd5\\u8fed\\u4ee3\",\"begin\":\"2019-11-13\",\"end\":\"2020-02-13\",\"days\":\"67\",\"status\":\"wait\",\"statge\":\"1\",\"pri\":\"1\",\"desc\":\"\\u878d\\u5408\\u7248IDV 5.1.4\\u6d4b\\u8bd5\\u8fed\\u4ee3\",\"openedBy\":\"xusha\",\"openedDate\":\"2019-11-13 18:30:23\",\"openedVersion\":\"11.4\",\"closedBy\":\"\",\"closedDate\":\"0000-00-00 00:00:00\",\"canceledBy\":\"\",\"canceledDate\":\"0000-00-00 00:00:00\",\"PO\":\"\",\"PM\":\"\",\"QD\":\"\",\"RD\":\"\",\"team\":\"\\u878d\\u5408\\u7248IDV 5.1.4\\u6d4b\\u8bd5\\u8fed\\u4ee3\",\"acl\":\"open\",\"whitelist\":\"\",\"order\":\"1845\",\"deleted\":\"0\",\"delay\":396,\"burns\":[\"19\",\"19\",\"13\",\"13\",\"13\",\"13\",\"13\",\"13\",\"13\",\"13\",\"13\",\"13\",\"13\",\"13\",\"13\",\"13\",\"13\",\"13\",\"13\",\"13\",\"13\",\"13\",\"13\",\"13\",\"13\",\"13\",\"13\",\"13\",\"13\",\"13\"],\"hours\":{\"totalEstimate\":538,\"totalConsumed\":538,\"totalLeft\":0,\"progress\":100,\"totalReal\":538}},{\"id\":\"366\",\"isCat\":\"0\",\"catID\":\"0\",\"type\":\"sprint\",\"parent\":\"0\",\"name\":\"VDI 5.1.3 GF\\u5206\\u5e03\\u5f0f\\u5b58\\u50a8\\u8fed\\u4ee3\",\"code\":\"vdi-gfs-5.1.3\",\"begin\":\"2019-11-08\",\"end\":\"2019-12-31\",\"days\":\"38\",\"status\":\"closed\",\"statge\":\"1\",\"pri\":\"1\",\"desc\":\"GF DEMO \\u7248\\u672c\\u7ed3\\u5408\",\"openedBy\":\"wangmengxiong\",\"openedDate\":\"2019-11-08 16:35:21\",\"openedVersion\":\"11.4\",\"closedBy\":\"yangyansi\",\"closedDate\":\"2020-08-19 09:53:57\",\"canceledBy\":\"\",\"canceledDate\":\"0000-00-00 00:00:00\",\"PO\":\"\",\"PM\":\"\",\"QD\":\"\",\"RD\":\"\",\"team\":\"VDI \",\"acl\":\"open\",\"whitelist\":\"\",\"order\":\"1830\",\"deleted\":\"0\",\"burns\":[\"24\",\"17.5\",\"10.5\",\"9\",\"4\",\"4\",\"4\",\"4\",\"0\",\"0\",\"0\",\"0\",\"0\",\"0\",\"0\",\"0\",\"0\",\"0\",\"0\",\"0\",\"0\",\"0\",\"0\",\"0\",\"0\",\"0\",\"0\",\"0\",\"0\",\"0\"],\"hours\":{\"totalEstimate\":239,\"totalConsumed\":210,\"totalLeft\":0,\"progress\":100,\"totalReal\":210}},{\"id\":\"364\",\"isCat\":\"0\",\"catID\":\"0\",\"type\":\"sprint\",\"parent\":\"0\",\"name\":\"VDI&amp;VOI&amp;IDV 5.1.3 HP \\u878d\\u5408\\u7248OEM\",\"code\":\"cc.hp-vdi-s+cc.hp-voi-s+cc.hp-idv-s\",\"begin\":\"2019-10-23\",\"end\":\"2019-11-15\",\"days\":\"18\",\"status\":\"closed\",\"statge\":\"1\",\"pri\":\"1\",\"desc\":\"\\u5efa\\u7acbHP\\u653f\\u4f01+\\u666e\\u6559\\u878d\\u54085.1.3\\u8fed\\u4ee3\\u7248\\u672c\\u3002\",\"openedBy\":\"xufan\",\"openedDate\":\"2019-10-23 10:36:31\",\"openedVersion\":\"11.4\",\"closedBy\":\"xufan\",\"closedDate\":\"2019-11-20 12:04:08\",\"canceledBy\":\"\",\"canceledDate\":\"0000-00-00 00:00:00\",\"PO\":\"yuanyang\",\"PM\":\"xufan\",\"QD\":\"\",\"RD\":\"\",\"team\":\"VDI&amp;VOI&amp;IDV 5.1.3 HP \\u878d\\u5408\\u7248\",\"acl\":\"open\",\"whitelist\":\"\",\"order\":\"1820\",\"deleted\":\"0\",\"burns\":[0,0,0,0,0,0,0,0,0,0,0,0,\"0\",\"0\",\"0\",\"0\",\"0\",\"0\",\"0\",\"0\",\"0\",\"0\",\"0\",\"0\"],\"hours\":{\"totalEstimate\":0,\"totalConsumed\":48,\"totalLeft\":0,\"progress\":100,\"totalReal\":48}},{\"id\":\"362\",\"isCat\":\"0\",\"catID\":\"0\",\"type\":\"waterfall\",\"parent\":\"0\",\"name\":\"VPC 5.1.3 \\u4ea7\\u54c1\\u8fed\\u4ee3\",\"code\":\"VPC 5.1.3\",\"begin\":\"2019-10-10\",\"end\":\"2020-04-12\",\"days\":\"132\",\"status\":\"closed\",\"statge\":\"1\",\"pri\":\"1\",\"desc\":\"VPC \\u9879\\u76ee\\u8fed\\u4ee3\\u5f00\\u53d1\",\"openedBy\":\"wangmengxiong\",\"openedDate\":\"2019-10-10 19:32:51\",\"openedVersion\":\"11.4\",\"closedBy\":\"yangyansi\",\"closedDate\":\"2020-08-19 09:52:56\",\"canceledBy\":\"\",\"canceledDate\":\"0000-00-00 00:00:00\",\"PO\":\"\",\"PM\":\"\",\"QD\":\"\",\"RD\":\"\",\"team\":\"VDI &amp; \\u6280\\u672f\\u5b9e\\u9a8c\\u5ba4\",\"acl\":\"open\",\"whitelist\":\"\",\"order\":\"1810\",\"deleted\":\"0\",\"burns\":[],\"hours\":{\"totalEstimate\":0,\"totalConsumed\":0,\"totalLeft\":0,\"progress\":0}},{\"id\":\"359\",\"isCat\":\"0\",\"catID\":\"0\",\"type\":\"waterfall\",\"parent\":\"0\",\"name\":\"VDI 5.1.4\",\"code\":\"vdi514\",\"begin\":\"2019-09-23\",\"end\":\"2019-12-24\",\"days\":\"67\",\"status\":\"closed\",\"statge\":\"1\",\"pri\":\"1\",\"desc\":\"<p>\\n\\t1.\\u89e3\\u51b3 \\u4e0b\\u7248\\u672c\\u8981\\u89e3\\u51b3\\u7684BUG\\u3002\\n<\\\/p>\\n<p>\\n\\t2.\\u5b8c\\u6210 5.1.4 \\u7684\\u9700\\u6c42\\n<\\\/p>\",\"openedBy\":\"wangmengxiong\",\"openedDate\":\"2019-09-23 10:56:06\",\"openedVersion\":\"11.4\",\"closedBy\":\"yangyansi\",\"closedDate\":\"2020-08-19 09:51:47\",\"canceledBy\":\"\",\"canceledDate\":\"0000-00-00 00:00:00\",\"PO\":\"\",\"PM\":\"\",\"QD\":\"\",\"RD\":\"\",\"team\":\"VDITEAM\",\"acl\":\"open\",\"whitelist\":\"\",\"order\":\"1795\",\"deleted\":\"0\",\"burns\":[\"33.5\",\"33.5\",\"33.5\",\"33.5\",\"32.5\",\"32.5\",\"32.5\",\"32.5\",\"32.5\",\"32.5\",\"32.5\",\"32.5\",\"32.5\",\"32.5\",\"32.5\",\"32.5\",\"32.5\",\"32.5\",\"32.5\",\"32.5\",\"32.5\",\"32.5\",\"32.5\",\"32.5\",\"32.5\",\"32.5\",\"32.5\",\"32.5\",\"32.5\",\"32.5\"],\"hours\":{\"totalEstimate\":11.5,\"totalConsumed\":758,\"totalLeft\":0,\"progress\":100,\"totalReal\":758}},{\"id\":\"353\",\"isCat\":\"0\",\"catID\":\"0\",\"type\":\"sprint\",\"parent\":\"0\",\"name\":\"VDI 5.1.3\",\"code\":\"VDI 5.1.3 -netdisk\",\"begin\":\"2019-07-24\",\"end\":\"2019-08-31\",\"days\":\"28\",\"status\":\"closed\",\"statge\":\"1\",\"pri\":\"1\",\"desc\":\"1.\\u5b9e\\u73b0\\u6559\\u5b66\\u7f51\\u76d8\",\"openedBy\":\"wangmengxiong\",\"openedDate\":\"2019-07-24 10:50:28\",\"openedVersion\":\"11.4\",\"closedBy\":\"wangmengxiong\",\"closedDate\":\"2019-10-29 07:39:08\",\"canceledBy\":\"\",\"canceledDate\":\"0000-00-00 00:00:00\",\"PO\":\"\",\"PM\":\"\",\"QD\":\"\",\"RD\":\"\",\"team\":\"VDI \",\"acl\":\"open\",\"whitelist\":\"\",\"order\":\"1765\",\"deleted\":\"0\",\"burns\":[0,0,0,0,0,0,0,\"0\",\"0\",\"0\",\"0\",\"0\",\"0\",\"4\",\"4\",\"4\",\"4\",\"4\",\"4\",\"4\",\"4\",\"4\",\"4\",\"4\",\"4\",\"4\",\"4\",\"4\",\"4\",\"4\"],\"hours\":{\"totalEstimate\":8,\"totalConsumed\":114,\"totalLeft\":0,\"progress\":100,\"totalReal\":114}},{\"id\":\"349\",\"isCat\":\"0\",\"catID\":\"0\",\"type\":\"sprint\",\"parent\":\"0\",\"name\":\"\\u878d\\u5408\\u7248IDV 5.1.3 \\u6d4b\\u8bd5\\u8fed\\u4ee3\",\"code\":\"\\u878d\\u5408\\u7248IDV 5.1.3 \",\"begin\":\"2019-07-22\",\"end\":\"2019-10-31\",\"days\":\"74\",\"status\":\"wait\",\"statge\":\"1\",\"pri\":\"1\",\"desc\":\"\\u878d\\u5408\\u7248IDV 5.1.3 \\u6d4b\\u8bd5\\u8fed\\u4ee3\",\"openedBy\":\"xusha\",\"openedDate\":\"2019-07-22 14:10:55\",\"openedVersion\":\"11.4\",\"closedBy\":\"\",\"closedDate\":\"0000-00-00 00:00:00\",\"canceledBy\":\"\",\"canceledDate\":\"0000-00-00 00:00:00\",\"PO\":\"\",\"PM\":\"\",\"QD\":\"\",\"RD\":\"\",\"team\":\"\",\"acl\":\"open\",\"whitelist\":\"\",\"order\":\"1745\",\"deleted\":\"0\",\"delay\":501,\"burns\":[\"15\",\"15\",\"15\",\"15\",\"15\",\"15\",\"17\",\"108\",\"103\",\"96\",\"77.5\",\"77.5\",\"70.5\",\"50.5\",\"43.5\",\"50.5\",\"29.5\",\"29.5\",\"29.5\",\"48.5\",\"33.5\",\"45\",\"54.5\",\"47.5\",\"47.5\",\"47.5\",\"40.5\",\"47.5\",\"40.5\",\"40.5\"],\"hours\":{\"totalEstimate\":1140.5,\"totalConsumed\":1118.5,\"totalLeft\":0,\"progress\":100,\"totalReal\":1118.5}},{\"id\":\"346\",\"isCat\":\"0\",\"catID\":\"0\",\"type\":\"sprint\",\"parent\":\"0\",\"name\":\"\\u5929\\u878d\\u4fe15.1.1 OEM\\u878d\\u5408\\u7248\\u8fed\\u4ee3\\u8ba1\\u5212\",\"code\":\"5.1.1\",\"begin\":\"2019-06-03\",\"end\":\"2019-06-21\",\"days\":\"15\",\"status\":\"closed\",\"statge\":\"1\",\"pri\":\"1\",\"desc\":\"\\u5929\\u878d\\u4fe15.1.1OEM\\u878d\\u5408\\u7248\\u8fed\\u4ee3\\u8ba1\\u5212\",\"openedBy\":\"yuanyang\",\"openedDate\":\"2019-07-18 09:21:43\",\"openedVersion\":\"11.4\",\"closedBy\":\"wangmengxiong\",\"closedDate\":\"2019-07-23 11:23:18\",\"canceledBy\":\"\",\"canceledDate\":\"0000-00-00 00:00:00\",\"PO\":\"wangmengxiong\",\"PM\":\"wangmengxiong\",\"QD\":\"\",\"RD\":\"\",\"team\":\"\\u5929\\u878d\\u4fe15.1.1 OEM\\u878d\\u5408\\u7248\\u8fed\",\"acl\":\"open\",\"whitelist\":\"\",\"order\":\"1730\",\"deleted\":\"0\",\"burns\":[],\"hours\":{\"totalEstimate\":0,\"totalConsumed\":0,\"totalLeft\":0,\"progress\":0}},{\"id\":\"345\",\"isCat\":\"0\",\"catID\":\"0\",\"type\":\"sprint\",\"parent\":\"0\",\"name\":\"\\u60e0\\u666e5.1.0\\u9ad8\\u6559\\uff0c\\u666e\\u6559\\uff0c\\u653f\\u4f01\\u8fed\\u4ee3\",\"code\":\"5.1.0\",\"begin\":\"2019-06-03\",\"end\":\"2019-06-21\",\"days\":\"15\",\"status\":\"closed\",\"statge\":\"1\",\"pri\":\"1\",\"desc\":\"\\u60e0\\u666eOEM\\u878d\\u5408\\u7248\\u7814\\u53d1\\u8fed\\u4ee3\",\"openedBy\":\"yuanyang\",\"openedDate\":\"2019-07-18 09:09:24\",\"openedVersion\":\"11.4\",\"closedBy\":\"yuanyang\",\"closedDate\":\"2019-07-24 09:51:20\",\"canceledBy\":\"\",\"canceledDate\":\"0000-00-00 00:00:00\",\"PO\":\"yuanyang\",\"PM\":\"yuanyang\",\"QD\":\"\",\"RD\":\"\",\"team\":\"\\u60e0\\u666e5.1.0\\u9ad8\\u6559\\uff0c\\u666e\\u6559\\uff0c\\u653f\\u4f01\\u8fed\\u4ee3\",\"acl\":\"open\",\"whitelist\":\"\",\"order\":\"1725\",\"deleted\":\"0\",\"burns\":[],\"hours\":{\"totalEstimate\":2,\"totalConsumed\":9,\"totalLeft\":0,\"progress\":100,\"totalReal\":9}},{\"id\":\"344\",\"isCat\":\"0\",\"catID\":\"0\",\"type\":\"sprint\",\"parent\":\"0\",\"name\":\"VDI&amp;VOI 5.1.2 \\u5713\\u5bb8OEM\",\"code\":\"dc.yc-vdi-f + dc.yc-voi-f\",\"begin\":\"2019-07-17\",\"end\":\"2019-10-31\",\"days\":\"18\",\"status\":\"closed\",\"statge\":\"1\",\"pri\":\"1\",\"desc\":\"<p>\\n\\t\\u7e41\\u4f53OEM\\u5f00\\u53d1\\u3002\\n<\\\/p>\\n<p>\\n\\t<br \\\/><\\\/p>\\n<p>\\n\\t2019-08-01\\uff1a\\n<\\\/p>\\n<p>\\n\\tVDI\\u90a3\\u8fb9\\u7814\\u53d1\\u4eba\\u5458\\u5f53\\u524d\\u8fdb\\u884c5.1.3\\u5f00\\u53d1\\uff0c\\u4efb\\u52a1\\u6bd4\\u8f83\\u91cd\\uff0c\\u7ecf\\u8fc7\\u4ea7\\u54c1\\u7ecf\\u7406\\u8881\\u9633\\u4e0e\\u7814\\u53d1\\uff0c\\u7ecf\\u9500\\u55463\\u65b9\\u6c9f\\u901a\\uff0c\\u540c\\u610f\\u5c06\\u622a\\u6b62\\u65e5\\u671f\\u4fee\\u6539\\u4e3a2019-08-08\\n<\\\/p>\",\"openedBy\":\"xufan\",\"openedDate\":\"2019-07-17 10:20:03\",\"openedVersion\":\"11.4\",\"closedBy\":\"xufan\",\"closedDate\":\"2019-11-01 03:41:54\",\"canceledBy\":\"\",\"canceledDate\":\"0000-00-00 00:00:00\",\"PO\":\"yuanyang\",\"PM\":\"xufan\",\"QD\":\"\",\"RD\":\"\",\"team\":\"VOI 5.1.2 \\u5143\\u8fb0OEM\",\"acl\":\"open\",\"whitelist\":\"\",\"order\":\"1720\",\"deleted\":\"0\",\"burns\":[\"0\",\"0\",\"0\",\"0\",\"0\",\"0\",\"0\",\"0\",\"0\",\"0\",\"0\",\"0\",\"0\",\"0\",\"0\",\"0\",\"0\",\"0\",\"0\",\"0\",\"0\",\"0\",\"0\",\"0\",\"0\",\"0\",\"0\",\"0\",\"0\",\"0\"],\"hours\":{\"totalEstimate\":1,\"totalConsumed\":13,\"totalLeft\":0,\"progress\":100,\"totalReal\":13}},{\"id\":\"342\",\"isCat\":\"0\",\"catID\":\"0\",\"type\":\"sprint\",\"parent\":\"0\",\"name\":\"VDI&amp;VOI 5.1.2 \\u540c\\u65b9OEM\",\"code\":\"tf5.1.2 OEM \",\"begin\":\"2019-07-10\",\"end\":\"2019-07-25\",\"days\":\"12\",\"status\":\"closed\",\"statge\":\"1\",\"pri\":\"1\",\"desc\":\"\\u540c\\u65b9OEM&nbsp;\",\"openedBy\":\"wangmengxiong\",\"openedDate\":\"2019-07-10 18:49:52\",\"openedVersion\":\"11.4\",\"closedBy\":\"xufan\",\"closedDate\":\"2019-07-29 00:55:58\",\"canceledBy\":\"\",\"canceledDate\":\"0000-00-00 00:00:00\",\"PO\":\"yuanyang\",\"PM\":\"xufan\",\"QD\":\"\",\"RD\":\"\",\"team\":\"VDI &amp; VOI \",\"acl\":\"private\",\"whitelist\":\"\",\"order\":\"1710\",\"deleted\":\"0\",\"burns\":[0,0,0,0,0,0,0,0,\"0\",\"0\",\"0\",\"0\",\"0\",\"0\",\"0\",\"0\"],\"hours\":{\"totalEstimate\":18.2,\"totalConsumed\":18.2,\"totalLeft\":0,\"progress\":100,\"totalReal\":18.2}},{\"id\":\"338\",\"isCat\":\"0\",\"catID\":\"0\",\"type\":\"sprint\",\"parent\":\"0\",\"name\":\"VOI 5.1.3\\u9879\\u76ee\",\"code\":\"VOI5.1.3\",\"begin\":\"2019-07-02\",\"end\":\"2019-09-05\",\"days\":\"48\",\"status\":\"closed\",\"statge\":\"1\",\"pri\":\"1\",\"desc\":\"<p>\\n\\tVOI5.1.3\\u7248\\u672c\\u5f00\\u53d1\\u8ba1\\u5212\\n<\\\/p>\\n<p>\\n\\t<br \\\/><\\\/p>\\n<p>\\n\\t\\u5230\\u5f53\\u524d8\\u670830\\u53f7\\uff0c\\u7531\\u4e8eBT\\u5c1a\\u4e0d\\u7a33\\u5b9a\\uff0c\\u9700\\u8981\\u65b0\\u65b9\\u6848\\u4ee5\\u53ca\\u5916\\u6d4b\\uff0c\\u7ecf\\u8fc7\\u9879\\u76ee\\u7ecf\\u7406\\u548c\\u4ea7\\u54c1\\u7ecf\\u7406\\u5171\\u540c\\u51b3\\u5b9a\\uff0c\\u53d1\\u5e03\\u65f6\\u95f4\\u4fee\\u6539\\u4e3a9\\u67085\\u65e5\\u3002\\n<\\\/p>\",\"openedBy\":\"zhanxianke\",\"openedDate\":\"2019-07-02 10:57:26\",\"openedVersion\":\"11.4\",\"closedBy\":\"xufan\",\"closedDate\":\"2019-09-09 09:35:20\",\"canceledBy\":\"\",\"canceledDate\":\"0000-00-00 00:00:00\",\"PO\":\"zouyuhui\",\"PM\":\"tanzhenhua\",\"QD\":\"\",\"RD\":\"\",\"team\":\"VOI\\u9879\\u76ee\\u7ec4\\u53ca\\u4efb\\u52a1\\u5173\\u8054\\u6210\\u5458\",\"acl\":\"open\",\"whitelist\":\"\",\"order\":\"1690\",\"deleted\":\"0\",\"burns\":[\"0\",\"0\",\"0\",\"0\",\"0\",\"0\",\"48\",\"48\",\"48\",\"0\",\"0\",\"0\",\"0\",\"0\",\"0\",\"0\",\"0\",\"0\",\"0\",\"0\",\"0\",\"0\",\"0\",\"0\",\"0\",\"0\",\"0\",\"0\",\"0\",\"0\"],\"hours\":{\"totalEstimate\":379.8,\"totalConsumed\":511.1,\"totalLeft\":0,\"progress\":100,\"totalReal\":511.1}},{\"id\":\"335\",\"isCat\":\"0\",\"catID\":\"0\",\"type\":\"sprint\",\"parent\":\"0\",\"name\":\"VDI&amp;VOI 5.1.1 \\u666e\\u6559&amp;\\u9ad8\\u6559\",\"code\":\" 5.1.1 cc-cf\",\"begin\":\"2019-05-31\",\"end\":\"2019-06-13\",\"days\":\"10\",\"status\":\"closed\",\"statge\":\"1\",\"pri\":\"1\",\"desc\":\"\\u5168\\u7248\\u672c\",\"openedBy\":\"wangmengxiong\",\"openedDate\":\"2019-05-31 09:30:56\",\"openedVersion\":\"11.4\",\"closedBy\":\"wangmengxiong\",\"closedDate\":\"2019-07-23 11:29:31\",\"canceledBy\":\"\",\"canceledDate\":\"0000-00-00 00:00:00\",\"PO\":\"\",\"PM\":\"\",\"QD\":\"\",\"RD\":\"\",\"team\":\"VDI &amp;VOI\",\"acl\":\"open\",\"whitelist\":\"\",\"order\":\"1675\",\"deleted\":\"0\",\"burns\":[],\"hours\":{\"totalEstimate\":0,\"totalConsumed\":0,\"totalLeft\":0,\"progress\":0}},{\"id\":\"328\",\"isCat\":\"0\",\"catID\":\"0\",\"type\":\"sprint\",\"parent\":\"0\",\"name\":\"VDI \\u878d\\u5408\\u7248&amp;EDAAS 5.1.2\",\"code\":\"5.1.2\",\"begin\":\"2019-05-14\",\"end\":\"2019-06-13\",\"days\":\"23\",\"status\":\"closed\",\"statge\":\"1\",\"pri\":\"1\",\"desc\":\"<p>\\n\\t1.\\u89e3\\u51b3\\u4e0b\\u4e2a\\u7248\\u672c\\u8981\\u89e3\\u51b3\\u7684BUG\\u3002\\n<\\\/p>\\n<p>\\n\\t2.\\u5b8c\\u6210 5.1.2 \\u89c4\\u5212\\u7684\\u529f\\u80fd\\n<\\\/p>\",\"openedBy\":\"wangmengxiong\",\"openedDate\":\"2019-05-14 11:49:22\",\"openedVersion\":\"10.5\",\"closedBy\":\"wangmengxiong\",\"closedDate\":\"2019-07-23 11:27:59\",\"canceledBy\":\"\",\"canceledDate\":\"0000-00-00 00:00:00\",\"PO\":\"xiongrui\",\"PM\":\"wangmengxiong\",\"QD\":\"\",\"RD\":\"\",\"team\":\"VDI\",\"acl\":\"private\",\"whitelist\":\"\",\"order\":\"1640\",\"deleted\":\"0\",\"burns\":[],\"hours\":{\"totalEstimate\":0,\"totalConsumed\":0,\"totalLeft\":0,\"progress\":0}},{\"id\":\"321\",\"isCat\":\"0\",\"catID\":\"0\",\"type\":\"sprint\",\"parent\":\"0\",\"name\":\"VDI 4.6.0 TF \\u7279\\u7248\",\"code\":\"4.6.0\",\"begin\":\"2019-03-19\",\"end\":\"2019-04-05\",\"days\":\"14\",\"status\":\"closed\",\"statge\":\"1\",\"pri\":\"1\",\"desc\":\"\\u540c\\u65b9\\u7279\\u7248 VDI 4.6.0 \\u53d1\\u5e03\",\"openedBy\":\"wangmengxiong\",\"openedDate\":\"2019-03-19 14:51:04\",\"openedVersion\":\"10.5\",\"closedBy\":\"wangmengxiong\",\"closedDate\":\"2019-07-23 11:26:47\",\"canceledBy\":\"\",\"canceledDate\":\"0000-00-00 00:00:00\",\"PO\":\"\",\"PM\":\"\",\"QD\":\"\",\"RD\":\"\",\"team\":\"VDI\",\"acl\":\"open\",\"whitelist\":\"\",\"order\":\"1605\",\"deleted\":\"0\",\"burns\":[],\"hours\":{\"totalEstimate\":0,\"totalConsumed\":0,\"totalLeft\":0,\"progress\":0}},{\"id\":\"307\",\"isCat\":\"0\",\"catID\":\"0\",\"type\":\"sprint\",\"parent\":\"0\",\"name\":\"VDI 5.1.0 \\u5f00\\u53d1\\u8fed\\u4ee3\",\"code\":\"VDI_5_1_0\",\"begin\":\"2018-12-18\",\"end\":\"2019-03-31\",\"days\":\"74\",\"status\":\"closed\",\"statge\":\"1\",\"pri\":\"1\",\"desc\":\"<p>\\r\\n\\t1.VDI\\r\\n<\\\/p>\\r\\n<p>\\r\\n\\t2.eDaaS\\r\\n<\\\/p>\",\"openedBy\":\"wangmengxiong\",\"openedDate\":\"2018-12-18 17:10:44\",\"openedVersion\":\"10.5\",\"closedBy\":\"wangmengxiong\",\"closedDate\":\"2019-07-23 11:25:21\",\"canceledBy\":\"\",\"canceledDate\":\"0000-00-00 00:00:00\",\"PO\":\"xiongrui\",\"PM\":\"wangmengxiong\",\"QD\":\"\",\"RD\":\"\",\"team\":\"VDI\",\"acl\":\"private\",\"whitelist\":\"\",\"order\":\"1535\",\"deleted\":\"0\",\"burns\":[\"0\",\"0\",\"0\",\"0\",\"0\",\"0\",\"0\",\"0\",\"0\",\"0\",\"0\",\"0\",\"0\",\"0\",\"0\",\"0\",\"0\",\"0\",\"0\",\"0\",\"0\",\"0\",\"0\",\"0\",\"0\",\"0\",\"0\",\"0\",\"0\",\"0\"],\"hours\":{\"totalEstimate\":1323.5,\"totalConsumed\":1253,\"totalLeft\":0,\"progress\":100,\"totalReal\":1253}},{\"id\":\"306\",\"isCat\":\"0\",\"catID\":\"0\",\"type\":\"sprint\",\"parent\":\"0\",\"name\":\"VDI 4.6.0 \\u5929\\u878d\\u4fe1\\u653f\\u4f01\\u7279\\u7248\",\"code\":\"trx_vdi_4_6_0\",\"begin\":\"2018-12-18\",\"end\":\"2019-01-31\",\"days\":\"33\",\"status\":\"closed\",\"statge\":\"1\",\"pri\":\"1\",\"desc\":\"\\nwin\\u5ba2\\u6237\\u7aef\\u96c6\\u6210VPN\\uff1a\\u901a\\u8fc7\\u5728win\\u5ba2\\u6237\\u7aef\\u5929\\u878d\\u4fe1\\u7248\\u672c\\u4e0a\\u96c6\\u6210\\u5929\\u878d\\u4fe1VPN\\u7ec4\\u4ef6\\uff0c\\u5728win\\u5ba2\\u6237\\u7aef\\u4e0a\\u8bbe\\u7f6eVPN\\u7f51\\u5173\\uff0c\\u6ee1\\u8db3\\u653f\\u4f01\\u884c\\u4e1a\\u7528\\u6237\\u901a\\u8fc7\\u684c\\u9762\\u4e91\\u5ba2\\u6237\\u7aef\\u5b9e\\u73b0\\u5728\\u5916\\u7f51\\u4e0a\\u901a\\u8fc7vpn\\u8bbf\\u95ee\\u5185\\u7f51\\u684c\\u9762\\u4e91\\u8fdb\\u884c\\u8fdc\\u7a0b\\u529e\\u516c\\u7684\\u9700\\u6c42\\nwin\\u5ba2\\u6237\\u7aef\\u652f\\u6301\\u53cc\\u7f51\\u9694\\u79bb\\uff1a\\u901a\\u8fc7\\u7f51\\u7edc\\u5207\\u6362\\u5668\\u5b9e\\u73b0win\\u5ba2\\u6237\\u7aef\\u6240\\u5728\\u7269\\u7406\\u7f51\\u7edc\\u7ebf\\u8def\\u7684\\u5207\\u6362\\u540e\\uff0cwindows\\u5ba2\\u6237\\u7aef\\u53ef\\u4ee5\\u8bbf\\u95ee\\u9694\\u79bb\\u7269\\u7406\\u73af\\u5883\\u4e0b\\u7684\\u684c\\u9762\\u4e91\\u96c6\\u7fa4\\u3002Windows\\u5ba2\\u6237\\u7aef\\u652f\\u6301\\u5728\\u5355\\u4e2a\\u7f51\\u5361\\u4e0a\\u914d\\u7f6e\\u4e24\\u4e2a\\u672c\\u5730IP\\u548c\\u670d\\u52a1\\u5668\\u7aefIP\\uff1b\\u80fd\\u591f\\u5b9e\\u73b0\\u81ea\\u52a8\\u9009\\u7528\\u53ef\\u4ee5\\u8fde\\u901a\\u7684\\u7ec8\\u7aefip\\u548c\\u670d\\u52a1\\u5668\\u7aefip\\u914d\\u7f6ewindows\\u5ba2\\u6237\\u7aef,\\u65e0\\u9700\\u624b\\u52a8\\u8bbe\\u7f6e\\n\\u521b\\u5efa\\u4e2a\\u4eba\\u684c\\u9762\\uff1a\\u5728\\u4e2a\\u4eba\\u6a21\\u677f\\u6ca1\\u6709\\u6570\\u636e\\u76d8\\u7684\\u60c5\\u51b5\\u4e0b\\uff0c\\u521b\\u5efa\\u4e2a\\u4eba\\u684c\\u9762\\u65f6\\uff0c\\u4e0d\\u9700\\u8981\\u4f7f\\u75281GB\\u9690\\u85cf\\u6570\\u636e\\u76d8\\u7684\\u65b9\\u5f0f\\uff0c\\u589e\\u52a0\\u521b\\u5efa\\u4e2a\\u4eba\\u684c\\u9762\\u901f\\u5ea6\\u3002\\u5728\\u4e2a\\u4eba\\u6a21\\u677f\\u6709\\u6570\\u636e\\u76d8\\u7684\\u60c5\\u51b5\\u4e0b\\uff0c\\u521b\\u5efa\\u4e2a\\u4eba\\u684c\\u9762\\u65f6\\uff0c\\u53ef\\u4ee5\\u9009\\u62e9\\u521b\\u5efa\\u6570\\u636e\\u76d8\\u6309\\u7167\\u5b8c\\u6574\\u514b\\u9686\\u6216\\u8005\\u94fe\\u63a5\\u514b\\u9686\\u7684\\u65b9\\u5f0f\\uff1b\\u6ee1\\u8db3\\u4e0d\\u540c\\u573a\\u666f\\u4e0b\\u7684\\u7528\\u6237\\u9700\\u6c42\",\"openedBy\":\"wangmengxiong\",\"openedDate\":\"2018-12-18 16:43:25\",\"openedVersion\":\"10.5\",\"closedBy\":\"zhuxiaokun\",\"closedDate\":\"2019-03-13 08:52:40\",\"canceledBy\":\"\",\"canceledDate\":\"0000-00-00 00:00:00\",\"PO\":\"\",\"PM\":\"\",\"QD\":\"\",\"RD\":\"\",\"team\":\"VDI \",\"acl\":\"open\",\"whitelist\":\"\",\"order\":\"1530\",\"deleted\":\"0\",\"burns\":[\"0\",\"0\",\"0\",\"0\",\"0\",\"0\",\"0\",\"0\",\"0\",\"0\",\"0\",\"0\",\"0\",\"0\",\"0\",\"0\",\"0\",\"0\",\"0\",\"0\",\"0\",\"0\",\"0\",\"0\",\"0\",\"0\",\"0\",\"0\",\"0\",\"0\"],\"hours\":{\"totalEstimate\":35,\"totalConsumed\":103,\"totalLeft\":0,\"progress\":100,\"totalReal\":103}},{\"id\":\"294\",\"isCat\":\"0\",\"catID\":\"0\",\"type\":\"sprint\",\"parent\":\"0\",\"name\":\"VDI  4.4.2-223-20181024-\\u65b0\\u6cdb\\u8054\\u76d2\\u5b50-\\u60e0\\u666e\\u7248\\u672c\\u8865\\u4e01\\u5305\\u9a8c\\u8bc1\\u6d4b\\u8bd5\",\"code\":\" 4.4.2-223-20181024\",\"begin\":\"2018-10-25\",\"end\":\"2018-10-31\",\"days\":\"5\",\"status\":\"closed\",\"statge\":\"1\",\"pri\":\"1\",\"desc\":\"VDI&nbsp; 4.4.2-223-20181024-\\u65b0\\u6cdb\\u8054\\u76d2\\u5b50-\\u60e0\\u666e\\u7248\\u672c\\u8865\\u4e01\\u5305\\u9a8c\\u8bc1\\u6d4b\\u8bd5\",\"openedBy\":\"huangyindi\",\"openedDate\":\"2018-10-25 12:40:11\",\"openedVersion\":\"10.4\",\"closedBy\":\"huangyindi\",\"closedDate\":\"2018-11-06 08:31:56\",\"canceledBy\":\"\",\"canceledDate\":\"0000-00-00 00:00:00\",\"PO\":\"\",\"PM\":\"\",\"QD\":\"\",\"RD\":\"\",\"team\":\"VDI  4.4.2-223-20181024-\\u65b0\\u6cdb\",\"acl\":\"open\",\"whitelist\":\"\",\"order\":\"1470\",\"deleted\":\"0\",\"burns\":[],\"hours\":{\"totalEstimate\":0,\"totalConsumed\":0,\"totalLeft\":0,\"progress\":0}},{\"id\":\"285\",\"isCat\":\"0\",\"catID\":\"0\",\"type\":\"sprint\",\"parent\":\"0\",\"name\":\"VDI 5.0.1.x&amp;VOI 5.0.x\",\"code\":\"VDI 5.0.1.x&amp;VOI 5.0.x\",\"begin\":\"2018-09-11\",\"end\":\"2018-11-11\",\"days\":\"44\",\"status\":\"closed\",\"statge\":\"1\",\"pri\":\"1\",\"desc\":\"VDI&amp;VOI ,\\u878d\\u5408\\u7248\\u672c\\u3002\",\"openedBy\":\"wangmengxiong\",\"openedDate\":\"2018-09-11 17:23:39\",\"openedVersion\":\"10.3\",\"closedBy\":\"zhuxiaokun\",\"closedDate\":\"2019-03-13 08:53:23\",\"canceledBy\":\"\",\"canceledDate\":\"0000-00-00 00:00:00\",\"PO\":\"zhujianchen\",\"PM\":\"wangmengxiong\",\"QD\":\"huangyindi\",\"RD\":\"zhujianchen\",\"team\":\"VDI&amp;VOI\",\"acl\":\"private\",\"whitelist\":\"\",\"order\":\"1425\",\"deleted\":\"0\",\"burns\":[\"2\",\"2\",\"16\",\"16\",\"16\",\"38\",\"38\",\"38\",\"38\",\"129\",\"106\",\"102\",\"75\",\"32\",\"32\",\"32\",\"60\",\"49.5\",\"42.5\",\"91.5\",\"61\",\"61\",\"61\",\"2\",\"2\",\"2\",\"2\",\"2\",\"2\",\"2\"],\"hours\":{\"totalEstimate\":417,\"totalConsumed\":426,\"totalLeft\":23,\"progress\":94.9,\"totalReal\":449}},{\"id\":\"284\",\"isCat\":\"0\",\"catID\":\"0\",\"type\":\"sprint\",\"parent\":\"0\",\"name\":\"VDI_4.6.0_\\u667a\\u5fae8350\\u786c\\u4ef6\\u6d4b\\u8bd5\\uff08\\u542b\\u9002\\u914dUbuntu\\u7cfb\\u7edf\\uff09\",\"code\":\"zw8350\",\"begin\":\"2018-09-06\",\"end\":\"2018-09-19\",\"days\":\"10\",\"status\":\"closed\",\"statge\":\"1\",\"pri\":\"1\",\"desc\":\"\\u667a\\u5fae8350\\u786c\\u4ef6\\u6d4b\\u8bd5\\uff08\\u542b\\u9002\\u914dUbuntu\\u7cfb\\u7edf\\uff09\",\"openedBy\":\"huangyindi\",\"openedDate\":\"2018-09-06 09:19:26\",\"openedVersion\":\"10.3\",\"closedBy\":\"admin\",\"closedDate\":\"2018-11-14 09:34:01\",\"canceledBy\":\"\",\"canceledDate\":\"0000-00-00 00:00:00\",\"PO\":\"\",\"PM\":\"\",\"QD\":\"\",\"RD\":\"\",\"team\":\"\",\"acl\":\"open\",\"whitelist\":\"\",\"order\":\"1420\",\"deleted\":\"0\",\"burns\":[],\"hours\":{\"totalEstimate\":0,\"totalConsumed\":0,\"totalLeft\":0,\"progress\":0}},{\"id\":\"282\",\"isCat\":\"0\",\"catID\":\"0\",\"type\":\"waterfall\",\"parent\":\"0\",\"name\":\"VDI &amp; VOI  \\u957f\\u671f\\u8fed\\u4ee3\",\"code\":\"LifeCircle\",\"begin\":\"2018-08-29\",\"end\":\"2019-08-28\",\"days\":\"261\",\"status\":\"closed\",\"statge\":\"1\",\"pri\":\"1\",\"desc\":\"\\u7528\\u4e8e\\u8de8\\u9879\\u76ee\\u7ec4\\u4eba\\u5458\\u5bf9\\u878d\\u5408\\u4ea7\\u54c1\\u7684\\u8bbf\\u95ee\",\"openedBy\":\"\",\"openedDate\":\"0000-00-00 00:00:00\",\"openedVersion\":\"10.0\",\"closedBy\":\"admin\",\"closedDate\":\"2019-07-23 10:37:12\",\"canceledBy\":\"\",\"canceledDate\":\"0000-00-00 00:00:00\",\"PO\":\"caijing\",\"PM\":\"admin\",\"QD\":\"\",\"RD\":\"\",\"team\":\"VDI V5 &amp; VOI V3 \\u957f\\u671f\\u8fed\\u4ee3\",\"acl\":\"private\",\"whitelist\":\"\",\"order\":\"1410\",\"deleted\":\"0\",\"burns\":[],\"hours\":{\"totalEstimate\":0,\"totalConsumed\":0,\"totalLeft\":0,\"progress\":0}},{\"id\":\"281\",\"isCat\":\"0\",\"catID\":\"0\",\"type\":\"sprint\",\"parent\":\"0\",\"name\":\"VDI 4.6.0  OEM-\\u540c\\u65b9\",\"code\":\"TF-01\",\"begin\":\"2018-08-23\",\"end\":\"2018-09-14\",\"days\":\"17\",\"status\":\"closed\",\"statge\":\"1\",\"pri\":\"1\",\"desc\":\"VDI 4.6.0&nbsp; OEM-\\u540c\\u65b9\",\"openedBy\":\"\",\"openedDate\":\"0000-00-00 00:00:00\",\"openedVersion\":\"10.0\",\"closedBy\":\"wangsheng\",\"closedDate\":\"2018-09-27 09:03:19\",\"canceledBy\":\"\",\"canceledDate\":\"0000-00-00 00:00:00\",\"PO\":\"wangsheng\",\"PM\":\"wangmengxiong\",\"QD\":\"huangyindi\",\"RD\":\"\",\"team\":\"VDI 4.6.0  OEM-\\u540c\\u65b9\",\"acl\":\"private\",\"whitelist\":\"\",\"order\":\"1405\",\"deleted\":\"0\",\"burns\":[0,0,0,0,0,0,0,0,\"0\",\"0\",\"0\",\"0\",\"0\",\"0\",\"0\",\"0\",\"0\",\"0\",\"0\",\"0\",\"0\",\"0\",\"0\"],\"hours\":{\"totalEstimate\":1,\"totalConsumed\":1,\"totalLeft\":0,\"progress\":100,\"totalReal\":1}},{\"id\":\"280\",\"isCat\":\"0\",\"catID\":\"0\",\"type\":\"sprint\",\"parent\":\"0\",\"name\":\"VDI 4.6.0 OEM-\\u5b9d\\u5fb7\",\"code\":\"bd-1\",\"begin\":\"2018-08-23\",\"end\":\"2018-09-05\",\"days\":\"10\",\"status\":\"closed\",\"statge\":\"1\",\"pri\":\"1\",\"desc\":\"V4.6.0 OEM-\\u5b9d\\u5fb7\",\"openedBy\":\"\",\"openedDate\":\"0000-00-00 00:00:00\",\"openedVersion\":\"10.0\",\"closedBy\":\"huangyindi\",\"closedDate\":\"2018-09-04 11:59:39\",\"canceledBy\":\"\",\"canceledDate\":\"0000-00-00 00:00:00\",\"PO\":\"zhujianchen\",\"PM\":\"zhujianchen\",\"QD\":\"huangyindi\",\"RD\":\"zhujianchen\",\"team\":\"V4.6.0 OEM-\\u5b9d\\u5fb7\",\"acl\":\"open\",\"whitelist\":\"\",\"order\":\"1400\",\"deleted\":\"0\",\"burns\":[],\"hours\":{\"totalEstimate\":0,\"totalConsumed\":0,\"totalLeft\":0,\"progress\":0}},{\"id\":\"279\",\"isCat\":\"0\",\"catID\":\"0\",\"type\":\"sprint\",\"parent\":\"0\",\"name\":\"DELL 3040\\u4e0e5070\\u4e13\\u9879\",\"code\":\"DELL-1\",\"begin\":\"2018-08-22\",\"end\":\"2018-09-04\",\"days\":\"10\",\"status\":\"closed\",\"statge\":\"1\",\"pri\":\"1\",\"desc\":\"DELL 3040\\u4e0e5070\\u4e13\\u9879\",\"openedBy\":\"\",\"openedDate\":\"0000-00-00 00:00:00\",\"openedVersion\":\"10.0\",\"closedBy\":\"huangyindi\",\"closedDate\":\"2018-09-05 10:01:54\",\"canceledBy\":\"\",\"canceledDate\":\"0000-00-00 00:00:00\",\"PO\":\"\",\"PM\":\"\",\"QD\":\"\",\"RD\":\"\",\"team\":\"DELL 3040\\u4e0e5070\\u4e13\\u9879\",\"acl\":\"open\",\"whitelist\":\"\",\"order\":\"1395\",\"deleted\":\"0\",\"burns\":[],\"hours\":{\"totalEstimate\":0,\"totalConsumed\":0,\"totalLeft\":0,\"progress\":0}},{\"id\":\"278\",\"isCat\":\"0\",\"catID\":\"0\",\"type\":\"waterfall\",\"parent\":\"0\",\"name\":\"VDI 5.0.0 \\u5f00\\u53d1\\u8fed\\u4ee3\",\"code\":\"VDI 5.0.0 \\u5f00\\u53d1\\u8fed\\u4ee3\",\"begin\":\"2018-08-21\",\"end\":\"2018-12-15\",\"days\":\"84\",\"status\":\"closed\",\"statge\":\"1\",\"pri\":\"1\",\"desc\":\"<div style=\\\"color:#000000;\\\">1.\\u672c\\u8fed\\u4ee3\\u5f00\\u53d1\\u8ba1\\u5212\\u5206\\u4e862\\u4e2a\\u91cc\\u7a0b\\u7891\\u30029.6\\u53f7\\u548c9.17\\u53f7\\u3002<\\\/div>\\n<div style=\\\"color:#000000;\\\">2.\\u6a21\\u5757\\u5f00\\u53d1\\u8d1f\\u8d23\\u4eba\\uff0c\\u8d1f\\u8d23\\u7ec4\\u7ec7\\u76f8\\u5173\\u4eba\\u8fdb\\u884c\\u62c9\\u7fa4\\uff0c\\u6d4b\\u8bd5\\u8d1f\\u8d23\\u8f93\\u51fa\\u7814\\u53d1\\u7684\\u81ea\\u6d4b\\u7528\\u4f8b\\u3002<\\\/div>\\n<div style=\\\"color:#000000;\\\">3.\\u8ba1\\u5212\\u4e2d\\u5bf9\\u91cd\\u8981\\u529f\\u80fd\\u6709\\u4ee3\\u7801\\u5ba1\\u6838\\u8ba1\\u5212\\uff0c\\u8bf7\\u76f8\\u5173\\u4eba\\u53ca\\u65f6\\u7ec4\\u7ec7\\u8bc4\\u5ba1\\u548c\\u8bb2\\u89e3\\u3002<\\\/div>\\n<div style=\\\"color:#000000;\\\">4.\\u9ec4\\u94f6\\u5730\\u8bf7\\u6839\\u636e\\u76f8\\u5173\\u5f00\\u53d1\\u8ba1\\u5212\\u8f93\\u51fa\\u81ea\\u52a8\\u5316\\u548c\\u624b\\u5de5\\u6d4b\\u8bd5\\u8ba1\\u5212\\u3002<\\\/div>\\n<div style=\\\"color:#000000;\\\">5.\\u6731\\u6653\\u951f\\u3001\\u5f20\\u579a\\u5bf9\\u4f7f\\u7528\\u65b0\\u63a5\\u53e3\\u5f00\\u53d1\\u8bf7\\u53ca\\u65f6\\u901a\\u77e5\\u81ea\\u52a8\\u5316\\u6d4b\\u8bd5\\u4eba\\u5458\\u3002<\\\/div>\\n<div style=\\\"color:#000000;\\\">6.\\u5927\\u5bb6\\u591a\\u8ba1\\u5212\\u6709\\u7591\\u95ee\\u53ef\\u4ee5\\u90ae\\u4ef6\\u56de\\u590d\\u3002<\\\/div>\\n<div style=\\\"color:#000000;\\\">7.\\u8bf7\\u5927\\u5bb6\\u9488\\u5bf9\\u8ba1\\u5212\\u5728\\u7985\\u9053\\u5efa\\u7acb\\u76f8\\u5173\\u4efb\\u52a1\\u3001\\u4ee5\\u53ca\\u53ca\\u65f6\\u66f4\\u65b0\\u4efb\\u52a1\\u72b6\\u6001\\u3002\\uff08PS\\uff1a\\u8bf7\\u6ce8\\u610f\\uff0c\\u4e0d\\u8981\\u5ef6\\u671f\\uff0c\\u53ca\\u65f6\\u8c03\\u63a7\\u81ea\\u5df1\\u7684\\u8ba1\\u5212\\uff0c\\u5982\\u679c\\u6709\\u7a7f\\u63d2\\u7d27\\u6025\\u4efb\\u52a1\\u8bf7\\u53ca\\u65f6\\u548c\\u9879\\u76ee\\u7ecf\\u7406\\u6c9f\\u901a\\uff09<\\\/div>\\n<div style=\\\"color:#000000;\\\">8.\\u8ba1\\u5212\\u4e2d\\u5305\\u542b\\u4e861\\u9879\\u9884\\u7814\\u4efb\\u52a1\\u3002Android\\u7684\\u76f8\\u5173\\u5f00\\u53d1\\uff0c\\u540e\\u7eed\\u518d\\u66f4\\u65b0\\u8fdb\\u8ba1\\u5212\\u3002<\\\/div>\\n<div style=\\\"color:#000000;\\\">9.\\u540e\\u53f0\\u6bb5\\u6210\\u864e\\u6709\\u4e00\\u4e2a\\u4efb\\u52a1\\u6ca1\\u6709\\u5305\\u542b\\u5230\\u91cc\\u9762\\uff0c\\u6bb5\\u6210\\u864e\\u8bf7\\u7ed9\\u51fa\\u5177\\u4f53\\u5b9e\\u73b0\\u8ba1\\u5212\\u3002<\\\/div>\\n<div style=\\\"color:#000000;\\\">10.\\u9879\\u76ee\\u7ecf\\u7406\\u5bf9\\u8ba1\\u5212\\u66f4\\u65b0\\u4f1a\\u53ca\\u65f6\\u4e0a\\u4f20\\u5230SVN\\uff0c\\u8bf7\\u5927\\u5bb6\\u53ca\\u65f6\\u5173\\u6ce8\\u3002PS\\uff1a<a href=\\\"http:\\\/\\\/172.16.203.10\\\/svn\\\/VDI\\\/%E5%B7%A5%E4%BD%9C%E5%BA%93\\\/trunk\\\/V5.0.0%E7%89%88%E6%9C%AC\\\/%E6%96%87%E6%A1%A3%E7%B1%BB\\\/04\\\" target=\\\"_blank\\\" rel=\\\"noreferrer noopener\\\">http:\\\/\\\/172.16.203.10\\\/svn\\\/VDI\\\/\\u5de5\\u4f5c\\u5e93\\\/trunk\\\/V5.0.0\\u7248\\u672c\\\/\\u6587\\u6863\\u7c7b\\\/04<\\\/a>&nbsp;\\u7b56\\u5212\\u6587\\u6863<\\\/div>\",\"openedBy\":\"\",\"openedDate\":\"0000-00-00 00:00:00\",\"openedVersion\":\"10.0\",\"closedBy\":\"zhuxiaokun\",\"closedDate\":\"2019-03-13 08:52:25\",\"canceledBy\":\"\",\"canceledDate\":\"0000-00-00 00:00:00\",\"PO\":\"zhujianchen\",\"PM\":\"wangmengxiong\",\"QD\":\"\",\"RD\":\"\",\"team\":\"VDI TEAM\",\"acl\":\"private\",\"whitelist\":\"\",\"order\":\"1390\",\"deleted\":\"0\",\"burns\":[\"0\",\"0\",\"0\",\"0\",\"0\",\"0\",\"0\",\"0\",\"0\",\"0\",\"0\",\"0\",\"0\",\"0\",\"0\",\"0\",\"0\",\"0\",\"0\",\"0\",\"0\",\"0\",\"0\",\"0\",\"0\",\"0\",\"0\",\"0\",\"0\",\"0\"],\"hours\":{\"totalEstimate\":3409,\"totalConsumed\":2791.6,\"totalLeft\":0,\"progress\":100,\"totalReal\":2791.6}},{\"id\":\"277\",\"isCat\":\"0\",\"catID\":\"0\",\"type\":\"sprint\",\"parent\":\"0\",\"name\":\"Android\\u7aef\\u6444\\u50cf\\u5934\\u4e13\\u9879\",\"code\":\"Android-sxt-1\",\"begin\":\"2018-08-20\",\"end\":\"2018-08-31\",\"days\":\"10\",\"status\":\"closed\",\"statge\":\"1\",\"pri\":\"1\",\"desc\":\"Android\\u7aef\\u6444\\u50cf\\u5934\\u4e13\\u9879\",\"openedBy\":\"\",\"openedDate\":\"0000-00-00 00:00:00\",\"openedVersion\":\"10.0\",\"closedBy\":\"huangyindi\",\"closedDate\":\"2018-09-05 10:01:23\",\"canceledBy\":\"\",\"canceledDate\":\"0000-00-00 00:00:00\",\"PO\":\"\",\"PM\":\"\",\"QD\":\"\",\"RD\":\"\",\"team\":\"VDI\",\"acl\":\"open\",\"whitelist\":\"\",\"order\":\"1385\",\"deleted\":\"0\",\"burns\":[],\"hours\":{\"totalEstimate\":0,\"totalConsumed\":0,\"totalLeft\":0,\"progress\":0}},{\"id\":\"275\",\"isCat\":\"0\",\"catID\":\"0\",\"type\":\"sprint\",\"parent\":\"0\",\"name\":\"\\u5357\\u9633\\u7406\\u5de5 \\u9879\\u76ee\\u5b9a\\u5236\",\"code\":\"\\u5357\\u9633\\u7406\\u5de5 \\u9879\\u76ee\\u5b9a\\u5236\",\"begin\":\"2018-08-09\",\"end\":\"2018-08-17\",\"days\":\"7\",\"status\":\"closed\",\"statge\":\"1\",\"pri\":\"1\",\"desc\":\"\\u5357\\u9633\\u7406\\u5de5 \\u9879\\u76ee\\u5b9a\\u5236\",\"openedBy\":\"\",\"openedDate\":\"0000-00-00 00:00:00\",\"openedVersion\":\"10.0\",\"closedBy\":\"huangyindi\",\"closedDate\":\"2018-08-24 08:30:09\",\"canceledBy\":\"\",\"canceledDate\":\"0000-00-00 00:00:00\",\"PO\":\"\",\"PM\":\"\",\"QD\":\"\",\"RD\":\"\",\"team\":\"VDI-TEAM\",\"acl\":\"open\",\"whitelist\":\"\",\"order\":\"1375\",\"deleted\":\"0\",\"burns\":[0,\"24\",\"24\",\"24\",\"24\",\"1\",\"0\",\"0\",\"0\"],\"hours\":{\"totalEstimate\":25,\"totalConsumed\":17,\"totalLeft\":0,\"progress\":100,\"totalReal\":17}},{\"id\":\"274\",\"isCat\":\"0\",\"catID\":\"0\",\"type\":\"sprint\",\"parent\":\"0\",\"name\":\"AOC\\u4e00\\u4f53\\u673a\\u4e13\\u9879\\u6d4b\\u8bd5\\uff082018-08-07\\uff09\",\"code\":\"AOC-1\",\"begin\":\"2018-08-07\",\"end\":\"2018-09-06\",\"days\":\"23\",\"status\":\"closed\",\"statge\":\"1\",\"pri\":\"1\",\"desc\":\"AOC\\u4e00\\u4f53\\u673a\\u4e13\\u9879\\u6d4b\\u8bd5\",\"openedBy\":\"\",\"openedDate\":\"0000-00-00 00:00:00\",\"openedVersion\":\"10.0\",\"closedBy\":\"huangyindi\",\"closedDate\":\"2018-09-05 10:06:58\",\"canceledBy\":\"\",\"canceledDate\":\"0000-00-00 00:00:00\",\"PO\":\"\",\"PM\":\"\",\"QD\":\"\",\"RD\":\"\",\"team\":\"AOC\\u4e00\\u4f53\\u673a\\u4e13\\u9879\\u6d4b\\u8bd5\\uff08201\",\"acl\":\"open\",\"whitelist\":\"\",\"order\":\"1370\",\"deleted\":\"0\",\"burns\":[],\"hours\":{\"totalEstimate\":0,\"totalConsumed\":0,\"totalLeft\":0,\"progress\":0}},{\"id\":\"272\",\"isCat\":\"0\",\"catID\":\"0\",\"type\":\"sprint\",\"parent\":\"0\",\"name\":\"Android\\u7aefspice\\u4f18\\u5316\\u4e13\\u9879\",\"code\":\"Android-1\",\"begin\":\"2018-08-01\",\"end\":\"2018-08-31\",\"days\":\"23\",\"status\":\"closed\",\"statge\":\"1\",\"pri\":\"1\",\"desc\":\"Android\\u4f18\\u5316\\u4e13\\u9879\\u3002\",\"openedBy\":\"\",\"openedDate\":\"0000-00-00 00:00:00\",\"openedVersion\":\"10.0\",\"closedBy\":\"huangyindi\",\"closedDate\":\"2018-09-05 10:02:27\",\"canceledBy\":\"\",\"canceledDate\":\"0000-00-00 00:00:00\",\"PO\":\"\",\"PM\":\"\",\"QD\":\"\",\"RD\":\"\",\"team\":\"Android\\u7aefspice\\u4f18\\u5316\\u4e13\\u9879\",\"acl\":\"open\",\"whitelist\":\"\",\"order\":\"1360\",\"deleted\":\"0\",\"burns\":[],\"hours\":{\"totalEstimate\":0,\"totalConsumed\":0,\"totalLeft\":0,\"progress\":0}},{\"id\":\"270\",\"isCat\":\"0\",\"catID\":\"0\",\"type\":\"sprint\",\"parent\":\"0\",\"name\":\"OEM-\\u5929\\u878d\\u4fe1\",\"code\":\"OEM-\\u5929\\u878d\\u4fe1\",\"begin\":\"2018-08-14\",\"end\":\"2018-08-25\",\"days\":\"10\",\"status\":\"closed\",\"statge\":\"1\",\"pri\":\"1\",\"desc\":\"1.\\u5b8c\\u6210\\uff0cOEM\\u5b9a\\u5236\",\"openedBy\":\"\",\"openedDate\":\"0000-00-00 00:00:00\",\"openedVersion\":\"10.0\",\"closedBy\":\"wangsheng\",\"closedDate\":\"2018-08-23 09:40:37\",\"canceledBy\":\"\",\"canceledDate\":\"0000-00-00 00:00:00\",\"PO\":\"\",\"PM\":\"\",\"QD\":\"\",\"RD\":\"\",\"team\":\"OEM-\\u5929\\u878d\\u4fe1\",\"acl\":\"open\",\"whitelist\":\"\",\"order\":\"1350\",\"deleted\":\"0\",\"burns\":[\"8\",\"0\",\"0\",\"0\",\"0\",\"0\",\"16\",\"16\",\"16\",\"16\",\"16\",\"16\"],\"hours\":{\"totalEstimate\":47,\"totalConsumed\":47,\"totalLeft\":0,\"progress\":100,\"totalReal\":47}},{\"id\":\"269\",\"isCat\":\"0\",\"catID\":\"0\",\"type\":\"sprint\",\"parent\":\"0\",\"name\":\"VDI 4.6.0 OEM-\\u60e0\\u666e\",\"code\":\"VDI 4.6.0 OEM-\\u60e0\\u666e\",\"begin\":\"2018-07-19\",\"end\":\"2018-08-01\",\"days\":\"10\",\"status\":\"closed\",\"statge\":\"1\",\"pri\":\"1\",\"desc\":\"<p style=\\\"color:#000000;\\\"><span>\\u7985\\u9053\\u9700\\u6c42\\uff1a<\\\/span><\\\/p>\\n<p style=\\\"color:#000000;\\\"><span><span style=\\\"font-size:16px;line-height:24px;\\\"><\\\/span><\\\/span><a href=\\\"\\\/zentao\\\/story-view-2865.html\\\" target=\\\"_blank\\\" rel=\\\"noreferrer noopener\\\">http:\\\/\\\/172.16.203.12\\\/zentao\\\/story-view-2865.html<\\\/a><span style=\\\"font-family:'\\u5fae\\u8f6f\\u96c5\\u9ed1';font-size:16px;background-color:rgba(0,0,0,0);\\\">&nbsp;<\\\/span><\\\/p>\\n<span style=\\\"color:#000000;font-family:'\\u5fae\\u8f6f\\u96c5\\u9ed1';font-size:16px;\\\"><\\\/span><p style=\\\"color:#000000;\\\"><span style=\\\"background-color:transparent;font-size:16px;line-height:24px;\\\"><span><\\\/span><\\\/span><a href=\\\"\\\/zentao\\\/story-view-2864.html\\\" target=\\\"_blank\\\" rel=\\\"noreferrer noopener\\\">http:\\\/\\\/172.16.203.12\\\/zentao\\\/story-view-2864.html<\\\/a><span style=\\\"font-family:'\\u5fae\\u8f6f\\u96c5\\u9ed1';font-size:16px;background-color:rgba(0,0,0,0);\\\">&nbsp;<\\\/span><\\\/p>\\n<p style=\\\"color:#000000;\\\"><span style=\\\"font-family:'\\u5fae\\u8f6f\\u96c5\\u9ed1';font-size:16px;background-color:rgba(0,0,0,0);\\\"><br \\\/><\\\/span><\\\/p>\\n<span style=\\\"color:#000000;font-family:'\\u5fae\\u8f6f\\u96c5\\u9ed1';font-size:16px;\\\"><\\\/span><p style=\\\"color:#000000;\\\"><span style=\\\"font-family:'\\u5fae\\u8f6f\\u96c5\\u9ed1';line-height:1.5;background-color:rgba(0,0,0,0);\\\">\\u4ea7\\u54c1\\u540d\\u79f0\\uff1a\\u60e0\\u666e\\u4e91\\u6559\\u5ba4<\\\/span><\\\/p>\\n<span style=\\\"color:#000000;font-family:'\\u5fae\\u8f6f\\u96c5\\u9ed1';font-size:16px;\\\">\\u82f1\\u6587\\u7b80\\u79f0\\uff1aHP CloudClassroom<br \\\/>\\n\\u516c\\u53f8\\u540d\\u79f0\\uff1a\\u4e2d\\u56fd\\u60e0\\u666e\\u6709\\u9650\\u516c\\u53f8\\uff08\\u7b80\\u79f0\\u4e2d\\u56fd\\u60e0\\u666e\\uff09<br \\\/>\\n\\u516c\\u53f8\\u5b98\\u65b9\\u7f51\\u5740\\uff1a<a href=\\\"http:\\\/\\\/www.hp.com\\\/\\\" target=\\\"_blank\\\" rel=\\\"noreferrer noopener\\\">www.hp.com<\\\/a><\\\/span><p style=\\\"color:#000000;\\\"><span><br \\\/><\\\/span><\\\/p>\\n<p style=\\\"color:#000000;\\\"><span style=\\\"font-family:'\\u5fae\\u8f6f\\u96c5\\u9ed1';background-color:rgba(0,0,0,0);\\\">\\u57fa\\u4e8e\\u7248\\u672c\\uff1aV4.6.0<br \\\/>\\n\\u7ec4\\u4ef6\\u5185\\u5bb9\\uff1a\\u670d\\u52a1\\u7aef\\uff08kvm\\uff09&nbsp;<br \\\/>\\n&nbsp;&nbsp;&nbsp;&nbsp;&nbsp;&nbsp;&nbsp;&nbsp;&nbsp; linux(Thinpro)\\u5ba2\\u6237\\u7aef\\uff08\\u672c\\u5730\\u89c6\\u9891\\u91cd\\u5b9a\\u5411\\uff0c\\u7f51\\u9875\\u89c6\\u9891\\u91cd\\u5b9a\\u5411\\uff0c\\u60e0\\u666e\\u591a\\u5a92\\u4f53\\uff09&nbsp;&nbsp;&nbsp;&nbsp; \\u9002\\u914dT430---thinPro\\u7cfb\\u7edf\\u66f4\\u65b0\\u4e3a7.0<br \\\/>\\n&nbsp;&nbsp;&nbsp;&nbsp;&nbsp;&nbsp;&nbsp;&nbsp;&nbsp; android\\u5ba2\\u6237\\u7aef\\uff08\\u672c\\u5730\\u89c6\\u9891\\u91cd\\u5b9a\\u5411\\uff0c<\\\/span><span style=\\\"font-family:'\\u5fae\\u8f6f\\u96c5\\u9ed1';\\\">\\u7f51\\u9875<\\\/span><span style=\\\"font-family:'\\u5fae\\u8f6f\\u96c5\\u9ed1';background-color:rgba(0,0,0,0);\\\">\\u89c6\\u9891\\u91cd\\u5b9a\\u5411\\uff0c\\u60e0\\u666e\\u591a\\u5a92\\u4f53\\uff09 &nbsp; &nbsp; &nbsp;&nbsp;<\\\/span><span style=\\\"font-family:'\\u5fae\\u8f6f\\u96c5\\u9ed1';line-height:1.5;background-color:rgba(0,0,0,0);\\\">&nbsp; &nbsp; &nbsp; &nbsp;&nbsp;<\\\/span><span style=\\\"font-family:'\\u5fae\\u8f6f\\u96c5\\u9ed1';line-height:1.5;background-color:rgba(0,0,0,0);\\\">\\u9002\\u914dhp\\u5b9a\\u5236\\u6cdb\\u8054\\u786c\\u4ef6<\\\/span><\\\/p>\\n<p style=\\\"color:#000000;\\\"><span style=\\\"font-family:'\\u5fae\\u8f6f\\u96c5\\u9ed1';background-color:rgba(0,0,0,0);\\\">&nbsp;&nbsp;&nbsp;&nbsp;&nbsp;&nbsp;&nbsp;&nbsp;&nbsp; windows\\u5ba2\\u6237\\u7aef\\uff08\\u672c\\u5730\\u89c6\\u9891\\u91cd\\u5b9a\\u5411\\uff0c<\\\/span><span style=\\\"font-family:'\\u5fae\\u8f6f\\u96c5\\u9ed1';background-color:transparent;\\\">\\u7f51\\u9875<\\\/span><span style=\\\"font-family:'\\u5fae\\u8f6f\\u96c5\\u9ed1';background-color:rgba(0,0,0,0);\\\">\\u89c6\\u9891\\u91cd\\u5b9a\\u5411\\uff0c<\\\/span><span style=\\\"font-family:'\\u5fae\\u8f6f\\u96c5\\u9ed1';line-height:1.5;background-color:rgba(0,0,0,0);\\\">\\u60e0\\u666e\\u591a\\u5a92\\u4f53\\uff09&nbsp;<\\\/span><span style=\\\"font-family:'\\u5fae\\u8f6f\\u96c5\\u9ed1';line-height:1.5;background-color:rgba(0,0,0,0);\\\">&nbsp; &nbsp;&nbsp;<\\\/span><span style=\\\"font-family:'\\u5fae\\u8f6f\\u96c5\\u9ed1';line-height:1.5;background-color:rgba(0,0,0,0);\\\">&nbsp; &nbsp; &nbsp;<\\\/span><span style=\\\"font-family:'\\u5fae\\u8f6f\\u96c5\\u9ed1';line-height:1.5;background-color:rgba(0,0,0,0);\\\">&nbsp; &nbsp;<\\\/span><span style=\\\"font-family:'\\u5fae\\u8f6f\\u96c5\\u9ed1';line-height:1.5;background-color:rgba(0,0,0,0);\\\">\\u7ec8\\u7aef\\u91c7\\u7528hp wes7\\u7cfb\\u7edf &nbsp; &nbsp; &nbsp;\\u9002\\u914dT628<\\\/span><\\\/p>\\n<p style=\\\"color:#000000;\\\"><span style=\\\"font-family:'\\u5fae\\u8f6f\\u96c5\\u9ed1';background-color:rgba(0,0,0,0);\\\">&nbsp; &nbsp; &nbsp; &nbsp; &nbsp; Fedora\\u5ba2\\u6237\\u7aef\\uff08\\u672c\\u5730\\u89c6\\u9891\\u91cd\\u5b9a\\u5411\\uff0c\\u7f51\\u9875\\u89c6\\u9891\\u91cd\\u5b9a\\u5411\\uff0c\\u60e0\\u666e\\u591a\\u5a92\\u4f53\\uff09 &nbsp; &nbsp; &nbsp; &nbsp; &nbsp; &nbsp; &nbsp; &nbsp;<\\\/span><span style=\\\"font-family:'\\u5fae\\u8f6f\\u96c5\\u9ed1';background-color:transparent;\\\">\\u9002\\u914dT430<\\\/span><\\\/p>\\n<p style=\\\"color:#000000;\\\"><span style=\\\"color:#FF0000;font-family:'\\u5fae\\u8f6f\\u96c5\\u9ed1';background-color:rgba(0,0,0,0);\\\">&nbsp; &nbsp;&nbsp;<\\\/span><span style=\\\"font-family:'\\u5fae\\u8f6f\\u96c5\\u9ed1';line-height:1.5;background-color:rgba(0,0,0,0);\\\">&nbsp; &nbsp;&nbsp;<\\\/span><span style=\\\"font-family:'\\u5fae\\u8f6f\\u96c5\\u9ed1';line-height:1.5;background-color:rgba(0,0,0,0);\\\">&nbsp;&nbsp;<\\\/span><span style=\\\"font-family:'\\u5fae\\u8f6f\\u96c5\\u9ed1';background-color:transparent;\\\">\\u624b\\u673a\\u7ba1\\u7406\\u53f0 \\uff08\\u624b\\u673a\\u7cfb\\u7edf\\u7248\\u672c\\u4e3aAndroid4.4\\u53ca\\u4ee5\\u4e0a\\uff09<\\\/span><\\\/p>\\n<p style=\\\"color:#000000;\\\"><span style=\\\"font-size:16px;font-family:'\\u5fae\\u8f6f\\u96c5\\u9ed1';background-color:rgba(0,0,0,0);\\\">&nbsp; &nbsp;&nbsp;<\\\/span><span style=\\\"font-size:16px;font-family:'\\u5fae\\u8f6f\\u96c5\\u9ed1';line-height:1.5;background-color:rgba(0,0,0,0);\\\">&nbsp; &nbsp; &nbsp; \\u53d1\\u5e03\\u6587\\u6863\\uff08<\\\/span><span style=\\\"background-color:transparent;font-size:16px;line-height:24px;\\\"><span>\\u7528\\u6237\\u64cd\\u4f5c\\u624b\\u518c\\uff0c<\\\/span><\\\/span><span style=\\\"background-color:transparent;font-size:16px;line-height:24px;\\\"><span>\\u6280\\u672f\\u5b9e\\u65bd\\u624b\\u518c\\uff0c<\\\/span><\\\/span><span style=\\\"background-color:transparent;font-size:16px;line-height:24px;\\\"><span>\\u663e\\u5361\\u865a\\u62df\\u5316\\u6280\\u672f\\u5b9e\\u65bd\\u7ef4\\u62a4\\u6587\\u6863\\u7b49<\\\/span><\\\/span><span style=\\\"font-family:'\\u5fae\\u8f6f\\u96c5\\u9ed1';font-size:16px;line-height:1.5;background-color:rgba(0,0,0,0);\\\">\\uff09<\\\/span><\\\/p>\\n<p style=\\\"color:#000000;\\\"><span><br \\\/><\\\/span><\\\/p>\\n<p style=\\\"color:#000000;\\\"><span style=\\\"font-family:'\\u5fae\\u8f6f\\u96c5\\u9ed1';background-color:rgba(0,0,0,0);\\\">\\u60e0\\u666e4.4.3\\u81f34.6.0\\u7248\\u672c\\u5347\\u7ea7\\u5305\\uff1a<br \\\/>\\n1\\u3001KVM\\u670d\\u52a1\\u5668\\u7aef\\u5347\\u7ea7\\u5305<br \\\/>\\n2\\u3001linux(Thinpro)\\u5ba2\\u6237\\u7aef\\u5347\\u7ea7\\u5305<br \\\/>\\n3\\u3001android\\u5ba2\\u6237\\u7aef\\u5347\\u7ea7\\u5305<\\\/span><\\\/p>\\n<p style=\\\"color:#000000;\\\"><span style=\\\"font-family:'\\u5fae\\u8f6f\\u96c5\\u9ed1';background-color:rgba(0,0,0,0);\\\">4\\u3001Fedora\\u7aef\\u5347\\u7ea7\\u5305<\\\/span><\\\/p>\\n<p style=\\\"color:#000000;\\\"><span><br \\\/><\\\/span><\\\/p>\\n<p style=\\\"color:#000000;\\\"><span style=\\\"font-family:'\\u5fae\\u8f6f\\u96c5\\u9ed1';background-color:rgba(0,0,0,0);\\\">\\u6574\\u4f53\\u6362\\u80a4\\uff0c\\u7ba1\\u7406\\u53f0\\u90e8\\u5206\\u5b57\\u6bb5\\u8c03\\u6574<br \\\/>\\n\\u624b\\u673a\\u7ba1\\u7406\\u53f0\\u6574\\u4f53\\u6362\\u80a4<br \\\/><\\\/span><\\\/p>\\n<p style=\\\"color:#000000;\\\"><span><br \\\/><\\\/span><\\\/p>\\n<p style=\\\"color:#000000;\\\"><span>\\u5ba2\\u6237\\u7aef\\u8981\\u6c42\\uff1a<\\\/span><\\\/p>\\n<p style=\\\"color:#000000;\\\"><span style=\\\"font-family:'\\u5fae\\u8f6f\\u96c5\\u9ed1';background-color:rgba(0,0,0,0);\\\">1.\\u3001\\u5ba2\\u6237\\u7aef\\u8bbe\\u7f6e\\u5bc6\\u7801\\uff1ahptc123&nbsp;&nbsp;&nbsp;&nbsp;&nbsp;<br \\\/>\\n2.\\u3001linux\\u5ba2\\u6237\\u7aef\\u540e\\u53f0\\u5bc6\\u7801\\uff1ahptc123<br \\\/>\\n3\\u3001 \\u7ec8\\u7aef\\u5b89\\u88c5\\u65f6\\u5185\\u7f6e\\u7528\\u6237\\u540d\\uff1ahpedu<\\\/span><\\\/p>\\n<p style=\\\"color:#000000;\\\"><span style=\\\"font-family:'\\u5fae\\u8f6f\\u96c5\\u9ed1';background-color:rgba(0,0,0,0);\\\">4\\u3001 \\u9ed8\\u8ba4\\u7ec8\\u7aef\\u540d\\u79f0\\uff1aeduClient<\\\/span><\\\/p>\\n<p style=\\\"color:#000000;\\\"><span>&nbsp;<\\\/span><\\\/p>\\n<p style=\\\"color:#000000;\\\"><span>&nbsp;<\\\/span><\\\/p>\\n<p style=\\\"color:#000000;\\\"><span>&nbsp;<\\\/span><\\\/p>\\n<p style=\\\"color:#000000;\\\"><span><br \\\/><\\\/span><\\\/p>\\n<p style=\\\"color:#000000;\\\"><span>&nbsp;<\\\/span><\\\/p>\\n<p style=\\\"color:#000000;\\\"><span>&nbsp; &nbsp;<span style=\\\"line-height:1.5;background-color:rgba(0,0,0,0);\\\">\\u987a\\u9882<\\\/span><span style=\\\"line-height:1.5;background-color:rgba(0,0,0,0);\\\">\\u5546\\u797a\\uff01<\\\/span><\\\/span><\\\/p>\",\"openedBy\":\"\",\"openedDate\":\"0000-00-00 00:00:00\",\"openedVersion\":\"10.0\",\"closedBy\":\"wangsheng\",\"closedDate\":\"2018-09-04 13:25:37\",\"canceledBy\":\"\",\"canceledDate\":\"0000-00-00 00:00:00\",\"PO\":\"\",\"PM\":\"\",\"QD\":\"\",\"RD\":\"\",\"team\":\"VDI TEAM\",\"acl\":\"open\",\"whitelist\":\"\",\"order\":\"1345\",\"deleted\":\"0\",\"burns\":[\"12\",\"12\",\"12\",\"12\",\"12\",\"12\",\"13.5\",\"1.5\",\"0\",\"0\",\"0\",\"0\",\"0\",\"0\"],\"hours\":{\"totalEstimate\":13.5,\"totalConsumed\":45,\"totalLeft\":0,\"progress\":100,\"totalReal\":45}},{\"id\":\"264\",\"isCat\":\"0\",\"catID\":\"0\",\"type\":\"sprint\",\"parent\":\"0\",\"name\":\"\\u4e94\\u821fOEM-4.5.0\",\"code\":\"\\u4e94\\u821f 4.5.0\",\"begin\":\"2018-06-07\",\"end\":\"2018-06-30\",\"days\":\"17\",\"status\":\"closed\",\"statge\":\"1\",\"pri\":\"1\",\"desc\":\"\\u4e94\\u821f OEM 4.5.0 \\u5f00\\u53d1-\\u53d1\\u5e03\",\"openedBy\":\"\",\"openedDate\":\"0000-00-00 00:00:00\",\"openedVersion\":\"9.5.1\",\"closedBy\":\"admin\",\"closedDate\":\"2018-08-14 10:03:23\",\"canceledBy\":\"\",\"canceledDate\":\"0000-00-00 00:00:00\",\"PO\":\"\",\"PM\":\"\",\"QD\":\"\",\"RD\":\"\",\"team\":\"VDI\",\"acl\":\"open\",\"whitelist\":\"\",\"order\":\"1320\",\"deleted\":\"0\",\"burns\":[0,0,0,0,\"0\",\"0\",\"0\",\"0\",\"0\",\"0\",\"0\",\"0\",\"0\",\"0\",\"0\",\"0\",\"0\",\"0\",\"0\",\"0\",\"0\",\"0\",\"0\",\"0\"],\"hours\":{\"totalEstimate\":0,\"totalConsumed\":75,\"totalLeft\":0,\"progress\":100,\"totalReal\":75}},{\"id\":\"260\",\"isCat\":\"0\",\"catID\":\"0\",\"type\":\"sprint\",\"parent\":\"0\",\"name\":\"VDI V4.5.0 OEM\\u7248\\u672c\\u6d4b\\u8bd5\",\"code\":\"VDI4.5oem\",\"begin\":\"2018-04-20\",\"end\":\"2018-04-26\",\"days\":\"5\",\"status\":\"closed\",\"statge\":\"1\",\"pri\":\"1\",\"desc\":\"\",\"openedBy\":\"\",\"openedDate\":\"0000-00-00 00:00:00\",\"openedVersion\":\"9.5.1\",\"closedBy\":\"wangsheng\",\"closedDate\":\"2018-08-14 10:06:09\",\"canceledBy\":\"\",\"canceledDate\":\"0000-00-00 00:00:00\",\"PO\":\"\",\"PM\":\"\",\"QD\":\"\",\"RD\":\"\",\"team\":\"VDI V4.5.0 OEM\\u7248\\u672c\\u6d4b\\u8bd5\",\"acl\":\"open\",\"whitelist\":\"\",\"order\":\"1300\",\"deleted\":\"0\",\"burns\":[],\"hours\":{\"totalEstimate\":0,\"totalConsumed\":0,\"totalLeft\":0,\"progress\":0}},{\"id\":\"255\",\"isCat\":\"0\",\"catID\":\"0\",\"type\":\"waterfall\",\"parent\":\"0\",\"name\":\"VDI 4.6.0\",\"code\":\"VDI 4.6.0\",\"begin\":\"2018-04-11\",\"end\":\"2018-06-30\",\"days\":\"58\",\"status\":\"closed\",\"statge\":\"1\",\"pri\":\"1\",\"desc\":\"VDI 4.6.0\",\"openedBy\":\"\",\"openedDate\":\"0000-00-00 00:00:00\",\"openedVersion\":\"9.5.1\",\"closedBy\":\"\",\"closedDate\":\"0000-00-00 00:00:00\",\"canceledBy\":\"\",\"canceledDate\":\"0000-00-00 00:00:00\",\"PO\":\"zhujianchen\",\"PM\":\"wangmengxiong\",\"QD\":\"\",\"RD\":\"\",\"team\":\"VDI \",\"acl\":\"open\",\"whitelist\":\"\",\"order\":\"1275\",\"deleted\":\"0\",\"burns\":[\"29\",\"29\",\"29\",\"54\",\"54\",\"18\",\"14\",\"14\",\"21\",\"14\",\"14\",\"48\",\"48\",\"55\",\"48\",\"48\",\"48\",\"48\",\"48\",\"54\",\"38\",\"37\",\"37\",\"37\",\"37\",\"34\",\"34\",\"34\",\"32\",\"32\"],\"hours\":{\"totalEstimate\":237.5,\"totalConsumed\":910.2,\"totalLeft\":0,\"progress\":100,\"totalReal\":910.2}},{\"id\":\"254\",\"isCat\":\"0\",\"catID\":\"0\",\"type\":\"sprint\",\"parent\":\"0\",\"name\":\"VDI V4.4.3 OEM\\u7248\\u672c\\u6d4b\\u8bd5\",\"code\":\"4.4.3OEM\",\"begin\":\"2018-03-07\",\"end\":\"2018-03-22\",\"days\":\"12\",\"status\":\"closed\",\"statge\":\"1\",\"pri\":\"1\",\"desc\":\"\",\"openedBy\":\"\",\"openedDate\":\"0000-00-00 00:00:00\",\"openedVersion\":\"9.5.1\",\"closedBy\":\"wangsheng\",\"closedDate\":\"2018-08-14 10:06:30\",\"canceledBy\":\"\",\"canceledDate\":\"0000-00-00 00:00:00\",\"PO\":\"\",\"PM\":\"\",\"QD\":\"\",\"RD\":\"\",\"team\":\"VDI V4.4.3 OEM\\u7248\\u672c\\u6d4b\\u8bd5\",\"acl\":\"open\",\"whitelist\":\"\",\"order\":\"1270\",\"deleted\":\"0\",\"burns\":[],\"hours\":{\"totalEstimate\":3,\"totalConsumed\":1.5,\"totalLeft\":0,\"progress\":100,\"totalReal\":1.5}},{\"id\":\"252\",\"isCat\":\"0\",\"catID\":\"0\",\"type\":\"ops\",\"parent\":\"0\",\"name\":\"\\u3010UI\\u30112018\\u5e74\\u7ef4\\u62a4\\u8fed\\u4ee3\",\"code\":\"\\u5404\\u9879\\u76ee\\u7ec4\\u9700UI\\u652f\\u6301\\u7ef4\\u62a4\\u7684\\u4efb\\u52a1\",\"begin\":\"2018-03-01\",\"end\":\"2018-12-31\",\"days\":\"218\",\"status\":\"closed\",\"statge\":\"1\",\"pri\":\"1\",\"desc\":\"\\u5404\\u9879\\u76ee\\u7ec4\\u9700UI\\u652f\\u6301\\u7ef4\\u62a4\\u7684\\u4efb\\u52a1\",\"openedBy\":\"\",\"openedDate\":\"0000-00-00 00:00:00\",\"openedVersion\":\"9.5.1\",\"closedBy\":\"jinjiao\",\"closedDate\":\"2019-02-25 09:48:09\",\"canceledBy\":\"\",\"canceledDate\":\"0000-00-00 00:00:00\",\"PO\":\"jinjiao\",\"PM\":\"jinjiao\",\"QD\":\"admin\",\"RD\":\"admin\",\"team\":\"UI\",\"acl\":\"open\",\"whitelist\":\"\",\"order\":\"1260\",\"deleted\":\"0\",\"burns\":[],\"hours\":{\"totalEstimate\":809,\"totalConsumed\":776,\"totalLeft\":29,\"progress\":96.4,\"totalReal\":805}},{\"id\":\"240\",\"isCat\":\"0\",\"catID\":\"0\",\"type\":\"waterfall\",\"parent\":\"0\",\"name\":\"VDI 4.5.0\",\"code\":\"VDI 4.5.0\",\"begin\":\"2017-12-28\",\"end\":\"2018-03-31\",\"days\":\"67\",\"status\":\"closed\",\"statge\":\"1\",\"pri\":\"1\",\"desc\":\"VDI 4.5.0 \\u8fed\\u4ee3\\u9879\\u76ee\\u5efa\\u7acb\",\"openedBy\":\"\",\"openedDate\":\"0000-00-00 00:00:00\",\"openedVersion\":\"9.5.1\",\"closedBy\":\"huangyindi\",\"closedDate\":\"2018-09-04 12:00:24\",\"canceledBy\":\"\",\"canceledDate\":\"0000-00-00 00:00:00\",\"PO\":\"\",\"PM\":\"\",\"QD\":\"\",\"RD\":\"\",\"team\":\"VDI \",\"acl\":\"open\",\"whitelist\":\"\",\"order\":\"1200\",\"deleted\":\"0\",\"burns\":[\"57\",\"57\",\"57\",\"50\",\"50\",\"50\",\"50\",\"34\",\"34\",\"34\",\"34\",\"34\",\"34\",\"22\",\"22\",\"22\",\"22\",\"22\",\"22\",\"22\",\"22\",\"22\",\"22\",\"22\",\"22\",\"22\",\"18\",\"46\",\"25\",\"25\"],\"hours\":{\"totalEstimate\":288,\"totalConsumed\":519,\"totalLeft\":25,\"progress\":95.4,\"totalReal\":544}},{\"id\":\"237\",\"isCat\":\"0\",\"catID\":\"0\",\"type\":\"sprint\",\"parent\":\"0\",\"name\":\"\\u5171\\u4eab\\u78c1\\u76d8VDI\\u5f00\\u53d1\",\"code\":\"VDI-02\",\"begin\":\"2017-11-29\",\"end\":\"2017-12-29\",\"days\":\"23\",\"status\":\"closed\",\"statge\":\"1\",\"pri\":\"1\",\"desc\":\"\",\"openedBy\":\"\",\"openedDate\":\"0000-00-00 00:00:00\",\"openedVersion\":\"9.5.1\",\"closedBy\":\"admin\",\"closedDate\":\"2018-09-13 16:58:04\",\"canceledBy\":\"\",\"canceledDate\":\"0000-00-00 00:00:00\",\"PO\":\"\",\"PM\":\"\",\"QD\":\"\",\"RD\":\"\",\"team\":\"VDI-team\",\"acl\":\"private\",\"whitelist\":\"\",\"order\":\"1185\",\"deleted\":\"0\",\"burns\":[\"25\",\"13.5\",\"13.5\",\"13.5\",\"0\",\"10\",\"16\",\"13\",\"13\",\"10\",\"10\",\"15\",\"26\",\"18.5\",\"15\",\"13\",\"13\",\"13\",\"8\",\"8\",\"48\",\"40\",\"36\",\"36\",\"36\",\"17\",\"19.5\",\"33.5\",\"25.5\",\"0\"],\"hours\":{\"totalEstimate\":122.5,\"totalConsumed\":206,\"totalLeft\":0,\"progress\":100,\"totalReal\":206}},{\"id\":\"236\",\"isCat\":\"0\",\"catID\":\"0\",\"type\":\"sprint\",\"parent\":\"0\",\"name\":\"VDI V4.4.3\",\"code\":\"R1\",\"begin\":\"2017-11-27\",\"end\":\"2018-01-20\",\"days\":\"40\",\"status\":\"closed\",\"statge\":\"1\",\"pri\":\"1\",\"desc\":\"VDI V4.4.3\",\"openedBy\":\"\",\"openedDate\":\"0000-00-00 00:00:00\",\"openedVersion\":\"9.5.1\",\"closedBy\":\"\",\"closedDate\":\"0000-00-00 00:00:00\",\"canceledBy\":\"\",\"canceledDate\":\"0000-00-00 00:00:00\",\"PO\":\"zhujianchen\",\"PM\":\"wangmengxiong\",\"QD\":\"\",\"RD\":\"\",\"team\":\"VDI V4.4.3\",\"acl\":\"open\",\"whitelist\":\"\",\"order\":\"1180\",\"deleted\":\"0\",\"burns\":[\"0\",\"0\",\"0\",\"35\",\"26\",\"17\",\"17\",\"17\",\"17\",\"17\",\"17\",\"0\",\"63\",\"77\",\"112\",\"112\",\"112\",\"112\",\"112\",\"112\",\"112\",\"112\",\"112\",\"112\",\"112\",\"112\",\"112\",\"112\",\"112\",\"112\"],\"hours\":{\"totalEstimate\":118,\"totalConsumed\":65.5,\"totalLeft\":35,\"progress\":65.2,\"totalReal\":100.5}},{\"id\":\"233\",\"isCat\":\"0\",\"catID\":\"0\",\"type\":\"sprint\",\"parent\":\"0\",\"name\":\"VDI \\u5728\\u7ebf\\u89c6\\u9891\\u91cd\\u5b9a\\u5411\",\"code\":\"VDI-\\u5f00\\u53d1-01\",\"begin\":\"2017-11-20\",\"end\":\"2018-01-20\",\"days\":\"45\",\"status\":\"closed\",\"statge\":\"1\",\"pri\":\"1\",\"desc\":\"\",\"openedBy\":\"\",\"openedDate\":\"0000-00-00 00:00:00\",\"openedVersion\":\"9.5.1\",\"closedBy\":\"admin\",\"closedDate\":\"2018-09-13 16:58:18\",\"canceledBy\":\"\",\"canceledDate\":\"0000-00-00 00:00:00\",\"PO\":\"\",\"PM\":\"\",\"QD\":\"\",\"RD\":\"\",\"team\":\"VDI\\u9879\\u76ee\\u7ec4\",\"acl\":\"private\",\"whitelist\":\"\",\"order\":\"1165\",\"deleted\":\"0\",\"burns\":[],\"hours\":{\"totalEstimate\":0,\"totalConsumed\":0,\"totalLeft\":0,\"progress\":0}},{\"id\":\"49\",\"isCat\":\"0\",\"catID\":\"0\",\"type\":\"sprint\",\"parent\":\"0\",\"name\":\"\\u3010\\u4efb\\u52a1\\u3011VPC4.5\",\"code\":\"VPC4.5\",\"begin\":\"2017-01-12\",\"end\":\"2017-04-30\",\"days\":\"77\",\"status\":\"closed\",\"statge\":\"1\",\"pri\":\"1\",\"desc\":\"\",\"openedBy\":\"\",\"openedDate\":\"0000-00-00 00:00:00\",\"openedVersion\":\"pro5.5.1\",\"closedBy\":\"admin\",\"closedDate\":\"2018-09-13 17:00:27\",\"canceledBy\":\"\",\"canceledDate\":\"0000-00-00 00:00:00\",\"PO\":\"yuejiachen\",\"PM\":\"wangmengxiong\",\"QD\":\"liujunchao\",\"RD\":\"yuejiachen\",\"team\":\"VPC4.5\",\"acl\":\"private\",\"whitelist\":\"\",\"order\":\"330\",\"deleted\":\"0\",\"burns\":[\"5\",\"5\",\"5\",\"5\",\"5\",\"5\",\"5\",\"5\",\"5\",\"5\",\"5\",\"5\",\"5\",\"5\",\"5\",\"5\",\"5\",\"5\",\"5\",\"5\",\"5\",\"5\",\"5\",\"5\",\"5\",\"5\",\"5\",\"5\",\"5\",\"5\"],\"hours\":{\"totalEstimate\":96,\"totalConsumed\":113.5,\"totalLeft\":0,\"progress\":100,\"totalReal\":113.5}}],\"productID\":\"7\",\"pager\":null}","md5":"23ee3de26075438478679e7df059d65a"}