{"status":"success","data":"{\"title\":\"\\u684c\\u9762\\u4e91\\u878d\\u5408\\u67b6\\u6784::\\u6d4f\\u89c8\\u8ba1\\u5212\",\"product\":{\"id\":\"7\",\"name\":\"\\u684c\\u9762\\u4e91\\u878d\\u5408\\u67b6\\u6784\",\"code\":\"All in one\",\"line\":\"0\",\"type\":\"platform\",\"status\":\"normal\",\"desc\":\"<p>\\n\\t\\u684c\\u9762\\u4e91\\u878d\\u5408\\u67b6\\u6784\\u3002\\n<\\\/p>\",\"PO\":\"zhujianchen\",\"QD\":\"huangyindi\",\"RD\":\"zhujianchen\",\"acl\":\"private\",\"whitelist\":\"\",\"createdBy\":\"admin\",\"createdDate\":\"2016-12-27 16:22:36\",\"createdVersion\":\"pro5.5.1\",\"order\":\"30\",\"deleted\":\"0\"},\"branch\":0,\"branches\":{\"0\":\"\\u6240\\u6709\\u5e73\\u53f0\",\"14\":\"Android\",\"15\":\"Windows\",\"16\":\"Linux\"},\"productID\":\"7\",\"browseType\":\"all\",\"orderBy\":\"begin_desc\",\"plans\":{\"146\":{\"id\":\"146\",\"product\":\"7\",\"branch\":\"0\",\"parent\":\"0\",\"title\":\"\\u878d\\u5408\\u7248\\u5b9a\\u5236\",\"desc\":\"\",\"begin\":\"2030-01-01\",\"end\":\"2030-01-01\",\"order\":\"\",\"deleted\":\"0\",\"project\":\"419\",\"stories\":2,\"bugs\":0,\"hour\":0,\"projectID\":\"419\"},\"141\":{\"id\":\"141\",\"product\":\"7\",\"branch\":\"0\",\"parent\":\"0\",\"title\":\"\\u878d\\u5408\\u72485.3\",\"desc\":\"\",\"begin\":\"2030-01-01\",\"end\":\"2030-01-01\",\"order\":\"\",\"deleted\":\"0\",\"project\":\"418\",\"stories\":141,\"bugs\":116,\"hour\":0,\"projectID\":\"418\"},\"130\":{\"id\":\"130\",\"product\":\"7\",\"branch\":\"0\",\"parent\":\"0\",\"title\":\"\\u878d\\u5408\\u72485.2\",\"desc\":\"\",\"begin\":\"2030-01-01\",\"end\":\"2030-01-01\",\"order\":\"6155,6154,6120,6060,6059,6058,6057,6056,6055,6050,6027,6026,6025,6024,6023,6019,6018,6009,6007,5972,5971,5880,5872,5859,5846,5845,5826,5825,5824,5823,5822,5821,5820,5819,5818,5817,5816,5815,5814,5813,5812,5811,5810,5804,5803,5801,5785,5783,5778,5771,5770,5762,5756,5752,5751,5750,5749,5742,5741,5717,5716,5715,5714,5713,5712,5678,5670,5669,5641,5640,5639,5638,5629,5621,5619,5618,5617,5616,5513,5509,5508,5495,5489,5488,5482,5480,5478,5471,5467,5466,5465,5464,5463,5462,5461,5460,5459,5458,5457,5456,5455,5454,5453,5452,5446,5445,5444,5443,\",\"deleted\":\"0\",\"project\":\"406\",\"stories\":112,\"bugs\":4,\"hour\":0,\"projectID\":\"406\"},\"107\":{\"id\":\"107\",\"product\":\"7\",\"branch\":\"0\",\"parent\":\"0\",\"title\":\"\\u5662\\u6613\\u5206\\u5e03\\u5f0f\\u5b58\\u50a8\",\"desc\":\"\\u5662\\u6613\\u5206\\u5e03\\u5f0f\\u5b58\\u50a8\",\"begin\":\"2030-01-01\",\"end\":\"2030-01-01\",\"order\":\"5278,5011,4895,4894,4892,4891,4890,4889,4888,4887,4886,4884,4883,4882,4881,4877,\",\"deleted\":\"0\",\"project\":\"366\",\"stories\":33,\"bugs\":0,\"hour\":0,\"projectID\":\"366\"},\"103\":{\"id\":\"103\",\"product\":\"7\",\"branch\":\"0\",\"parent\":\"0\",\"title\":\"eDaaS V5.1.3\",\"desc\":\"\",\"begin\":\"2030-01-01\",\"end\":\"2030-01-01\",\"order\":\"5330,5329,5328,5312,5191,5121,5120,5119,5118,5117,5115,5114,5112,4845,4844,4843,4842,4841,4835,4839,4838,4837,4836,4833,4825,4824,4823,4822,4821,4820,4818,4817,4816,4814,4813,4812,\",\"deleted\":\"0\",\"project\":\"387\",\"stories\":42,\"bugs\":0,\"hour\":0,\"projectID\":\"387\"},\"98\":{\"id\":\"98\",\"product\":\"7\",\"branch\":\"0\",\"parent\":\"0\",\"title\":\"VPC5.1.3\\u7814\\u53d1\\u8ba1\\u5212\",\"desc\":\"\",\"begin\":\"2030-01-01\",\"end\":\"2030-01-01\",\"order\":\"\",\"deleted\":\"0\",\"project\":\"362\",\"stories\":0,\"bugs\":0,\"hour\":0,\"projectID\":\"362\"},\"94\":{\"id\":\"94\",\"product\":\"7\",\"branch\":\"0\",\"parent\":\"0\",\"title\":\"\\u878d\\u5408\\u72485.1.3IDV\\u90e8\\u5206\",\"desc\":\"\\u878d\\u5408\\u7248IDV\\u90e8\\u5206\",\"begin\":\"2030-01-01\",\"end\":\"2030-01-01\",\"order\":\"4692,4691,4690,4689,4671,4655,4654,4653,4652,4651,4650,4649,4648,4647,4646,4645,4644,4634,4633,4632,4631,4630,4629,4628,4627,4626,4625,\",\"deleted\":\"0\",\"project\":null,\"stories\":29,\"bugs\":0,\"hour\":0,\"projectID\":null},\"87\":{\"id\":\"87\",\"product\":\"7\",\"branch\":\"0\",\"parent\":\"0\",\"title\":\"eDaaS&amp;\\u684c\\u9762\\u4e91\\u878d\\u5408\\u7248 V5.1.3.x\\u7814\\u53d1\\u8ba1\\u5212\",\"desc\":\"eDaaS&amp;\\u684c\\u9762\\u4e91\\u878d\\u5408\\u7248 V5.1.3.x\\u7814\\u53d1\\u8ba1\\u5212<br \\\/>\\n\\u6d89\\u53ca\\u4ea7\\u54c1\\uff1aeDaaS\\u3001\\u684c\\u9762\\u4e91\\u878d\\u5408\\u7248<br \\\/>\",\"begin\":\"2030-01-01\",\"end\":\"2030-01-01\",\"order\":\"\",\"deleted\":\"0\",\"project\":null,\"stories\":33,\"bugs\":0,\"hour\":0,\"projectID\":null},\"84\":{\"id\":\"84\",\"product\":\"7\",\"branch\":\"0\",\"parent\":\"0\",\"title\":\"\\u684c\\u9762\\u4e91\\u5168\\u884c\\u4e1a\\u7248\\u672c5.1.1.X\\u7248\\u672c\",\"desc\":\"\\u5728\\u53d1\\u5e035.1.0\\u7684\\u53d1\\u5e03\\u7248\\u672c\\u57fa\\u7840\\u4e0a\\u589e\\u52a0\\u5176\\u4ed6\\u884c\\u4e1a\\u4ea7\\u54c1\",\"begin\":\"2030-01-01\",\"end\":\"2030-01-01\",\"order\":\"4396,4395,4392,4391,4383,4382,\",\"deleted\":\"0\",\"project\":\"335\",\"stories\":6,\"bugs\":0,\"hour\":0,\"projectID\":\"335\"},\"82\":{\"id\":\"82\",\"product\":\"7\",\"branch\":\"0\",\"parent\":\"0\",\"title\":\"\\u540c\\u65b9-\\u653f\\u4f01\\u7248-\\u878d\\u54085.1\",\"desc\":\"\",\"begin\":\"2030-01-01\",\"end\":\"2030-01-01\",\"order\":\"\",\"deleted\":\"0\",\"project\":null,\"stories\":2,\"bugs\":0,\"hour\":0,\"projectID\":null},\"81\":{\"id\":\"81\",\"product\":\"7\",\"branch\":\"0\",\"parent\":\"0\",\"title\":\"\\u540c\\u65b9-\\u6559\\u80b2\\u7248-\\u878d\\u54085.1\",\"desc\":\"\",\"begin\":\"2030-01-01\",\"end\":\"2030-01-01\",\"order\":\"\",\"deleted\":\"0\",\"project\":\"347\",\"stories\":4,\"bugs\":0,\"hour\":0,\"projectID\":\"347\"},\"80\":{\"id\":\"80\",\"product\":\"7\",\"branch\":\"0\",\"parent\":\"0\",\"title\":\"\\u5929\\u878d\\u4fe1-\\u653f\\u4f01\\u7248-\\u878d\\u54085.1.1\",\"desc\":\"\",\"begin\":\"2030-01-01\",\"end\":\"2030-01-01\",\"order\":\"\",\"deleted\":\"0\",\"project\":null,\"stories\":6,\"bugs\":0,\"hour\":0,\"projectID\":null},\"78\":{\"id\":\"78\",\"product\":\"7\",\"branch\":\"0\",\"parent\":\"0\",\"title\":\"\\u60e0\\u666e-\\u653f\\u4f01\\u7248-\\u878d\\u54085.1.4\",\"desc\":\"\",\"begin\":\"2030-01-01\",\"end\":\"2030-01-01\",\"order\":\"\",\"deleted\":\"0\",\"project\":null,\"stories\":3,\"bugs\":0,\"hour\":0,\"projectID\":null},\"77\":{\"id\":\"77\",\"product\":\"7\",\"branch\":\"0\",\"parent\":\"0\",\"title\":\"\\u60e0\\u666e-\\u666e\\u6559\\u7248-\\u878d\\u54085.1\",\"desc\":\"\",\"begin\":\"2030-01-01\",\"end\":\"2030-01-01\",\"order\":\"\",\"deleted\":\"0\",\"project\":null,\"stories\":0,\"bugs\":0,\"hour\":0,\"projectID\":null},\"76\":{\"id\":\"76\",\"product\":\"7\",\"branch\":\"0\",\"parent\":\"0\",\"title\":\"eDaaS&amp;\\u684c\\u9762\\u4e91\\u878d\\u5408\\u7248 V5.1.2.x\\u7814\\u53d1\\u8ba1\\u5212\",\"desc\":\"eDaaS&amp;\\u684c\\u9762\\u4e91\\u878d\\u5408\\u7248 V5.1.2.x\\u7814\\u53d1\\u8ba1\\u5212<br \\\/>\\n\\u6d89\\u53ca\\u4ea7\\u54c1\\uff1aeDaaS\\u3001\\u684c\\u9762\\u4e91\\u878d\\u5408\\u7248\",\"begin\":\"2030-01-01\",\"end\":\"2030-01-01\",\"order\":\"4442,4441,4440,4439,4438,4434,4433,4431,4428,4427,4425,4423,4422,4419,4397,4393,4389,4388,4387,4384,4381,4380,4379,4378,4377,4373,4371,4370,4369,4344,2722,\",\"deleted\":\"0\",\"project\":\"328\",\"stories\":31,\"bugs\":1,\"hour\":0,\"projectID\":\"328\"},\"153\":{\"id\":\"153\",\"product\":\"7\",\"branch\":\"0\",\"parent\":\"0\",\"title\":\"5.2.0OEM\\u8ba1\\u5212\\uff08VDI\\\/VOI\\\/IDV\\uff09(\\u60e0\\u666e\\\/\\u540c\\u65b9)\",\"desc\":\"\",\"begin\":\"2020-10-29\",\"end\":\"2020-12-18\",\"order\":\"6498,6496,6495,6494,6493,6492,6491,\",\"deleted\":\"0\",\"project\":\"428\",\"stories\":7,\"bugs\":0,\"hour\":0,\"projectID\":\"428\"}},\"pager\":{\"recTotal\":61,\"recPerPage\":20,\"pageCookie\":\"pagerProductplanBrowse\",\"pageTotal\":4,\"pageID\":1,\"moduleName\":\"productplan\",\"methodName\":\"browse\",\"params\":null}}","md5":"196ed80031319c66719ff4eb5e41ab13"}