{"status":"success","data":"{\"title\":\"\\u5168\\u90e8\\u4ea7\\u54c1\",\"products\":{\"45\":\"\\u786c\\u4ef6\\u4ea7\\u54c1\",\"44\":\"\\u5662\\u6613\\u4e91\\u667a\\u6167\\u7ba1\\u7406\\u5e73\\u53f0\",\"40\":\"\\u7eb7\\u4eab\\u9500\\u5ba2\",\"38\":\"\\u684c\\u9762\\u7ba1\\u7406\\u7cfb\\u7edf\\u4e8c\\u7ea7\\u7248\\u672c\",\"35\":\"DMS\",\"32\":\"IDV\",\"31\":\"\\u684c\\u9762\\u4e91\\u878d\\u5408\\u67b6\\u6784-\\u516c\\u5171-\\u6682\\u7559\",\"30\":\"VOI V5\",\"22\":\"vServer V5\",\"13\":\"CTSC\",\"12\":\"VPC\",\"7\":\"\\u684c\\u9762\\u4e91\\u878d\\u5408\\u67b6\\u6784\",\"4\":\"VDI\\u540e\\u53f0\",\"1\":\"vServer\",\"36\":\"aRDP\",\"34\":\"CTSC V7.4\",\"33\":\"TEST -\\u521b\\u65b0\\u521b\\u4e1a\\u670d\\u52a1\\u4e91\\u5e73\\u53f0\",\"5\":\"\\u73ed\\u73ed\\u901a\",\"2\":\"Cloud\",\"6\":\"Cloud Platform\"},\"productStats\":[{\"id\":\"45\",\"name\":\"\\u786c\\u4ef6\\u4ea7\\u54c1\",\"code\":\"OE-hardware\",\"line\":\"0\",\"type\":\"normal\",\"status\":\"normal\",\"desc\":\"\\u786c\\u4ef6\\u4ea7\\u54c1\\u5f52\\u7c7b\\uff0c\\u6240\\u6709\\u786c\\u4ef6\\u6d4b\\u8bd5\\u8fc7\\u7a0b\\u4e2d\\u9047\\u5230\\u7684\\u5916\\u90e8\\u95ee\\u9898\\uff0c\\u4e0d\\u597d\\u89e3\\u51b3\\u7684\\u90fd\\u653e\\u5728\\u8fd9\\u91cc\",\"PO\":\"zhengyuqiang\",\"QD\":\"songliangmin\",\"RD\":\"zhengyuqiang\",\"acl\":\"open\",\"whitelist\":\"\",\"createdBy\":\"zhengyuqiang\",\"createdDate\":\"2020-12-23 16:48:14\",\"createdVersion\":\"11.4\",\"order\":\"225\",\"deleted\":\"0\",\"stories\":{\"0\":\"\",\"1\":\"draft\",\"2\":\"active\",\"3\":\"closed\",\"4\":\"changed\",\"\":0,\"draft\":0,\"active\":0,\"closed\":0,\"changed\":0},\"plans\":0,\"releases\":0,\"bugs\":\"52\",\"unResolved\":0,\"assignToNull\":0},{\"id\":\"44\",\"name\":\"\\u5662\\u6613\\u4e91\\u667a\\u6167\\u7ba1\\u7406\\u5e73\\u53f0\",\"code\":\"\\u4e91\\u667a\\u6167\\u7ba1\\u7406\",\"line\":\"0\",\"type\":\"normal\",\"status\":\"normal\",\"desc\":\"\\u5662\\u6613\\u4e91\\u667a\\u6167\\u7ba1\\u7406\\u5e73\\u53f0\",\"PO\":\"caozhen\",\"QD\":\"\",\"RD\":\"\",\"acl\":\"open\",\"whitelist\":\"\",\"createdBy\":\"caozhen\",\"createdDate\":\"2020-12-16 11:27:29\",\"createdVersion\":\"11.4\",\"order\":\"220\",\"deleted\":\"0\",\"stories\":{\"0\":\"\",\"1\":\"draft\",\"2\":\"active\",\"3\":\"closed\",\"4\":\"changed\",\"\":0,\"draft\":0,\"active\":0,\"closed\":0,\"changed\":0},\"plans\":0,\"releases\":0,\"bugs\":\"6\",\"unResolved\":0,\"assignToNull\":0},{\"id\":\"40\",\"name\":\"\\u7eb7\\u4eab\\u9500\\u5ba2\",\"code\":\"CMR\",\"line\":\"0\",\"type\":\"normal\",\"status\":\"normal\",\"desc\":\"CRM\\u4e0a\\u4ea7\\u54c1\\u7ef4\\u62a4\\u548c\\u9500\\u552e\\u8ba2\\u5355\\u4ee5\\u53ca\\u516c\\u53f8\\u6fc0\\u6d3b\\u7cfb\\u7edf\\u3002\",\"PO\":\"zhengziyun\",\"QD\":\"\",\"RD\":\"\",\"acl\":\"open\",\"whitelist\":\"\",\"createdBy\":\"yuanyang\",\"createdDate\":\"2019-10-10 13:05:23\",\"createdVersion\":\"11.4\",\"order\":\"200\",\"deleted\":\"0\",\"stories\":{\"0\":\"\",\"1\":\"draft\",\"2\":\"active\",\"3\":\"closed\",\"4\":\"changed\",\"\":0,\"draft\":0,\"active\":0,\"closed\":0,\"changed\":0},\"plans\":\"1\",\"releases\":0,\"bugs\":\"42\",\"unResolved\":0,\"assignToNull\":0},{\"id\":\"38\",\"name\":\"\\u684c\\u9762\\u7ba1\\u7406\\u7cfb\\u7edf\\u4e8c\\u7ea7\\u7248\\u672c\",\"code\":\"BBT2.0\",\"line\":\"0\",\"type\":\"normal\",\"status\":\"normal\",\"desc\":\"\\u539f\\u73ed\\u73ed\\u901a\\u7ba1\\u7406\\u5206\\u6790\\u7cfb\\u7edf\\u957f\\u6c99\\u4e8c\\u7ea7\\u7248\\u672c\\uff0c\\u4fee\\u6539\\u529f\\u80fd\\u754c\\u9762\\uff0c\\u6ee1\\u8db3\\u5bf9\\u7ec8\\u7aef\\u5f00\\u673a\\u6b21\\u6570\\u3001\\u5f00\\u673a\\u65f6\\u957f\\u6570\\u636e\\u6536\\u96c6\\u548c\\u7edf\\u8ba1\",\"PO\":\"linyane2\",\"QD\":\"wanhong\",\"RD\":\"linyane2\",\"acl\":\"open\",\"whitelist\":\"\",\"createdBy\":\"linyane2\",\"createdDate\":\"2019-07-22 16:11:18\",\"createdVersion\":\"11.4\",\"order\":\"190\",\"deleted\":\"0\",\"stories\":{\"active\":\"15\",\"closed\":\"1\",\"\":0,\"draft\":0,\"changed\":0},\"plans\":0,\"releases\":0,\"bugs\":\"18\",\"unResolved\":0,\"assignToNull\":0},{\"id\":\"35\",\"name\":\"DMS\",\"code\":\"DMS V5\",\"line\":\"0\",\"type\":\"platform\",\"status\":\"normal\",\"desc\":\"<p>\\n\\t\\u53ef\\u7ed3\\u5408\\u4e00\\u4e0b\\u4ea7\\u54c1\\u4f7f\\u7528\\uff1a\\n<\\\/p>\\n<p>\\n\\t1\\u3001\\u5662\\u6613\\u6559\\u80b2\\u684c\\u9762\\u4e91\\u670d\\u52a1\\u5e73\\u53f0-\\u6807\\u51c6\\u7248\\n<\\\/p>\\n<p>\\n\\t2\\u3001\\u5662\\u6613\\u5206\\u5e03\\u5f0f\\u684c\\u9762\\u4e91-\\u6559\\u80b2\\u7248\\n<\\\/p>\\n<p>\\n\\t3\\u3001\\u5662\\u6613\\u6559\\u80b2\\u684c\\u9762\\u4e91-\\u878d\\u5408\\u7248\\n<\\\/p>\\n<p>\\n\\t<br \\\/><\\\/p>\",\"PO\":\"linyane2\",\"QD\":\"\",\"RD\":\"\",\"acl\":\"open\",\"whitelist\":\"\",\"createdBy\":\"linyane2\",\"createdDate\":\"2019-02-20 16:39:26\",\"createdVersion\":\"10.5\",\"order\":\"175\",\"deleted\":\"0\",\"stories\":{\"changed\":\"34\",\"active\":\"285\",\"draft\":\"127\",\"closed\":\"79\",\"\":0},\"plans\":\"16\",\"releases\":\"1\",\"bugs\":\"856\",\"unResolved\":\"2\",\"assignToNull\":0},{\"id\":\"32\",\"name\":\"IDV\",\"code\":\"IDV\",\"line\":\"0\",\"type\":\"normal\",\"status\":\"normal\",\"desc\":\"IDV\",\"PO\":\"linyane2\",\"QD\":\"xusha\",\"RD\":\"\",\"acl\":\"private\",\"whitelist\":\"\",\"createdBy\":\"wangsheng\",\"createdDate\":\"2018-10-25 11:57:23\",\"createdVersion\":\"10.4\",\"order\":\"160\",\"deleted\":\"0\",\"stories\":{\"changed\":\"14\",\"active\":\"49\",\"draft\":\"2\",\"closed\":\"7\",\"\":0},\"plans\":\"1\",\"releases\":0,\"bugs\":\"283\",\"unResolved\":0,\"assignToNull\":0},{\"id\":\"31\",\"name\":\"\\u684c\\u9762\\u4e91\\u878d\\u5408\\u67b6\\u6784-\\u516c\\u5171-\\u6682\\u7559\",\"code\":\"VDI&amp;VOI\",\"line\":\"0\",\"type\":\"platform\",\"status\":\"normal\",\"desc\":\"\\u684c\\u9762\\u4e91\\u878d\\u5408\\u67b6\\u6784-\\u516c\\u5171\\u90e8\\u5206\\u3002\\u4e3b\\u8981\\u5b9a\\u4e49\\u4e3a\\u7cfb\\u7edf\\u57fa\\u7840\\u529f\\u80fd\\uff0c\\u5305\\u62ec\\uff1a\\u4e3b\\u529f\\u80fd\\u6846\\u67b6\\u3001\\u8d44\\u6e90\\u3001\\u5e10\\u53f7\\u7ec4\\u7ec7\\u3001\\u76d1\\u63a7\\u3001\\u6559\\u5b66\\u8f85\\u52a9\\u3001\\u8ba1\\u5212\\u4efb\\u52a1\\u3001\\u9ad8\\u53ef\\u7528\\u6027\\u3001\\u7cfb\\u7edf\\u3001\\u5e2e\\u52a9\\u3001\\u88c2\\u8111\\u3001\\u5176\\u4ed6\\u3002\",\"PO\":\"xiongrui\",\"QD\":\"\",\"RD\":\"\",\"acl\":\"private\",\"whitelist\":\"\",\"createdBy\":\"admin\",\"createdDate\":\"2018-08-28 10:59:43\",\"createdVersion\":\"10.0\",\"order\":\"155\",\"deleted\":\"0\",\"stories\":{\"changed\":\"20\",\"active\":\"66\",\"draft\":\"15\",\"closed\":\"36\",\"\":0},\"plans\":0,\"releases\":0,\"bugs\":0,\"unResolved\":0,\"assignToNull\":0},{\"id\":\"30\",\"name\":\"VOI V5\",\"code\":\"VOI V5\",\"line\":\"0\",\"type\":\"normal\",\"status\":\"normal\",\"desc\":\"VOI\",\"PO\":\"zhanxianke\",\"QD\":\"wanhong\",\"RD\":\"zhanxianke\",\"acl\":\"private\",\"whitelist\":\"\",\"createdBy\":\"admin\",\"createdDate\":\"2018-08-28 10:09:41\",\"createdVersion\":\"10.0\",\"order\":\"150\",\"deleted\":\"0\",\"stories\":{\"changed\":\"27\",\"active\":\"328\",\"draft\":\"9\",\"closed\":\"27\",\"\":0},\"plans\":\"12\",\"releases\":0,\"bugs\":\"837\",\"unResolved\":\"9\",\"assignToNull\":0},{\"id\":\"22\",\"name\":\"vServer V5\",\"code\":\"vServer V5\",\"line\":\"0\",\"type\":\"normal\",\"status\":\"normal\",\"desc\":\"\\u57fa\\u4e8e\\u5f00\\u6e90\\u865a\\u62df\\u5316KVM\\u6280\\u672f\\uff0c\\u6df1\\u5ea6\\u5f00\\u53d1\\u7684\\u670d\\u52a1\\u5668\\u865a\\u62df\\u5316\\u4ea7\\u54c1\\uff0c\\u5e73\\u53f0\\u91c7\\u7528\\u4e86CentOS 7\\u7cfb\\u5217\\u64cd\\u4f5c\\u7cfb\\u7edf\\u3002\",\"PO\":\"xiongrui\",\"QD\":\"shenlin\",\"RD\":\"xiongrui\",\"acl\":\"private\",\"whitelist\":\"\",\"createdBy\":\"admin\",\"createdDate\":\"2017-10-10 11:23:37\",\"createdVersion\":\"9.5.1\",\"order\":\"110\",\"deleted\":\"0\",\"stories\":{\"changed\":\"1\",\"active\":\"18\",\"draft\":\"12\",\"\":0,\"closed\":0},\"plans\":\"1\",\"releases\":0,\"bugs\":\"93\",\"unResolved\":\"5\",\"assignToNull\":0},{\"id\":\"13\",\"name\":\"CTSC\",\"code\":\"CTSC\",\"line\":\"0\",\"type\":\"platform\",\"status\":\"normal\",\"desc\":\"<div><br \\\/><\\\/div>\",\"PO\":\"tanzhenhua\",\"QD\":\"linyane\",\"RD\":\"maoqian\",\"acl\":\"private\",\"whitelist\":\"\",\"createdBy\":\"wudan\",\"createdDate\":\"2017-01-16 11:19:35\",\"createdVersion\":\"pro5.5.1\",\"order\":\"65\",\"deleted\":\"0\",\"stories\":{\"changed\":\"9\",\"active\":\"159\",\"draft\":\"45\",\"closed\":\"36\",\"\":0},\"plans\":0,\"releases\":0,\"bugs\":\"498\",\"unResolved\":0,\"assignToNull\":0}],\"lineTree\":\"<ul id='modules' class='tree' data-ride='tree' data-name='tree-line'><li><a href='\\\/zentao\\\/product-all-7-3053-noclosed.json' id='module3053'>vdi\\u4ea7\\u54c1\\u7ebf-test<\\\/a>\\n\\n<\\\/li>\\n<\\\/ul>\\n\",\"lines\":{\"0\":\"\",\"3053\":\"vdi\\u4ea7\\u54c1\\u7ebf-test\"},\"productID\":7,\"line\":0,\"status\":\"noclosed\",\"orderBy\":\"order_desc\",\"pager\":{\"recTotal\":14,\"recPerPage\":10,\"pageCookie\":\"pagerProductAll\",\"pageTotal\":2,\"pageID\":1,\"moduleName\":\"product\",\"methodName\":\"all\",\"params\":null}}","md5":"d0b7f301a3d2de3bfd608cf81f13bc47"}