{"status":"success","data":"{\"title\":\"VPC::\\u52a8\\u6001\",\"products\":{\"47\":\"\\u521b\\u5ba2\\u661f-\\u5b9a\\u5236\\u5f00\\u53d1\\uff08\\u56ed\\u533a\\u4e91\\uff09\",\"46\":\"\\u8bbe\\u5907\\u667a\\u80fd\\u76d1\\u63a7\\u5e73\\u53f0\",\"45\":\"\\u786c\\u4ef6\\u4ea7\\u54c1\",\"44\":\"\\u5662\\u6613\\u4e91\\u667a\\u6167\\u7ba1\\u7406\\u5e73\\u53f0\",\"40\":\"\\u7eb7\\u4eab\\u9500\\u5ba2\",\"38\":\"\\u684c\\u9762\\u7ba1\\u7406\\u7cfb\\u7edf\\u4e8c\\u7ea7\\u7248\\u672c\",\"35\":\"DMS\",\"32\":\"IDV\",\"31\":\"\\u684c\\u9762\\u4e91\\u878d\\u5408\\u67b6\\u6784-\\u516c\\u5171-\\u6682\\u7559\",\"30\":\"VOI V5\",\"22\":\"vServer V5\",\"13\":\"CTSC\",\"12\":\"VPC\",\"7\":\"\\u684c\\u9762\\u4e91\\u878d\\u5408\\u67b6\\u6784\",\"4\":\"VDI\\u540e\\u53f0\",\"1\":\"vServer\",\"36\":\"aRDP\",\"34\":\"CTSC V7.4\",\"33\":\"TEST -\\u521b\\u65b0\\u521b\\u4e1a\\u670d\\u52a1\\u4e91\\u5e73\\u53f0\",\"5\":\"\\u73ed\\u73ed\\u901a\",\"2\":\"Cloud\",\"6\":\"Cloud Platform\"},\"productID\":\"12\",\"type\":\"account\",\"users\":{\"\":\"\",\"admin\":\"admin\",\"aixiangkui\":\"\\u827e\\u76f8\\u8475\",\"bbt\":\"\\u73ed\\u73ed\\u901a\",\"biexingxing\":\"\\u522b\\u661f\\u661f\",\"caozhen\":\"\\u66f9\\u632f\",\"chenghao\":\"\\u7a0b\\u7693\",\"chenxiaohu\":\"\\u9648\\u5c0f\\u864e\",\"daiqiran\":\"\\u6234\\u742a\\u5189\",\"donglinjie\":\"\\u8463\\u6797\\u6770\",\"duanhaigang\":\"\\u6bb5\\u6d77\\u5c97\",\"guoli\":\"\\u90ed\\u7acb\",\"huangzijie\":\"\\u9ec4\\u5b50\\u6770\",\"huhai\":\"\\u80e1\\u6d77\",\"huwenfeng\":\"\\u80e1\\u6587\\u5cf0\",\"huxiaosi\":\"\\u80e1\\u6653\\u601d\",\"jiazhihao\":\"\\u8d3e\\u5fd7\\u6d69\",\"jinhaoxiang\":\"\\u91d1\\u660a\\u7fd4\",\"liaoyuni\":\"\\u5ed6\\u7389\\u59ae\",\"linyane2\":\"\\u6797\\u8273\\u5a25\",\"liqinwu\":\"\\u674e\\u52e4\\u6b66\",\"lishuang\":\"\\u674e\\u723d\",\"liuchi\":\"\\u5218\\u6c60\",\"liuhaijun\":\"\\u5218\\u6d77\\u519b\",\"liuyuhua\":\"\\u5218\\u88d5\\u534e\",\"maanqi\":\"\\u9a6c\\u5b89\\u7426\",\"panqun\":\"\\u6f58\\u7fa4\",\"panzhuoya\":\"\\u6f58\\u5353\\u96c5\",\"review\":\"\\u8bc4\\u5ba1\\u5458\",\"ruanke\":\"\\u962e\\u79d1\",\"ruanzelin\":\"\\u962e\\u6cfd\\u6797\",\"shenqian\":\"\\u6c88\\u524d\",\"songliangmin\":\"\\u5b8b\\u826f\\u654f\",\"sunjun\":\"\\u5b59\\u4fca\",\"suntian\":\"\\u5b59\\u7530\",\"tangjinli\":\"\\u5510\\u91d1\\u4e3d\",\"tanzhenhua\":\"\\u8c08\\u632f\\u534e\",\"tianyiwen\":\"\\u7530\\u6021\\u6587\",\"tongchunyue\":\"\\u7ae5\\u6625\\u6708\",\"wangchuan\":\"\\u738b\\u5ddd\",\"wangmengxiong\":\"\\u738b\\u68a6\\u718a\",\"wangzhuo\":\"\\u738b\\u5353\",\"wanhong\":\"\\u4e07\\u7ea2\",\"weicong\":\"\\u9b4f\\u806a\",\"weihong\":\"\\u9b4f\\u6d2a\",\"wutianyang\":\"\\u5434\\u5929\\u9633\",\"xiaowei\":\"\\u8096\\u73ae\",\"xiaowenting\":\"\\u8096\\u6587\\u5a77\",\"xufan\":\"\\u5f90\\u5e06\",\"xusha\":\"\\u5f90\\u6c99\",\"yangqiong\":\"\\u6768\\u743c\",\"yangyansi\":\"\\u6768\\u71d5\\u601d\",\"yangyinli\":\"\\u6768\\u94f6\\u4e3d\",\"yizhongyin\":\"\\u7fbf\\u4e2d\\u5f15\",\"yuanyang\":\"\\u8881\\u9633\",\"yuweiwei\":\"\\u4f59\\u7ef4\\u4f1f\",\"yuzhengjun\":\"\\u4f59\\u653f\\u541b\",\"zhangchuansheng\":\"\\u7ae0\\u4f20\\u80dc\",\"zhangli\":\"\\u5f20\\u4e3d\",\"zhangmeng2\":\"\\u5f20\\u68a6\",\"zhangxian\":\"\\u5f20\\u5a34\",\"zhangxuecheng\":\"\\u5f20\\u96ea\\u6210\",\"zhangyao\":\"\\u5f20\\u579a\",\"zhangyujie\":\"\\u5f20\\u7389\\u6d01\",\"zhanhuahao\":\"\\u8a79\\u534e\\u8c6a\",\"zhaowanting\":\"\\u8d75\\u5a49\\u5a77\",\"zhengyuqiang\":\"\\u90d1\\u80b2\\u5f3a\",\"zhengzhendi\":\"\\u90d1\\u73cd\\u8fea\",\"zhengziyun\":\"\\u90d1\\u7d2b\\u8d5f\",\"zhouheng\":\"\\u5468\\u8861\",\"zhouqiang\":\"\\u5468\\u5f3a\",\"zhoutianwen\":\"\\u5468\\u5929\\u6587\",\"zhouyao\":\"\\u5468\\u59da\",\"zhudanlei\":\"\\u6731\\u4e39\\u857e\",\"zhupan\":\"\\u6731\\u76fc\",\"zhupeng\":\"\\u6731\\u9e4f\",\"zhuxiaokun\":\"\\u6731\\u6653\\u951f\",\"zlxing\":\"\\u66fe\\u4e3d\\u661f\",\"zouxianyan\":\"\\u5468\\u5148\\u71d5\",\"zouyuhui\":\"\\u90b9\\u5b87\\u4f1a\",\"closed\":\"Closed\"},\"account\":\"zhangyao\",\"orderBy\":\"date_desc\",\"param\":\"zhangyao\",\"pager\":{\"recTotal\":560,\"recPerPage\":50,\"pageCookie\":\"pagerProductDynamic\",\"pageTotal\":12,\"pageID\":1,\"moduleName\":\"product\",\"methodName\":\"dynamic\",\"params\":null},\"dateGroups\":{\"12\\u67089\\u65e5\":[{\"id\":\"392173\",\"objectType\":\"bug\",\"objectID\":\"20533\",\"product\":\",12,\",\"project\":\"405\",\"actor\":\"zhangyao\",\"action\":\"assigned\",\"date\":\"12\\u670809\\u65e5 15:08\",\"comment\":\"\\u6301\\u7eed\\u8ddf\\u8e2a\\uff0c\\u5e76\\u672a\\u590d\\u73b0BUG\\uff0c\\u5efa\\u8bae\\u4e0d\\u89e3\\u51b3\",\"extra\":\"wangmengxiong\",\"read\":\"1\",\"efforted\":\"0\",\"objectName\":\"\\u3010web\\u767b\\u5f55\\u684c\\u9762\\u3011web\\u767b\\u5f55\\u4e2a\\u4eba\\u684c\\u9762\\u9759\\u7f6e30\\u5206\\u949f\\u5de6\\u53f3\\u4f1a\\u81ea\\u52a8\\u6389\\u7ebf\\u3002\",\"originalDate\":\"2020-12-09 15:08:14\",\"actionLabel\":\"\\u6307\\u6d3e\\u4e86\",\"objectLabel\":\"Bug\",\"objectLink\":\"\\\/zentao\\\/bug-view-20533.json\",\"major\":1,\"time\":\"15:08\"},{\"id\":\"392139\",\"objectType\":\"bug\",\"objectID\":\"20762\",\"product\":\",12,\",\"project\":\"405\",\"actor\":\"zhangyao\",\"action\":\"assigned\",\"date\":\"12\\u670809\\u65e5 14:22\",\"comment\":\"nwjs \\u95ee\\u9898\\uff0c\\u4f46\\u9f99\\u82af\\u7248\\u672c\\u6ca1\\u6709\\u5176\\u5b83\\u7248\\u672c nwjs \\u53ef\\u4ee5\\u66f4\\u6362\",\"extra\":\"wangmengxiong\",\"read\":\"1\",\"efforted\":\"0\",\"objectName\":\"\\u3010\\u9f99\\u82af\\u5ba2\\u6237\\u7aef-3a3000\\u3011\\u9f99\\u82af\\u5ba2\\u6237\\u7aef\\u542f\\u52a8\\u540e\\u5e94\\u7528\\u7a0b\\u5e8f\\u56fe\\u6807\\u663e\\u793a\\u4e0d\\u6b63\\u786e\",\"originalDate\":\"2020-12-09 14:22:53\",\"actionLabel\":\"\\u6307\\u6d3e\\u4e86\",\"objectLabel\":\"Bug\",\"objectLink\":\"\\\/zentao\\\/bug-view-20762.json\",\"major\":1,\"time\":\"14:22\"},{\"id\":\"392138\",\"objectType\":\"bug\",\"objectID\":\"20868\",\"product\":\",12,\",\"project\":\"405\",\"actor\":\"zhangyao\",\"action\":\"assigned\",\"date\":\"12\\u670809\\u65e5 14:20\",\"comment\":\"\",\"extra\":\"huangzijie\",\"read\":\"1\",\"efforted\":\"0\",\"objectName\":\"\\u3010\\u5e10\\u53f7\\u8bbe\\u7f6e\\u3011\\u57df\\u5e10\\u53f7\\u8fdb\\u884c\\u5e10\\u53f7\\u8bbe\\u7f6e\\u65f6\\u4e0d\\u586b\\u5199\\u6027\\u522b\\uff08\\u5fc5\\u586b\\u9879\\uff09\\uff0c\\u4e5f\\u53ef\\u4ee5\\u70b9\\u51fb\\u786e\\u5b9a\",\"originalDate\":\"2020-12-09 14:20:47\",\"actionLabel\":\"\\u6307\\u6d3e\\u4e86\",\"objectLabel\":\"Bug\",\"objectLink\":\"\\\/zentao\\\/bug-view-20868.json\",\"major\":1,\"time\":\"14:20\"},{\"id\":\"392137\",\"objectType\":\"bug\",\"objectID\":\"20857\",\"product\":\",12,\",\"project\":\"405\",\"actor\":\"zhangyao\",\"action\":\"assigned\",\"date\":\"12\\u670809\\u65e5 14:18\",\"comment\":\"\",\"extra\":\"huangzijie\",\"read\":\"1\",\"efforted\":\"0\",\"objectName\":\"\\u3010\\u6743\\u9650\\u8bbe\\u7f6e\\u30115.2.0\\u5347\\u7ea7\\u4e0a\\u6765\\u7684\\u73af\\u5883\\uff0c\\u6743\\u9650\\u8bbe\\u7f6e\\u5904\\uff0c\\u9009\\u4e2dVOI-default\\u548cIDV-default\\u540e\\uff0c\\u9ad8\\u4eae\\u663e\\u793a\\u4e14\\u4e0d\\u53ef\\u5220\\u9664\",\"originalDate\":\"2020-12-09 14:18:57\",\"actionLabel\":\"\\u6307\\u6d3e\\u4e86\",\"objectLabel\":\"Bug\",\"objectLink\":\"\\\/zentao\\\/bug-view-20857.json\",\"major\":1,\"time\":\"14:18\"}],\"12\\u67088\\u65e5\":[{\"id\":\"391837\",\"objectType\":\"bug\",\"objectID\":\"20841\",\"product\":\",12,\",\"project\":\"405\",\"actor\":\"zhangyao\",\"action\":\"assigned\",\"date\":\"12\\u670808\\u65e5 11:56\",\"comment\":\"<p>\\r\\n\\t\\u4fee\\u6539\\u4e00\\u4e0b\\u8fd9\\u91cc\\u7684\\u8df3\\u8f6c\\u903b\\u8f91\\uff0c\\u4e0d\\u8981\\u4f7f\\u7528 indexOf\\uff0c \\u4f7f\\u7528 location.pathname:\\r\\n<\\\/p>\\r\\n<p>\\r\\n\\t<img src=\\\"{49444.png}\\\" alt=\\\"\\\" \\\/>\\r\\n<\\\/p>\",\"extra\":\"tianyiwen\",\"read\":\"1\",\"efforted\":\"0\",\"objectName\":\"\\u3010\\u7cfb\\u7edf\\u5b89\\u5168\\u3011\\u8bbe\\u7f6e\\u767b\\u5f55\\u65f6\\u6548\\u6027\\uff0c\\u7ba1\\u7406\\u53f0\\u5230\\u8fbe\\u65f6\\u95f4\\u540e\\u70b9\\u51fb\\u8fdb\\u5165\\u6a21\\u677f\\u63a7\\u5236\\u53f0\\uff0c\\u63d0\\u793a\\u91cd\\u65b0\\u767b\\u5f55\\uff0c\\u70b9\\u51fb\\u91cd\\u65b0\\u767b\\u5f55\\u8df3\\u8f6c\\u5230web\\u7aef\\u767b\\u5f55\\u754c\\u9762\",\"originalDate\":\"2020-12-08 11:56:08\",\"actionLabel\":\"\\u6307\\u6d3e\\u4e86\",\"objectLabel\":\"Bug\",\"objectLink\":\"\\\/zentao\\\/bug-view-20841.json\",\"major\":1,\"time\":\"11:56\"}],\"12\\u67087\\u65e5\":[{\"id\":\"391662\",\"objectType\":\"bug\",\"objectID\":\"20830\",\"product\":\",12,\",\"project\":\"405\",\"actor\":\"zhangyao\",\"action\":\"assigned\",\"date\":\"12\\u670807\\u65e5 19:24\",\"comment\":\"\",\"extra\":\"weicong\",\"read\":\"1\",\"efforted\":\"0\",\"objectName\":\"\\u3010voi\\u955c\\u50cf\\u5206\\u5c42\\u3011\\u6570\\u636e\\u5e93\\u4fee\\u6539\\u955c\\u50cf\\u5206\\u5c42\\u5f00\\u5173\\u5bf9voi\\u684c\\u9762\\u955c\\u50cf\\u5206\\u5c42\\u4e0d\\u751f\\u6548\",\"originalDate\":\"2020-12-07 19:24:32\",\"actionLabel\":\"\\u6307\\u6d3e\\u4e86\",\"objectLabel\":\"Bug\",\"objectLink\":\"\\\/zentao\\\/bug-view-20830.json\",\"major\":1,\"time\":\"19:24\"},{\"id\":\"391649\",\"objectType\":\"bug\",\"objectID\":\"20533\",\"product\":\",12,\",\"project\":\"405\",\"actor\":\"zhangyao\",\"action\":\"commented\",\"date\":\"12\\u670807\\u65e5 19:04\",\"comment\":\"\\u6302\\u673a\\u4e00\\u5929\\uff0c\\u672a\\u590d\\u73b0\",\"extra\":\"\",\"read\":\"1\",\"efforted\":\"0\",\"objectName\":\"\\u3010web\\u767b\\u5f55\\u684c\\u9762\\u3011web\\u767b\\u5f55\\u4e2a\\u4eba\\u684c\\u9762\\u9759\\u7f6e30\\u5206\\u949f\\u5de6\\u53f3\\u4f1a\\u81ea\\u52a8\\u6389\\u7ebf\\u3002\",\"originalDate\":\"2020-12-07 19:04:01\",\"actionLabel\":\"\\u8bc4\\u8bba\\u4e86\",\"objectLabel\":\"Bug\",\"objectLink\":\"\\\/zentao\\\/bug-view-20533.json\",\"major\":0,\"time\":\"19:04\"},{\"id\":\"391522\",\"objectType\":\"bug\",\"objectID\":\"20762\",\"product\":\",12,\",\"project\":\"405\",\"actor\":\"zhangyao\",\"action\":\"assigned\",\"date\":\"12\\u670807\\u65e5 14:19\",\"comment\":\"\\u6536\\u96c6\\u4e00\\u4e0b\\u8fd0\\u884c\\u73af\\u5883\\uff0c\\u7248\\u672c\\u7b49\\u4fe1\\u606f\",\"extra\":\"wangchuan\",\"read\":\"1\",\"efforted\":\"0\",\"objectName\":\"\\u3010\\u9f99\\u82af\\u5ba2\\u6237\\u7aef-3a3000\\u3011\\u9f99\\u82af\\u5ba2\\u6237\\u7aef\\u542f\\u52a8\\u540e\\u5e94\\u7528\\u7a0b\\u5e8f\\u56fe\\u6807\\u663e\\u793a\\u4e0d\\u6b63\\u786e\",\"originalDate\":\"2020-12-07 14:19:46\",\"actionLabel\":\"\\u6307\\u6d3e\\u4e86\",\"objectLabel\":\"Bug\",\"objectLink\":\"\\\/zentao\\\/bug-view-20762.json\",\"major\":1,\"time\":\"14:19\"},{\"id\":\"391492\",\"objectType\":\"bug\",\"objectID\":\"20813\",\"product\":\",12,\",\"project\":\"405\",\"actor\":\"zhangyao\",\"action\":\"assigned\",\"date\":\"12\\u670807\\u65e5 12:17\",\"comment\":\"\",\"extra\":\"huangzijie\",\"read\":\"1\",\"efforted\":\"0\",\"objectName\":\"\\u3010\\u4e2a\\u4eba\\u684c\\u9762\\u3011-\\u4e2a\\u4eba\\u684c\\u9762\\u754c\\u9762\\u53f3\\u4e0a\\u65b9\\u7684\\u95ee\\u53f7\\u91cc\\u63d0\\u793a\\u5185\\u5bb9\\u6709\\u8bef\",\"originalDate\":\"2020-12-07 12:17:43\",\"actionLabel\":\"\\u6307\\u6d3e\\u4e86\",\"objectLabel\":\"Bug\",\"objectLink\":\"\\\/zentao\\\/bug-view-20813.json\",\"major\":1,\"time\":\"12:17\"}],\"12\\u67084\\u65e5\":[{\"id\":\"391183\",\"objectType\":\"bug\",\"objectID\":\"20533\",\"product\":\",12,\",\"project\":\"405\",\"actor\":\"zhangyao\",\"action\":\"commented\",\"date\":\"12\\u670804\\u65e5 17:58\",\"comment\":\"<p>\\r\\n\\t\\u6302\\u673a\\u4e00\\u6574\\u5929\\u672a\\u590d\\u73b0\\uff0c\\u4e2d\\u95f4 ping \\u65ad\\u5f00\\u4e86\\uff0c\\u4f46\\u4e5f\\u6ca1\\u6709\\u65ad\\u5f00\\r\\n<\\\/p>\\r\\n<p>\\r\\n\\t<img src=\\\"{49336.png}\\\" alt=\\\"\\\" \\\/>\\r\\n<\\\/p>\",\"extra\":\"\",\"read\":\"1\",\"efforted\":\"0\",\"objectName\":\"\\u3010web\\u767b\\u5f55\\u684c\\u9762\\u3011web\\u767b\\u5f55\\u4e2a\\u4eba\\u684c\\u9762\\u9759\\u7f6e30\\u5206\\u949f\\u5de6\\u53f3\\u4f1a\\u81ea\\u52a8\\u6389\\u7ebf\\u3002\",\"originalDate\":\"2020-12-04 17:58:40\",\"actionLabel\":\"\\u8bc4\\u8bba\\u4e86\",\"objectLabel\":\"Bug\",\"objectLink\":\"\\\/zentao\\\/bug-view-20533.json\",\"major\":0,\"time\":\"17:58\"},{\"id\":\"391022\",\"objectType\":\"bug\",\"objectID\":\"20533\",\"product\":\",12,\",\"project\":\"405\",\"actor\":\"zhangyao\",\"action\":\"commented\",\"date\":\"12\\u670804\\u65e5 14:11\",\"comment\":\"<p>\\r\\n\\t\\u4eca\\u5929\\u4e5f\\u590d\\u73b0\\u4e86\\uff0c\\u590d\\u73b0\\u7684\\u65f6\\u5019\\uff0cping \\u63a5\\u53e3\\u8fd4\\u56de 19999 \\u5bfc\\u81f4 ping \\u4e2d\\u6b62\\uff1a\\r\\n<\\\/p>\\r\\n<p>\\r\\n\\t<img src=\\\"{49302.png}\\\" alt=\\\"\\\" \\\/> \\r\\n<\\\/p>\\r\\n<p>\\r\\n\\t<img src=\\\"{49303.png}\\\" alt=\\\"\\\" \\\/> \\r\\n<\\\/p>\\r\\n<p>\\r\\n\\t\\u6392\\u67e5\\u53d1\\u73b0\\uff0c\\u662f\\u684c\\u9762\\u88ab\\u5220\\u9664\\u5bfc\\u81f4\\uff0c\\u5b9e\\u9645BUG\\u672a\\u590d\\u73b0\\uff1a\\r\\n<\\\/p>\\r\\n<p>\\r\\n\\t<img src=\\\"{49304.png}\\\" alt=\\\"\\\" \\\/>\\r\\n<\\\/p>\",\"extra\":\"\",\"read\":\"1\",\"efforted\":\"0\",\"objectName\":\"\\u3010web\\u767b\\u5f55\\u684c\\u9762\\u3011web\\u767b\\u5f55\\u4e2a\\u4eba\\u684c\\u9762\\u9759\\u7f6e30\\u5206\\u949f\\u5de6\\u53f3\\u4f1a\\u81ea\\u52a8\\u6389\\u7ebf\\u3002\",\"originalDate\":\"2020-12-04 14:11:04\",\"actionLabel\":\"\\u8bc4\\u8bba\\u4e86\",\"objectLabel\":\"Bug\",\"objectLink\":\"\\\/zentao\\\/bug-view-20533.json\",\"major\":0,\"time\":\"14:11\"}],\"12\\u67083\\u65e5\":[{\"id\":\"390805\",\"objectType\":\"bug\",\"objectID\":\"20591\",\"product\":\",12,\",\"project\":\"405\",\"actor\":\"zhangyao\",\"action\":\"resolved\",\"date\":\"12\\u670803\\u65e5 18:53\",\"comment\":\"\",\"extra\":\"notrepro\",\"read\":\"0\",\"efforted\":\"0\",\"objectName\":\"\\u3010\\u6559\\u5b66\\u6a21\\u677f\\u3011webspice\\u8fde\\u63a5\\u6559\\u5b66\\u6a21\\u677f\\u6302\\u673a\\u4e00\\u665a\\uff0c\\u65e0\\u4efb\\u4f55\\u684c\\u9762\\u5185\\u64cd\\u4f5c\\uff0c\\u6d4f\\u89c8\\u5668\\u62a5\\u9519\\u5185\\u5b58\\u4e0d\\u8db3\",\"originalDate\":\"2020-12-03 18:53:50\",\"actionLabel\":\"\\u89e3\\u51b3\\u4e86\",\"objectLabel\":\"Bug\",\"objectLink\":\"\\\/zentao\\\/bug-view-20591.json\",\"major\":1,\"time\":\"18:53\"},{\"id\":\"390804\",\"objectType\":\"bug\",\"objectID\":\"20533\",\"product\":\",12,\",\"project\":\"405\",\"actor\":\"zhangyao\",\"action\":\"commented\",\"date\":\"12\\u670803\\u65e5 18:51\",\"comment\":\"<p>\\r\\n\\t\\u4eca\\u5929\\u6302\\u673a\\u4e00\\u5929\\uff0c\\u4e2d\\u5348\\u590d\\u73b0\\u4e86\\uff0c\\u4f46\\u67e5\\u770b\\u65e5\\u5fd7\\u53d1\\u73b0 ping \\u63a5\\u53e3\\u8bf7\\u6c42\\u4e2d\\u65ad\\uff0c\\u76ee\\u524d\\u6000\\u7591\\u662f\\u7f51\\u7edc\\u6ce2\\u52a8\\u5bfc\\u81f4\\u3002\\r\\n<\\\/p>\\r\\n<p>\\r\\n\\t<br \\\/>\\r\\n<\\\/p>\\r\\n<p>\\r\\n\\t<img src=\\\"{49267.png}\\\" alt=\\\"\\\" \\\/> \\r\\n<\\\/p>\\r\\n<p>\\r\\n\\t<img src=\\\"{49268.png}\\\" alt=\\\"\\\" \\\/> \\r\\n<\\\/p>\\r\\n<p>\\r\\n\\t<br \\\/>\\r\\n<\\\/p>\",\"extra\":\"\",\"read\":\"1\",\"efforted\":\"0\",\"objectName\":\"\\u3010web\\u767b\\u5f55\\u684c\\u9762\\u3011web\\u767b\\u5f55\\u4e2a\\u4eba\\u684c\\u9762\\u9759\\u7f6e30\\u5206\\u949f\\u5de6\\u53f3\\u4f1a\\u81ea\\u52a8\\u6389\\u7ebf\\u3002\",\"originalDate\":\"2020-12-03 18:51:54\",\"actionLabel\":\"\\u8bc4\\u8bba\\u4e86\",\"objectLabel\":\"Bug\",\"objectLink\":\"\\\/zentao\\\/bug-view-20533.json\",\"major\":0,\"time\":\"18:51\"}],\"12\\u67082\\u65e5\":[{\"id\":\"389881\",\"objectType\":\"bug\",\"objectID\":\"20533\",\"product\":\",12,\",\"project\":\"405\",\"actor\":\"zhangyao\",\"action\":\"commented\",\"date\":\"12\\u670802\\u65e5 18:45\",\"comment\":\"\\u4eca\\u5929\\u6302\\u673a\\u4e86\\u4e00\\u5929\\uff0c\\u672a\\u590d\\u73b0\",\"extra\":\"\",\"read\":\"1\",\"efforted\":\"0\",\"objectName\":\"\\u3010web\\u767b\\u5f55\\u684c\\u9762\\u3011web\\u767b\\u5f55\\u4e2a\\u4eba\\u684c\\u9762\\u9759\\u7f6e30\\u5206\\u949f\\u5de6\\u53f3\\u4f1a\\u81ea\\u52a8\\u6389\\u7ebf\\u3002\",\"originalDate\":\"2020-12-02 18:45:16\",\"actionLabel\":\"\\u8bc4\\u8bba\\u4e86\",\"objectLabel\":\"Bug\",\"objectLink\":\"\\\/zentao\\\/bug-view-20533.json\",\"major\":0,\"time\":\"18:45\"},{\"id\":\"389662\",\"objectType\":\"bug\",\"objectID\":\"20704\",\"product\":\",12,\",\"project\":\"405\",\"actor\":\"zhangyao\",\"action\":\"assigned\",\"date\":\"12\\u670802\\u65e5 10:30\",\"comment\":\"\",\"extra\":\"huangzijie\",\"read\":\"1\",\"efforted\":\"0\",\"objectName\":\"\\u3010VDI\\u4e2a\\u4eba\\u684c\\u9762\\u3011\\u79fb\\u52a8\\u81f3\\u5df2\\u7ecf\\u652f\\u6301\\u672c\\u5730\\u5b58\\u50a8\\u4e0e\\u8fdc\\u7aef\\u5b58\\u50a8\\uff0c\\u76f8\\u5173\\u63d0\\u793a\\u4fe1\\u606f\\u8bf7\\u4fee\\u6539\",\"originalDate\":\"2020-12-02 10:30:07\",\"actionLabel\":\"\\u6307\\u6d3e\\u4e86\",\"objectLabel\":\"Bug\",\"objectLink\":\"\\\/zentao\\\/bug-view-20704.json\",\"major\":1,\"time\":\"10:30\"},{\"id\":\"389661\",\"objectType\":\"bug\",\"objectID\":\"20710\",\"product\":\",12,\",\"project\":\"405\",\"actor\":\"zhangyao\",\"action\":\"assigned\",\"date\":\"12\\u670802\\u65e5 10:27\",\"comment\":\"\\u5b9e\\u9645\\u6d4b\\u8bd5\\u53d1\\u73b0\\uff0c\\u4ec5\\u4ec5\\u5b89\\u88c5\\u540e\\u9996\\u6b21\\u4f1a\\u51fa\\u73b0\\uff0c\\u4e4b\\u540e\\u6bcf\\u6b21\\u91cd\\u542f\\u90fd\\u662f\\u6b63\\u5e38\\u7684\\uff0c\\u5efa\\u8bae\\u653e\\u5728 5.3.0 \\u89e3\\u51b3\",\"extra\":\"yuanyang\",\"read\":\"1\",\"efforted\":\"0\",\"objectName\":\"\\u3010\\u6a21\\u677f\\u3011-\\u5fc5\\u73b0-\\u5b89\\u88c5\\u5b8cVOI client\\u7684\\u6a21\\u677f\\u4fdd\\u5b58\\u540e\\u7b2c\\u4e00\\u6b21\\u91cd\\u542f\\u8fdb\\u7cfb\\u7edf\\u540e\\u6a21\\u677f\\u865a\\u62df\\u673a\\u5206\\u8fa8\\u7387\\u6ca1\\u6709\\u81ea\\u9002\\u5e94\",\"originalDate\":\"2020-12-02 10:27:46\",\"actionLabel\":\"\\u6307\\u6d3e\\u4e86\",\"objectLabel\":\"Bug\",\"objectLink\":\"\\\/zentao\\\/bug-view-20710.json\",\"major\":1,\"time\":\"10:27\"}],\"11\\u670826\\u65e5\":[{\"id\":\"386848\",\"objectType\":\"bug\",\"objectID\":\"20539\",\"product\":\",12,\",\"project\":\"405\",\"actor\":\"zhangyao\",\"action\":\"resolved\",\"date\":\"11\\u670826\\u65e5 17:33\",\"comment\":\"\",\"extra\":\"external\",\"read\":\"0\",\"efforted\":\"0\",\"objectName\":\"\\u3010\\u57df\\u5e10\\u53f7\\u3011\\u3010\\u9700\\u6c42\\u5339\\u914d6520\\u3011\\u57df\\u5e10\\u53f7\\u4e0d\\u5141\\u8bb8\\u5728\\u7ba1\\u7406\\u53f0\\u4fee\\u6539\\u5bc6\\u7801\\uff0c\\u6ca1\\u6709\\u6309\\u9700\\u6c42\\u7ed9\\u51fa\\u63d0\\u793a\\u4fe1\\u606f\",\"originalDate\":\"2020-11-26 17:33:26\",\"actionLabel\":\"\\u89e3\\u51b3\\u4e86\",\"objectLabel\":\"Bug\",\"objectLink\":\"\\\/zentao\\\/bug-view-20539.json\",\"major\":1,\"time\":\"17:33\"},{\"id\":\"386328\",\"objectType\":\"bug\",\"objectID\":\"20533\",\"product\":\",12,\",\"project\":\"405\",\"actor\":\"zhangyao\",\"action\":\"assigned\",\"date\":\"11\\u670826\\u65e5 15:22\",\"comment\":\"1006 \\u8868\\u793a\\u670d\\u52a1\\u5668\\u4e3b\\u52a8\\u65ad\\u5f00\\u4e86 websocket \\u8fde\\u63a5\\uff0c\\u5efa\\u8bae\\u6301\\u7eed\\u8ddf\\u8e2a\",\"extra\":\"lihui\",\"read\":\"1\",\"efforted\":\"0\",\"objectName\":\"\\u3010web\\u767b\\u5f55\\u684c\\u9762\\u3011web\\u767b\\u5f55\\u4e2a\\u4eba\\u684c\\u9762\\u9759\\u7f6e30\\u5206\\u949f\\u5de6\\u53f3\\u4f1a\\u81ea\\u52a8\\u6389\\u7ebf\\u3002\",\"originalDate\":\"2020-11-26 15:22:54\",\"actionLabel\":\"\\u6307\\u6d3e\\u4e86\",\"objectLabel\":\"Bug\",\"objectLink\":\"\\\/zentao\\\/bug-view-20533.json\",\"major\":1,\"time\":\"15:22\"},{\"id\":\"386310\",\"objectType\":\"bug\",\"objectID\":\"20591\",\"product\":\",12,\",\"project\":\"405\",\"actor\":\"zhangyao\",\"action\":\"assigned\",\"date\":\"11\\u670826\\u65e5 15:13\",\"comment\":\"<p>\\r\\n\\t\\u6b64\\u524d\\u8ddf\\u8e2a&nbsp;<a href=\\\"\\\/zentao\\\/bug-view-19922.html\\\">BUG #19922 \\u3010\\u6d4f\\u89c8\\u5668\\u517c\\u5bb9\\u3011360\\u6781\\u901f\\u6d4f\\u89c8\\u5668web\\u7aef\\uff0c\\u767b\\u5f55\\u4e2a\\u4eba\\u684c\\u9762\\u540e\\u5207\\u6362tab\\u9875\\u6216\\u8005\\u6700\\u5c0f\\u5316\\u7a97\\u53e3\\u8fc7\\u4e00\\u4f1a\\u518d\\u6253\\u5f00\\u4f1a\\u51fa\\u73b0\\u754c\\u9762\\u767d\\u5c4f\\uff0c\\u9700\\u8981\\u591a\\u6b21\\u5237\\u65b0\\u6d4f\\u89c8\\u5668\\u6062\\u590d - \\u684c\\u9762\\u4e91\\u878d\\u5408\\u67b6\\u6784 - \\u7985\\u9053<\\\/a>&nbsp;\\u65f6\\uff0c\\u6302\\u673a\\u4e86\\u5f88\\u591a\\u6b64\\uff0c\\u5747\\u672a\\u51fa\\u73b0\\u6b64\\u73b0\\u8c61\\u3002\\r\\n<\\\/p>\\r\\n<p>\\r\\n\\t\\u5efa\\u8bae\\u8ddf\\u8e2a\\uff0c\\u5e76\\u7ed9\\u51fa\\u95ee\\u9898\\u51fa\\u73b0\\u65f6\\u5f53\\u524d\\u7cfb\\u7edf\\u6d3b\\u52a8\\u7684\\u5e94\\u7528\\u7a0b\\u5e8f\\uff0c\\u662f\\u5426\\u4f1a\\u6709\\u5bfc\\u81f4\\u5f53\\u524d\\u7cfb\\u7edf\\u8017\\u8d39\\u5927\\u91cf\\u5185\\u5b58\\u7684\\u60c5\\u51b5\\u3002\\r\\n<\\\/p>\\r\\n<p>\\r\\n\\t\\u53e6\\u5916\\uff0c\\u6302\\u673a\\u524d\\uff0c\\u5efa\\u8bae\\u6253\\u5f00\\u6d4f\\u89c8\\u5668\\u81ea\\u5e26\\u7684\\u5de5\\u5177\\u786e\\u8ba4\\u6d4f\\u89c8\\u5668\\u5f53\\u524d tab \\u9875\\u6ca1\\u6709\\u9891\\u7e41\\u7684 cpu\\uff0c gpu \\u4f7f\\u7528\\u7387\\u3002\\r\\n<\\\/p>\\r\\n<p>\\r\\n\\t<img src=\\\"{48793.png}\\\" alt=\\\"\\\" \\\/>\\r\\n<\\\/p>\\r\\n<p>\\r\\n\\t<br \\\/>\\r\\n<\\\/p>\\r\\n<p>\\r\\n\\t\\u5982\\u82e5\\u6b64\\u95ee\\u9898\\u4f9d\\u7136\\u53d1\\u751f\\uff0c\\u8bf7\\u7ed9\\u51fa\\u76f8\\u5173\\u4fe1\\u606f\\u5e76\\u6307\\u6d3e\\u7ed9\\u6211\\r\\n<\\\/p>\",\"extra\":\"zhengzhendi\",\"read\":\"1\",\"efforted\":\"0\",\"objectName\":\"\\u3010\\u6559\\u5b66\\u6a21\\u677f\\u3011webspice\\u8fde\\u63a5\\u6559\\u5b66\\u6a21\\u677f\\u6302\\u673a\\u4e00\\u665a\\uff0c\\u65e0\\u4efb\\u4f55\\u684c\\u9762\\u5185\\u64cd\\u4f5c\\uff0c\\u6d4f\\u89c8\\u5668\\u62a5\\u9519\\u5185\\u5b58\\u4e0d\\u8db3\",\"originalDate\":\"2020-11-26 15:13:36\",\"actionLabel\":\"\\u6307\\u6d3e\\u4e86\",\"objectLabel\":\"Bug\",\"objectLink\":\"\\\/zentao\\\/bug-view-20591.json\",\"major\":1,\"time\":\"15:13\"},{\"id\":\"386302\",\"objectType\":\"bug\",\"objectID\":\"20539\",\"product\":\",12,\",\"project\":\"405\",\"actor\":\"zhangyao\",\"action\":\"assigned\",\"date\":\"11\\u670826\\u65e5 15:02\",\"comment\":\"\\u8bbe\\u8ba1\\u5982\\u6b64\\uff0c\\u5982\\u540e\\u7aef\\u529f\\u80fd\\u672a\\u5b9e\\u73b0\\u8bf7\\u6307\\u6d3e\\u7ed9\\u540e\\u7aef\\u7814\\u53d1\",\"extra\":\"zhengzhendi\",\"read\":\"1\",\"efforted\":\"0\",\"objectName\":\"\\u3010\\u57df\\u5e10\\u53f7\\u3011\\u3010\\u9700\\u6c42\\u5339\\u914d6520\\u3011\\u57df\\u5e10\\u53f7\\u4e0d\\u5141\\u8bb8\\u5728\\u7ba1\\u7406\\u53f0\\u4fee\\u6539\\u5bc6\\u7801\\uff0c\\u6ca1\\u6709\\u6309\\u9700\\u6c42\\u7ed9\\u51fa\\u63d0\\u793a\\u4fe1\\u606f\",\"originalDate\":\"2020-11-26 15:02:39\",\"actionLabel\":\"\\u6307\\u6d3e\\u4e86\",\"objectLabel\":\"Bug\",\"objectLink\":\"\\\/zentao\\\/bug-view-20539.json\",\"major\":1,\"time\":\"15:02\"},{\"id\":\"386245\",\"objectType\":\"bug\",\"objectID\":\"20589\",\"product\":\",12,\",\"project\":\"405\",\"actor\":\"zhangyao\",\"action\":\"assigned\",\"date\":\"11\\u670826\\u65e5 14:25\",\"comment\":\"\\u4e4b\\u524d\\u66f9\\u632f\\u7ed9\\u4f60\\u8f6c\\u4e86\\u4e00\\u4e2a\\u4e00\\u6837\\u7684BUG\\uff0c\\u6211\\u7ed9\\u4e86\\u89e3\\u51b3\\u65b9\\u6848\\uff0c\\u4f46\\u9700\\u8981\\u989d\\u5916\\u7684\\u652f\\u6301\",\"extra\":\"yuanyang\",\"read\":\"1\",\"efforted\":\"0\",\"objectName\":\"\\u3010uos\\u3011uos\\u7cfb\\u7edf\\u5b89\\u88c5\\u7cfb\\u7edf\\u521d\\u59cb\\u5316\\u754c\\u9762\\u8f93\\u5165\\u5bc6\\u7801\\u6846\\u65f6\\uff0c\\u6570\\u5b57\\u952e\\u529f\\u80fd\\u5199\\u53cd\\uff0c\\u6570\\u5b57\\u952e\\u5f00\\u542f\\u65f6\\u65e0\\u6cd5\\u8f93\\u5165\\uff0c\\u5173\\u95ed\\u65f6\\u53ef\\u4ee5\\u8f93\\u5165\\u3002\",\"originalDate\":\"2020-11-26 14:25:42\",\"actionLabel\":\"\\u6307\\u6d3e\\u4e86\",\"objectLabel\":\"Bug\",\"objectLink\":\"\\\/zentao\\\/bug-view-20589.json\",\"major\":1,\"time\":\"14:25\"}],\"11\\u670825\\u65e5\":[{\"id\":\"385939\",\"objectType\":\"bug\",\"objectID\":\"20533\",\"product\":\",12,\",\"project\":\"405\",\"actor\":\"zhangyao\",\"action\":\"commented\",\"date\":\"11\\u670825\\u65e5 18:07\",\"comment\":\"\\u7c7b\\u4f3c\\u7684BUG\\uff1a<a href=\\\"\\\/zentao\\\/bug-view-19922.html\\\">BUG #19922 \\u3010\\u6d4f\\u89c8\\u5668\\u517c\\u5bb9\\u3011360\\u6781\\u901f\\u6d4f\\u89c8\\u5668web\\u7aef\\uff0c\\u767b\\u5f55\\u4e2a\\u4eba\\u684c\\u9762\\u540e\\u5207\\u6362tab\\u9875\\u6216\\u8005\\u6700\\u5c0f\\u5316\\u7a97\\u53e3\\u8fc7\\u4e00\\u4f1a\\u518d\\u6253\\u5f00\\u4f1a\\u51fa\\u73b0\\u754c\\u9762\\u767d\\u5c4f\\uff0c\\u9700\\u8981\\u591a\\u6b21\\u5237\\u65b0\\u6d4f\\u89c8\\u5668\\u6062\\u590d - \\u684c\\u9762\\u4e91\\u878d\\u5408\\u67b6\\u6784 - \\u7985\\u9053<\\\/a>\",\"extra\":\"\",\"read\":\"1\",\"efforted\":\"0\",\"objectName\":\"\\u3010web\\u767b\\u5f55\\u684c\\u9762\\u3011web\\u767b\\u5f55\\u4e2a\\u4eba\\u684c\\u9762\\u9759\\u7f6e30\\u5206\\u949f\\u5de6\\u53f3\\u4f1a\\u81ea\\u52a8\\u6389\\u7ebf\\u3002\",\"originalDate\":\"2020-11-25 18:07:18\",\"actionLabel\":\"\\u8bc4\\u8bba\\u4e86\",\"objectLabel\":\"Bug\",\"objectLink\":\"\\\/zentao\\\/bug-view-20533.json\",\"major\":0,\"time\":\"18:07\"},{\"id\":\"385934\",\"objectType\":\"bug\",\"objectID\":\"20533\",\"product\":\",12,\",\"project\":\"405\",\"actor\":\"zhangyao\",\"action\":\"activated\",\"date\":\"11\\u670825\\u65e5 18:03\",\"comment\":\"\\u4e4b\\u524d\\u7530\\u6021\\u6587\\u64cd\\u4f5c\\u9519\\u8bef\\uff0c\\u6b64\\u6b21\\u6fc0\\u6d3b\\u8fd8\\u539fBUG\\u72b6\\u6001\",\"extra\":\"\",\"read\":\"1\",\"efforted\":\"0\",\"objectName\":\"\\u3010web\\u767b\\u5f55\\u684c\\u9762\\u3011web\\u767b\\u5f55\\u4e2a\\u4eba\\u684c\\u9762\\u9759\\u7f6e30\\u5206\\u949f\\u5de6\\u53f3\\u4f1a\\u81ea\\u52a8\\u6389\\u7ebf\\u3002\",\"originalDate\":\"2020-11-25 18:03:32\",\"actionLabel\":\"\\u6fc0\\u6d3b\\u4e86\",\"objectLabel\":\"Bug\",\"objectLink\":\"\\\/zentao\\\/bug-view-20533.json\",\"major\":0,\"time\":\"18:03\"},{\"id\":\"385905\",\"objectType\":\"bug\",\"objectID\":\"20530\",\"product\":\",12,\",\"project\":\"405\",\"actor\":\"zhangyao\",\"action\":\"assigned\",\"date\":\"11\\u670825\\u65e5 17:47\",\"comment\":\"\",\"extra\":\"tianyiwen\",\"read\":\"1\",\"efforted\":\"0\",\"objectName\":\"\\u3010\\u6388\\u6743\\u70b9\\u6570\\u3011\\u7528360\\u6d4f\\u89c8\\u5668web\\u7aef\\u8fde\\u684c\\u9762\\uff0c\\u6388\\u6743\\u70b9\\u6570\\u6b63\\u5e38\\u52a01\\uff0c\\u9759\\u7f6e3\\u5206\\u949f\\u540e\\uff0c\\u684c\\u9762\\u6b63\\u5e38\\u7684\\u60c5\\u51b5\\u4e0b\\uff0c\\u6388\\u6743\\u70b9\\u6570\\u88ab\\u91ca\\u653e\\u81ea\\u52a8\\u51cf1\\u3002\",\"originalDate\":\"2020-11-25 17:47:49\",\"actionLabel\":\"\\u6307\\u6d3e\\u4e86\",\"objectLabel\":\"Bug\",\"objectLink\":\"\\\/zentao\\\/bug-view-20530.json\",\"major\":1,\"time\":\"17:47\"}],\"10\\u670814\\u65e5\":[{\"id\":\"376309\",\"objectType\":\"bug\",\"objectID\":\"16550\",\"product\":\",12,\",\"project\":\"383\",\"actor\":\"zhangyao\",\"action\":\"assigned\",\"date\":\"10\\u670814\\u65e5 17:43\",\"comment\":\"<p>\\r\\n\\t\\u6b64BUG\\u7684\\u6838\\u5fc3\\u539f\\u56e0\\u662f\\u7528\\u6237\\u673a\\u5668\\u4e0a CapsLock \\u6309\\u952e\\u548c\\u865a\\u62df\\u673a\\u91cc\\u9762 CapsLock \\u6309\\u952e\\u72b6\\u6001\\u4e0d\\u4e00\\u81f4\\u3002\\r\\n<\\\/p>\\r\\n<p>\\r\\n\\t\\u7531\\u4e8e\\u524d\\u7aef\\u65e0\\u6cd5\\u5f97\\u77e5\\u865a\\u62df\\u673a\\u91cc\\u9762 CapsLock \\u7684\\u72b6\\u6001\\uff0c\\u6240\\u4ee5\\u65e0\\u6cd5\\u76f4\\u63a5\\u89e3\\u51b3\\uff0c\\u9700\\u8981\\u76f8\\u5173\\u5f00\\u53d1\\u7684\\u914d\\u5408\\u3002\\r\\n<\\\/p>\\r\\n<p>\\r\\n\\t\\u53ef\\u80fd\\u7684\\u89e3\\u51b3\\u65b9\\u6cd5\\uff1a\\r\\n<\\\/p>\\r\\n<p>\\r\\n\\t1. \\u63d0\\u4f9b\\u72b6\\u6001\\u540c\\u6b65\\u673a\\u5236\\uff0c\\u7531\\u524d\\u7aef\\u53d1\\u9001\\u7528\\u6237\\u673a\\u5668\\u4e0a\\u7684 CapsLock \\u7ed9 vdagent\\uff0cvdagent \\u66f4\\u65b0\\u865a\\u62df\\u673a\\u91cc\\u9762\\u7684 CapsLock\\r\\n<\\\/p>\\r\\n<p>\\r\\n\\t2. \\u5ffd\\u7565\\u5c0f\\u952e\\u76d8\\u6d88\\u606f\\r\\n<\\\/p>\\r\\n<p>\\r\\n\\t\\u4ea7\\u54c1\\u786e\\u5b9a\\u4e00\\u4e0b\\u662f\\u5426\\u8981\\u4fee\\u6539\\uff0c\\u5982\\u679c\\u9009\\u62e9 1 \\u9700\\u8981\\u5c0f\\u864e\\u589e\\u52a0\\u65b0\\u7684 spice \\u6d88\\u606f\\uff1b\\u5982\\u679c\\u9009\\u62e9 2 \\u524d\\u7aef\\u5c06\\u5c4f\\u853d\\u6240\\u6709\\u5c0f\\u952e\\u76d8\\u6d88\\u606f\\r\\n<\\\/p>\",\"extra\":\"caozhen\",\"read\":\"1\",\"efforted\":\"0\",\"objectName\":\"\\u3010web\\u7aef\\u3011webspice\\u8fde\\u63a5\\u865a\\u62df\\u673a\\uff0c\\u5c0f\\u952e\\u76d8\\u9501\\u662f\\u53cd\\u8fc7\\u6765\\u7684\",\"originalDate\":\"2020-10-14 17:43:01\",\"actionLabel\":\"\\u6307\\u6d3e\\u4e86\",\"objectLabel\":\"Bug\",\"objectLink\":\"\\\/zentao\\\/bug-view-16550.json\",\"major\":1,\"time\":\"17:43\"}],\"7\\u670830\\u65e5\":[{\"id\":\"358201\",\"objectType\":\"bug\",\"objectID\":\"18760\",\"product\":\",12,\",\"project\":\"392\",\"actor\":\"zhangyao\",\"action\":\"assigned\",\"date\":\"7\\u670830\\u65e5 17:57\",\"comment\":\"\",\"extra\":\"huangzijie\",\"read\":\"1\",\"efforted\":\"0\",\"objectName\":\"\\u3010\\u56fd\\u4ea7\\u5316-\\u684c\\u9762\\u3011-\\u94f6\\u6cb3\\u9e92\\u9e9f\\u548cUOS\\u64cd\\u4f5c\\u7cfb\\u7edf\\u7684\\u684c\\u9762\\u91cd\\u542f\\u8fd8\\u539f\\u4e0d\\u751f\\u6548\",\"originalDate\":\"2020-07-30 17:57:23\",\"actionLabel\":\"\\u6307\\u6d3e\\u4e86\",\"objectLabel\":\"Bug\",\"objectLink\":\"\\\/zentao\\\/bug-view-18760.json\",\"major\":1,\"time\":\"17:57\"}],\"7\\u670828\\u65e5\":[{\"id\":\"357337\",\"objectType\":\"bug\",\"objectID\":\"18658\",\"product\":\",12,\",\"project\":\"392\",\"actor\":\"zhangyao\",\"action\":\"assigned\",\"date\":\"7\\u670828\\u65e5 19:50\",\"comment\":\"<p>\\r\\n\\t\\u5c0f\\u864e\\u770b\\u4e00\\u4e0b\\uff0c\\u6211\\u8fd9\\u8fb9\\u7684\\u6253\\u5370\\u7ed3\\u679c\\u5982\\u4e0b\\uff1a\\r\\n<\\\/p>\\r\\n<p>\\r\\n\\t<img src=\\\"{43574.png}\\\" alt=\\\"\\\" \\\/>\\r\\n<\\\/p>\",\"extra\":\"chenxiaohu\",\"read\":\"1\",\"efforted\":\"0\",\"objectName\":\"\\u3010\\u56fd\\u4ea7\\u5316-VOI\\u6a21\\u677f\\u3011VOI\\u6a21\\u677f\\u63a7\\u5236\\u53f0\\u5185\\u9f20\\u6807\\u53f3\\u952e\\u70b9\\u51fb\\u684c\\u9762\\u968f\\u673a\\u51fa\\u73b0\\u9ed1\\u5c4f\\u6216\\u65e0\\u54cd\\u5e94\",\"originalDate\":\"2020-07-28 19:50:18\",\"actionLabel\":\"\\u6307\\u6d3e\\u4e86\",\"objectLabel\":\"Bug\",\"objectLink\":\"\\\/zentao\\\/bug-view-18658.json\",\"major\":1,\"time\":\"19:50\"}],\"7\\u670810\\u65e5\":[{\"id\":\"352357\",\"objectType\":\"bug\",\"objectID\":\"18296\",\"product\":\",12,\",\"project\":\"405\",\"actor\":\"zhangyao\",\"action\":\"assigned\",\"date\":\"7\\u670810\\u65e5 18:05\",\"comment\":\"\",\"extra\":\"huangzijie\",\"read\":\"1\",\"efforted\":\"0\",\"objectName\":\"\\u3010\\u6a21\\u677f\\u3011-\\u5efa\\u8bae-x86\\u7248\\u672c\\u7684\\u670d\\u52a1\\u5668\\u7684UOS\\u6a21\\u677f\\u7684\\u56fe\\u6807\\u548c\\u56fd\\u4ea7\\u5316\\u7248\\u672c\\u4e0d\\u4e00\\u6837\",\"originalDate\":\"2020-07-10 18:05:13\",\"actionLabel\":\"\\u6307\\u6d3e\\u4e86\",\"objectLabel\":\"Bug\",\"objectLink\":\"\\\/zentao\\\/bug-view-18296.json\",\"major\":1,\"time\":\"18:05\"}],\"7\\u67088\\u65e5\":[{\"id\":\"351757\",\"objectType\":\"bug\",\"objectID\":\"18264\",\"product\":\",12,\",\"project\":\"405\",\"actor\":\"zhangyao\",\"action\":\"resolved\",\"date\":\"7\\u670808\\u65e5 17:26\",\"comment\":\"\",\"extra\":\"fixed\",\"read\":\"1\",\"efforted\":\"0\",\"objectName\":\"\\u3010linux\\u7aef-5.1.4-4\\u3011\\u4f7f\\u7528\\u4f18\\u9177\\u3001\\u7231\\u5947\\u827a\\u548c\\u817e\\u8baf\\u89c6\\u9891\\u7f51\\u7ad9\\u64ad\\u653e\\u7f51\\u9875\\u89c6\\u9891\\u91cd\\u5b9a\\u5411\\uff0c\\u5173\\u6389\\u6d4f\\u89c8\\u5668\\u7a97\\u53e3\\uff0c\\u518d\\u91cd\\u65b0\\u6253\\u5f00\\u6d4f\\u89c8\\u5668\\uff0c\\u663e\\u793a\\u4e86\\u91cd\\u5b9a\\u5411\\u767d\\u5c4f\\u7a97\\u53e3\",\"originalDate\":\"2020-07-08 17:26:29\",\"actionLabel\":\"\\u89e3\\u51b3\\u4e86\",\"objectLabel\":\"Bug\",\"objectLink\":\"\\\/zentao\\\/bug-view-18264.json\",\"major\":1,\"time\":\"17:26\"}],\"7\\u67087\\u65e5\":[{\"id\":\"351499\",\"objectType\":\"bug\",\"objectID\":\"18032\",\"product\":\",12,\",\"project\":\"405\",\"actor\":\"zhangyao\",\"action\":\"resolved\",\"date\":\"7\\u670807\\u65e5 19:00\",\"comment\":\"\",\"extra\":\"fixed\",\"read\":\"0\",\"efforted\":\"0\",\"objectName\":\"\\u3010linux\\u7aef-5.1.4-4\\u3011\\u3010\\u9ad8\\u6982\\u7387\\u3011\\u4f7f\\u7528\\u4f18\\u9177\\u89c6\\u9891\\u7f51\\u7ad9\\u64ad\\u653e\\u7f51\\u9875\\u89c6\\u9891\\u91cd\\u5b9a\\u5411\\u8fc7\\u7a0b\\u4e2d\\uff0c\\u91cd\\u5b9a\\u5411\\u81ea\\u52a8\\u9000\\u51fa\",\"originalDate\":\"2020-07-07 19:00:56\",\"actionLabel\":\"\\u89e3\\u51b3\\u4e86\",\"objectLabel\":\"Bug\",\"objectLink\":\"\\\/zentao\\\/bug-view-18032.json\",\"major\":1,\"time\":\"19:00\"},{\"id\":\"351448\",\"objectType\":\"bug\",\"objectID\":\"18264\",\"product\":\",12,\",\"project\":\"405\",\"actor\":\"zhangyao\",\"action\":\"assigned\",\"date\":\"7\\u670807\\u65e5 15:23\",\"comment\":\"<p>\\r\\n\\t\\u53c2\\u8003\\uff1a<a href=\\\"\\\/zentao\\\/bug-view-18034.html\\\" target=\\\"_blank\\\">18034<\\\/a>\\r\\n<\\\/p>\\r\\n<p>\\r\\n\\t\\u4e4b\\u524d\\u4fee\\u6539 18034 \\u7684\\u65f6\\u5019\\uff0c\\u653e\\u5f00\\u4e86\\u5bf9\\u7a7a\\u5730\\u5740\\uff1a about:blank \\u7684\\u9650\\u5236\\u3002\\u4e4b\\u524d\\u653e\\u5f00\\u540e\\uff0c\\u4e5f\\u6b63\\u5e38\\u5de5\\u4f5c\\u4e86\\uff0c\\u76ee\\u524d\\u518d\\u6253\\u5f00 about:blank \\u76f8\\u5173\\u7684\\u5730\\u5740\\u65f6\\uff0c\\u76f4\\u63a5\\u6253\\u4e0d\\u5f00\\u4e86\\u3002\\u4e2a\\u4eba\\u8ba4\\u4e3a\\u662f\\u7f51\\u7edc\\u539f\\u56e0\\u3002\\r\\n<\\\/p>\\r\\n<p>\\r\\n\\t\\u4ea7\\u54c1\\u51b3\\u5b9a\\u4e00\\u4e0b\\u662f\\u5426\\u9700\\u8981\\u4fee\\u6539\\uff0c\\u5e76\\u5bf9\\u8fd9\\u4e24\\u4e2abug\\u8fdb\\u884c\\u53d6\\u820d\\u4e00\\u4e0b\\u3002\\r\\n<\\\/p>\\r\\n<p>\\r\\n\\t<br \\\/>\\r\\n<\\\/p>\",\"extra\":\"yuanyang\",\"read\":\"1\",\"efforted\":\"0\",\"objectName\":\"\\u3010linux\\u7aef-5.1.4-4\\u3011\\u4f7f\\u7528\\u4f18\\u9177\\u3001\\u7231\\u5947\\u827a\\u548c\\u817e\\u8baf\\u89c6\\u9891\\u7f51\\u7ad9\\u64ad\\u653e\\u7f51\\u9875\\u89c6\\u9891\\u91cd\\u5b9a\\u5411\\uff0c\\u5173\\u6389\\u6d4f\\u89c8\\u5668\\u7a97\\u53e3\\uff0c\\u518d\\u91cd\\u65b0\\u6253\\u5f00\\u6d4f\\u89c8\\u5668\\uff0c\\u663e\\u793a\\u4e86\\u91cd\\u5b9a\\u5411\\u767d\\u5c4f\\u7a97\\u53e3\",\"originalDate\":\"2020-07-07 15:23:24\",\"actionLabel\":\"\\u6307\\u6d3e\\u4e86\",\"objectLabel\":\"Bug\",\"objectLink\":\"\\\/zentao\\\/bug-view-18264.json\",\"major\":1,\"time\":\"15:23\"},{\"id\":\"351391\",\"objectType\":\"bug\",\"objectID\":\"18032\",\"product\":\",12,\",\"project\":\"405\",\"actor\":\"zhangyao\",\"action\":\"assigned\",\"date\":\"7\\u670807\\u65e5 10:48\",\"comment\":\"\\u7ee7\\u7eed\\u8ddf\\u8e2a\\u6682\\u672a\\u590d\\u73b0\",\"extra\":\"zhengzhendi\",\"read\":\"1\",\"efforted\":\"0\",\"objectName\":\"\\u3010linux\\u7aef-5.1.4-4\\u3011\\u3010\\u9ad8\\u6982\\u7387\\u3011\\u4f7f\\u7528\\u4f18\\u9177\\u89c6\\u9891\\u7f51\\u7ad9\\u64ad\\u653e\\u7f51\\u9875\\u89c6\\u9891\\u91cd\\u5b9a\\u5411\\u8fc7\\u7a0b\\u4e2d\\uff0c\\u91cd\\u5b9a\\u5411\\u81ea\\u52a8\\u9000\\u51fa\",\"originalDate\":\"2020-07-07 10:48:45\",\"actionLabel\":\"\\u6307\\u6d3e\\u4e86\",\"objectLabel\":\"Bug\",\"objectLink\":\"\\\/zentao\\\/bug-view-18032.json\",\"major\":1,\"time\":\"10:48\"}],\"7\\u67086\\u65e5\":[{\"id\":\"351261\",\"objectType\":\"bug\",\"objectID\":\"18257\",\"product\":\",12,\",\"project\":\"405\",\"actor\":\"zhangyao\",\"action\":\"assigned\",\"date\":\"7\\u670806\\u65e5 19:04\",\"comment\":\"\\u5b9e\\u9645\\u7f29\\u5c0f\\u6548\\u679c\\u8fd8\\u597d\\uff0c\\u4e3b\\u8981\\u662f\\u653e\\u5927\\uff0c\\u611f\\u89c9\\u4f1a\\u7a0d\\u5fae\\u6709\\u4e00\\u4e9b\\u6162\\uff0c\\u8fd9\\u4e2a\\u95ee\\u9898\\u548c\\u7f29\\u5c0f\\u662f\\u5dee\\u4e0d\\u591a\\u7684\\uff0c\\u4f46\\u539f\\u56e0\\u6682\\u65f6\\u4e0d\\u8be6\\uff0c\\u53ef\\u80fd\\u662f\\u7f51\\u7edc\\u95ee\\u9898\\uff0c\\u5efa\\u8bae\\u5148\\u5ef6\\u671f\",\"extra\":\"yuanyang\",\"read\":\"1\",\"efforted\":\"0\",\"objectName\":\"\\u3010linux\\u7aef-5.1.4-4\\u3011\\u4f7f\\u7528\\u4f18\\u9177\\u89c6\\u9891\\u7f51\\u7ad9\\u64ad\\u653e\\u7f51\\u9875\\u89c6\\u9891\\u91cd\\u5b9a\\u5411\\u8fc7\\u7a0b\\u4e2d\\uff0c\\u653e\\u5927\\u6d4f\\u89c8\\u5668\\u7a97\\u53e3\\uff0c\\u91cd\\u5b9a\\u5411\\u753b\\u9762\\u8ddf\\u968f\\u7f13\\u6162\",\"originalDate\":\"2020-07-06 19:04:22\",\"actionLabel\":\"\\u6307\\u6d3e\\u4e86\",\"objectLabel\":\"Bug\",\"objectLink\":\"\\\/zentao\\\/bug-view-18257.json\",\"major\":1,\"time\":\"19:04\"},{\"id\":\"351259\",\"objectType\":\"bug\",\"objectID\":\"18256\",\"product\":\",12,\",\"project\":\"405\",\"actor\":\"zhangyao\",\"action\":\"resolved\",\"date\":\"7\\u670806\\u65e5 19:01\",\"comment\":\"\",\"extra\":\"fixed\",\"read\":\"0\",\"efforted\":\"0\",\"objectName\":\"\\u3010linux\\u7aef-5.1.4-4\\u3011\\u4f7f\\u7528\\u4f18\\u9177\\u3001\\u7231\\u5947\\u827a\\u548c\\u817e\\u8baf\\u89c6\\u9891\\u7f51\\u7ad9\\u64ad\\u653e\\u7f51\\u9875\\u89c6\\u9891\\u91cd\\u5b9a\\u5411\\u8fc7\\u7a0b\\u4e2d\\uff0c\\u70b9\\u51fb\\u5168\\u5c4f\\u540e\\u81ea\\u52a8\\u9000\\u56de\\u975e\\u5168\\u5c4f\",\"originalDate\":\"2020-07-06 19:01:15\",\"actionLabel\":\"\\u89e3\\u51b3\\u4e86\",\"objectLabel\":\"Bug\",\"objectLink\":\"\\\/zentao\\\/bug-view-18256.json\",\"major\":1,\"time\":\"19:01\"},{\"id\":\"351258\",\"objectType\":\"bug\",\"objectID\":\"18032\",\"product\":\",12,\",\"project\":\"405\",\"actor\":\"zhangyao\",\"action\":\"commented\",\"date\":\"7\\u670806\\u65e5 19:00\",\"comment\":\"\\u4eca\\u5929\\u7ee7\\u7eed\\u8ddf\\u8e2a\\uff0c\\u6682\\u672a\\u53d1\\u73b0\",\"extra\":\"\",\"read\":\"1\",\"efforted\":\"0\",\"objectName\":\"\\u3010linux\\u7aef-5.1.4-4\\u3011\\u3010\\u9ad8\\u6982\\u7387\\u3011\\u4f7f\\u7528\\u4f18\\u9177\\u89c6\\u9891\\u7f51\\u7ad9\\u64ad\\u653e\\u7f51\\u9875\\u89c6\\u9891\\u91cd\\u5b9a\\u5411\\u8fc7\\u7a0b\\u4e2d\\uff0c\\u91cd\\u5b9a\\u5411\\u81ea\\u52a8\\u9000\\u51fa\",\"originalDate\":\"2020-07-06 19:00:45\",\"actionLabel\":\"\\u8bc4\\u8bba\\u4e86\",\"objectLabel\":\"Bug\",\"objectLink\":\"\\\/zentao\\\/bug-view-18032.json\",\"major\":0,\"time\":\"19:00\"}],\"7\\u67083\\u65e5\":[{\"id\":\"350846\",\"objectType\":\"bug\",\"objectID\":\"18128\",\"product\":\",12,\",\"project\":\"392\",\"actor\":\"zhangyao\",\"action\":\"assigned\",\"date\":\"7\\u670803\\u65e5 14:14\",\"comment\":\"\",\"extra\":\"tianyiwen\",\"read\":\"1\",\"efforted\":\"0\",\"objectName\":\"\\u3010\\u56fd\\u4ea7\\u5316-\\u684c\\u9762\\u5b9a\\u65f6\\u5f00\\u5173\\u673a\\u3011\\u9009\\u4e2d\\u4e00\\u6761\\u5f00\\u5173\\u673a\\u89c4\\u5219\\uff0c\\u5c06\\u63cf\\u8ff0\\u8f93\\u516530\\u4e2a\\u5b57\\u7b26\\u540e\\uff0c\\u754c\\u9762\\u5e03\\u5c40\\u53d1\\u751f\\u53d8\\u5316\\uff0c\\u754c\\u9762\\u4e0d\\u7f8e\\u89c2\",\"originalDate\":\"2020-07-03 14:14:00\",\"actionLabel\":\"\\u6307\\u6d3e\\u4e86\",\"objectLabel\":\"Bug\",\"objectLink\":\"\\\/zentao\\\/bug-view-18128.json\",\"major\":1,\"time\":\"14:14\"}],\"7\\u67082\\u65e5\":[{\"id\":\"350610\",\"objectType\":\"bug\",\"objectID\":\"18168\",\"product\":\",12,\",\"project\":\"405\",\"actor\":\"zhangyao\",\"action\":\"resolved\",\"date\":\"7\\u670802\\u65e5 19:16\",\"comment\":\"\",\"extra\":\"fixed\",\"read\":\"0\",\"efforted\":\"0\",\"objectName\":\"\\u3010linux\\u7aef-5.1.4-4\\u3011\\u3010\\u51fa\\u73b01\\u6b21\\u3011\\u4f7f\\u7528\\u4f18\\u9177\\u89c6\\u9891\\u7f51\\u7ad9\\u64ad\\u653e\\u7f51\\u9875\\u89c6\\u9891\\u91cd\\u5b9a\\u5411\\uff0c\\u53ea\\u6709\\u4e00\\u534a\\u9875\\u9762\\u91cd\\u5b9a\\u5411\\u6210\\u529f\",\"originalDate\":\"2020-07-02 19:16:25\",\"actionLabel\":\"\\u89e3\\u51b3\\u4e86\",\"objectLabel\":\"Bug\",\"objectLink\":\"\\\/zentao\\\/bug-view-18168.json\",\"major\":1,\"time\":\"19:16\"}],\"7\\u67081\\u65e5\":[{\"id\":\"350029\",\"objectType\":\"bug\",\"objectID\":\"18178\",\"product\":\",12,\",\"project\":\"392\",\"actor\":\"zhangyao\",\"action\":\"assigned\",\"date\":\"7\\u670801\\u65e5 16:14\",\"comment\":\"\",\"extra\":\"tianyiwen\",\"read\":\"1\",\"efforted\":\"0\",\"objectName\":\"\\u3010\\u56fd\\u4ea7\\u5316-\\u516c\\u5171\\u6a21\\u677f\\u3011\\u6a21\\u677f\\u6837\\u5f0f\\u95ee\\u9898\\uff0c\\u516c\\u5171\\u6a21\\u677f\\u6807\\u9898\\u8fc7\\u957f\\u4f1a\\u4e0echeckbox\\u91cd\\u53e0\\u3002\",\"originalDate\":\"2020-07-01 16:14:00\",\"actionLabel\":\"\\u6307\\u6d3e\\u4e86\",\"objectLabel\":\"Bug\",\"objectLink\":\"\\\/zentao\\\/bug-view-18178.json\",\"major\":1,\"time\":\"16:14\"}],\"6\\u670830\\u65e5\":[{\"id\":\"349715\",\"objectType\":\"bug\",\"objectID\":\"18168\",\"product\":\",12,\",\"project\":\"405\",\"actor\":\"zhangyao\",\"action\":\"commented\",\"date\":\"6\\u670830\\u65e5 18:31\",\"comment\":\"\\u660e\\u5929\\u53d1\\u589e\\u5f3a\\u7248\\u5fc3\\u8df3\\u7684\\u63d2\\u4ef6\",\"extra\":\"\",\"read\":\"1\",\"efforted\":\"0\",\"objectName\":\"\\u3010linux\\u7aef-5.1.4-4\\u3011\\u3010\\u51fa\\u73b01\\u6b21\\u3011\\u4f7f\\u7528\\u4f18\\u9177\\u89c6\\u9891\\u7f51\\u7ad9\\u64ad\\u653e\\u7f51\\u9875\\u89c6\\u9891\\u91cd\\u5b9a\\u5411\\uff0c\\u53ea\\u6709\\u4e00\\u534a\\u9875\\u9762\\u91cd\\u5b9a\\u5411\\u6210\\u529f\",\"originalDate\":\"2020-06-30 18:31:26\",\"actionLabel\":\"\\u8bc4\\u8bba\\u4e86\",\"objectLabel\":\"Bug\",\"objectLink\":\"\\\/zentao\\\/bug-view-18168.json\",\"major\":0,\"time\":\"18:31\"},{\"id\":\"349714\",\"objectType\":\"bug\",\"objectID\":\"18032\",\"product\":\",12,\",\"project\":\"405\",\"actor\":\"zhangyao\",\"action\":\"commented\",\"date\":\"6\\u670830\\u65e5 18:30\",\"comment\":\"\\u5df2\\u4ea4\\u4ed8\\u5c0f\\u864e\\u6253\\u5305\\uff0c\\u7b49\\u5f85\\u8ddf\\u8e2a\",\"extra\":\"\",\"read\":\"1\",\"efforted\":\"0\",\"objectName\":\"\\u3010linux\\u7aef-5.1.4-4\\u3011\\u3010\\u9ad8\\u6982\\u7387\\u3011\\u4f7f\\u7528\\u4f18\\u9177\\u89c6\\u9891\\u7f51\\u7ad9\\u64ad\\u653e\\u7f51\\u9875\\u89c6\\u9891\\u91cd\\u5b9a\\u5411\\u8fc7\\u7a0b\\u4e2d\\uff0c\\u91cd\\u5b9a\\u5411\\u81ea\\u52a8\\u9000\\u51fa\",\"originalDate\":\"2020-06-30 18:30:32\",\"actionLabel\":\"\\u8bc4\\u8bba\\u4e86\",\"objectLabel\":\"Bug\",\"objectLink\":\"\\\/zentao\\\/bug-view-18032.json\",\"major\":0,\"time\":\"18:30\"},{\"id\":\"349480\",\"objectType\":\"bug\",\"objectID\":\"18122\",\"product\":\",12,\",\"project\":\"392\",\"actor\":\"zhangyao\",\"action\":\"assigned\",\"date\":\"6\\u670830\\u65e5 10:57\",\"comment\":\"\\u6839\\u636e\\u9700\\u6c42\\u521b\\u5efa\\u4efb\\u52a1\\u5e76\\u89e3\\u51b3\\u6b64BUG\\uff0c\\u6b64BUG\\u53ef\\u4e0d\\u8ba1\\u5165\\u8003\\u6838\",\"extra\":\"tianyiwen\",\"read\":\"1\",\"efforted\":\"0\",\"objectName\":\"\\u3010\\u56fd\\u4ea7\\u5316-\\u684c\\u9762\\u3011\\u5efa\\u8bae\\u5c06\\u684c\\u9762\\u6a21\\u5757\\u4e2d\\u4fee\\u6539\\u8ba1\\u7b97\\u673a\\u540d\\u529f\\u80fd\\u5168\\u90e8\\u5c4f\\u853d\",\"originalDate\":\"2020-06-30 10:57:25\",\"actionLabel\":\"\\u6307\\u6d3e\\u4e86\",\"objectLabel\":\"Bug\",\"objectLink\":\"\\\/zentao\\\/bug-view-18122.json\",\"major\":1,\"time\":\"10:57\"},{\"id\":\"349453\",\"objectType\":\"bug\",\"objectID\":\"18044\",\"product\":\",12,\",\"project\":\"405\",\"actor\":\"zhangyao\",\"action\":\"assigned\",\"date\":\"6\\u670830\\u65e5 10:00\",\"comment\":\"\\u4f18\\u9177\\u7684\\u6837\\u5f0f\\u5b58\\u5728\\u517c\\u5bb9\\u6027\\u95ee\\u9898\",\"extra\":\"yuanyang\",\"read\":\"1\",\"efforted\":\"0\",\"objectName\":\"\\u3010linux\\u7aef-5.1.4-4\\u3011\\u4f7f\\u7528\\u4f18\\u9177\\u89c6\\u9891\\u7f51\\u7ad9\\u64ad\\u653e\\u7f51\\u9875\\u89c6\\u9891\\u91cd\\u5b9a\\u5411\\uff0c\\u9996\\u9875\\u90e8\\u5206\\u5b57\\u6bb5\\u663e\\u793a\\u4e0d\\u5168\",\"originalDate\":\"2020-06-30 10:00:31\",\"actionLabel\":\"\\u6307\\u6d3e\\u4e86\",\"objectLabel\":\"Bug\",\"objectLink\":\"\\\/zentao\\\/bug-view-18044.json\",\"major\":1,\"time\":\"10:00\"},{\"id\":\"349452\",\"objectType\":\"bug\",\"objectID\":\"18044\",\"product\":\",12,\",\"project\":\"405\",\"actor\":\"zhangyao\",\"action\":\"commented\",\"date\":\"6\\u670830\\u65e5 09:59\",\"comment\":\"<p>\\r\\n\\t\\u5b9e\\u9645\\u8c03\\u8bd5\\u53d1\\u73b0\\uff0c\\u4f18\\u9177\\u9996\\u9875\\u7684\\u6807\\u9898\\u5b57\\u4f53\\u5927\\u5c0f\\u6837\\u5f0f\\u6709\\u8bef\\uff0c\\u4ee5\\u4e0b\\u662f\\u5bf9\\u6bd4\\u56fe\\uff1a\\r\\n<\\\/p>\\r\\n<p>\\r\\n\\t<img src=\\\"{42186.png}\\\" alt=\\\"\\\" \\\/>\\r\\n<\\\/p>\",\"extra\":\"\",\"read\":\"1\",\"efforted\":\"0\",\"objectName\":\"\\u3010linux\\u7aef-5.1.4-4\\u3011\\u4f7f\\u7528\\u4f18\\u9177\\u89c6\\u9891\\u7f51\\u7ad9\\u64ad\\u653e\\u7f51\\u9875\\u89c6\\u9891\\u91cd\\u5b9a\\u5411\\uff0c\\u9996\\u9875\\u90e8\\u5206\\u5b57\\u6bb5\\u663e\\u793a\\u4e0d\\u5168\",\"originalDate\":\"2020-06-30 09:59:56\",\"actionLabel\":\"\\u8bc4\\u8bba\\u4e86\",\"objectLabel\":\"Bug\",\"objectLink\":\"\\\/zentao\\\/bug-view-18044.json\",\"major\":0,\"time\":\"09:59\"},{\"id\":\"349433\",\"objectType\":\"bug\",\"objectID\":\"18032\",\"product\":\",12,\",\"project\":\"405\",\"actor\":\"zhangyao\",\"action\":\"assigned\",\"date\":\"6\\u670830\\u65e5 09:38\",\"comment\":\"\\u6839\\u636e\\u6301\\u7eed\\u8ddf\\u8e2a\\u7ed3\\u679c\\uff0c\\u8fd9\\u4e2abug\\u7684\\u53d1\\u751f\\u6982\\u7387\\u8f83\\u4f4e\\uff0c\\u6301\\u7eed\\u64ad\\u653e\\u6548\\u679c\\u8f83\\u597d\",\"extra\":\"yuanyang\",\"read\":\"1\",\"efforted\":\"0\",\"objectName\":\"\\u3010linux\\u7aef-5.1.4-4\\u3011\\u3010\\u9ad8\\u6982\\u7387\\u3011\\u4f7f\\u7528\\u4f18\\u9177\\u89c6\\u9891\\u7f51\\u7ad9\\u64ad\\u653e\\u7f51\\u9875\\u89c6\\u9891\\u91cd\\u5b9a\\u5411\\u8fc7\\u7a0b\\u4e2d\\uff0c\\u91cd\\u5b9a\\u5411\\u81ea\\u52a8\\u9000\\u51fa\",\"originalDate\":\"2020-06-30 09:38:24\",\"actionLabel\":\"\\u6307\\u6d3e\\u4e86\",\"objectLabel\":\"Bug\",\"objectLink\":\"\\\/zentao\\\/bug-view-18032.json\",\"major\":1,\"time\":\"09:38\"},{\"id\":\"349153\",\"objectType\":\"bug\",\"objectID\":\"18032\",\"product\":\",12,\",\"project\":\"405\",\"actor\":\"zhangyao\",\"action\":\"commented\",\"date\":\"6\\u670830\\u65e5 09:36\",\"comment\":\"<p>\\r\\n\\t2020-06-28 \\u665a\\u4e0a\\u64ad\\u653e\\u523011:40\\u540e\\u6ca1\\u6709\\u65e5\\u5fd7\\u6d88\\u606f\\u4e86\\uff0c\\u4f4611:45\\u7cfb\\u7edf\\u65e5\\u5fd7\\u663e\\u793a\\u5927\\u91cf\\u7cfb\\u7edf\\u670d\\u52a1\\u505c\\u6b62( journalctl )\\uff0c\\u5df2\\u6dfb\\u52a0\\u66f4\\u591a\\u65e5\\u5fd7\\u7528\\u4e8e\\u89c2\\u5bdf\\u6b64\\u95ee\\u9898\\r\\n<\\\/p>\\r\\n<p>\\r\\n\\t2020-06-29 \\u4e0b\\u5348\\u8fde\\u64ad4\\u96c6\\u6ca1\\u6709\\u9000\\u51fa\\uff0c\\u7ee7\\u7eed\\u89c2\\u5bdf\\r\\n<\\\/p>\\r\\n<p>\\r\\n\\t2020-06-29 \\u4e0b\\u5348 \\u63a5\\u8fd14\\u70b9\\u5f00\\u59cb\\u64ad\\u653e\\uff0c\\u4e00\\u76f4\\u64ad\\u653e\\u5230 22:30\\u6ca1\\u6709\\u9000\\u51fa\\r\\n<\\\/p>\",\"extra\":\"\",\"read\":\"1\",\"efforted\":\"0\",\"objectName\":\"\\u3010linux\\u7aef-5.1.4-4\\u3011\\u3010\\u9ad8\\u6982\\u7387\\u3011\\u4f7f\\u7528\\u4f18\\u9177\\u89c6\\u9891\\u7f51\\u7ad9\\u64ad\\u653e\\u7f51\\u9875\\u89c6\\u9891\\u91cd\\u5b9a\\u5411\\u8fc7\\u7a0b\\u4e2d\\uff0c\\u91cd\\u5b9a\\u5411\\u81ea\\u52a8\\u9000\\u51fa\",\"originalDate\":\"2020-06-30 09:36:16\",\"actionLabel\":\"\\u8bc4\\u8bba\\u4e86\",\"objectLabel\":\"Bug\",\"objectLink\":\"\\\/zentao\\\/bug-view-18032.json\",\"major\":0,\"time\":\"09:36\"}],\"6\\u670829\\u65e5\":[{\"id\":\"349154\",\"objectType\":\"bug\",\"objectID\":\"18044\",\"product\":\",12,\",\"project\":\"405\",\"actor\":\"zhangyao\",\"action\":\"commented\",\"date\":\"6\\u670829\\u65e5 15:02\",\"comment\":\"windows\\u5f00\\u53d1\\u73af\\u5883\\u4e0a\\u4f7f\\u7528\\u540c\\u7248\\u672c\\u7684 nw \\u672a\\u590d\\u73b0\\u6b64\\u95ee\\u9898\",\"extra\":\"\",\"read\":\"1\",\"efforted\":\"0\",\"objectName\":\"\\u3010linux\\u7aef-5.1.4-4\\u3011\\u4f7f\\u7528\\u4f18\\u9177\\u89c6\\u9891\\u7f51\\u7ad9\\u64ad\\u653e\\u7f51\\u9875\\u89c6\\u9891\\u91cd\\u5b9a\\u5411\\uff0c\\u9996\\u9875\\u90e8\\u5206\\u5b57\\u6bb5\\u663e\\u793a\\u4e0d\\u5168\",\"originalDate\":\"2020-06-29 15:02:11\",\"actionLabel\":\"\\u8bc4\\u8bba\\u4e86\",\"objectLabel\":\"Bug\",\"objectLink\":\"\\\/zentao\\\/bug-view-18044.json\",\"major\":0,\"time\":\"15:02\"},{\"id\":\"349146\",\"objectType\":\"bug\",\"objectID\":\"18034\",\"product\":\",12,\",\"project\":\"405\",\"actor\":\"zhangyao\",\"action\":\"resolved\",\"date\":\"6\\u670829\\u65e5 14:58\",\"comment\":\"\",\"extra\":\"fixed\",\"read\":\"1\",\"efforted\":\"0\",\"objectName\":\"\\u3010linux\\u7aef-5.1.4-4\\u3011\\u3010\\u9ad8\\u6982\\u7387\\u3011\\u4f7f\\u7528\\u7231\\u5947\\u827a\\u89c6\\u9891\\u7f51\\u7ad9\\u64ad\\u653e\\u7f51\\u9875\\u89c6\\u9891\\u91cd\\u5b9a\\u5411\\u8fc7\\u7a0b\\uff0c\\u70b9\\u51fb\\u89c6\\u9891\\u94fe\\u63a5\\u65e0\\u54cd\\u5e94\",\"originalDate\":\"2020-06-29 14:58:33\",\"actionLabel\":\"\\u89e3\\u51b3\\u4e86\",\"objectLabel\":\"Bug\",\"objectLink\":\"\\\/zentao\\\/bug-view-18034.json\",\"major\":1,\"time\":\"14:58\"},{\"id\":\"349144\",\"objectType\":\"bug\",\"objectID\":\"18036\",\"product\":\",12,\",\"project\":\"405\",\"actor\":\"zhangyao\",\"action\":\"resolved\",\"date\":\"6\\u670829\\u65e5 14:58\",\"comment\":\"\",\"extra\":\"fixed\",\"read\":\"1\",\"efforted\":\"0\",\"objectName\":\"\\u3010linux\\u7aef-5.1.4-4\\u3011\\u4f7f\\u7528\\u7231\\u5947\\u827a\\u548c\\u817e\\u8baf\\u89c6\\u9891\\u7f51\\u7ad9\\u64ad\\u653e\\u7f51\\u9875\\u89c6\\u9891\\u91cd\\u5b9a\\u5411\\u8fc7\\u7a0b\\u4e2d\\uff0c\\u70b9\\u51fb\\u5168\\u5c4f\\u65e0\\u54cd\\u5e94\",\"originalDate\":\"2020-06-29 14:58:16\",\"actionLabel\":\"\\u89e3\\u51b3\\u4e86\",\"objectLabel\":\"Bug\",\"objectLink\":\"\\\/zentao\\\/bug-view-18036.json\",\"major\":1,\"time\":\"14:58\"}],\"6\\u670828\\u65e5\":[{\"id\":\"348837\",\"objectType\":\"bug\",\"objectID\":\"18034\",\"product\":\",12,\",\"project\":\"405\",\"actor\":\"zhangyao\",\"action\":\"commented\",\"date\":\"6\\u670828\\u65e5 19:06\",\"comment\":\"\\u7528\\u81ea\\u5df1\\u7684\\u7535\\u8111\\u6d4b\\u8bd5\\u53d1\\u73b0\\u4e5f\\u53ef\\u4ee5\\u590d\\u73b0\\u6b64\\u95ee\\u9898\",\"extra\":\"\",\"read\":\"1\",\"efforted\":\"0\",\"objectName\":\"\\u3010linux\\u7aef-5.1.4-4\\u3011\\u3010\\u9ad8\\u6982\\u7387\\u3011\\u4f7f\\u7528\\u7231\\u5947\\u827a\\u89c6\\u9891\\u7f51\\u7ad9\\u64ad\\u653e\\u7f51\\u9875\\u89c6\\u9891\\u91cd\\u5b9a\\u5411\\u8fc7\\u7a0b\\uff0c\\u70b9\\u51fb\\u89c6\\u9891\\u94fe\\u63a5\\u65e0\\u54cd\\u5e94\",\"originalDate\":\"2020-06-28 19:06:32\",\"actionLabel\":\"\\u8bc4\\u8bba\\u4e86\",\"objectLabel\":\"Bug\",\"objectLink\":\"\\\/zentao\\\/bug-view-18034.json\",\"major\":0,\"time\":\"19:06\"},{\"id\":\"348836\",\"objectType\":\"bug\",\"objectID\":\"18036\",\"product\":\",12,\",\"project\":\"405\",\"actor\":\"zhangyao\",\"action\":\"assigned\",\"date\":\"6\\u670828\\u65e5 19:02\",\"comment\":\"\",\"extra\":\"zhengzhendi\",\"read\":\"1\",\"efforted\":\"0\",\"objectName\":\"\\u3010linux\\u7aef-5.1.4-4\\u3011\\u4f7f\\u7528\\u7231\\u5947\\u827a\\u548c\\u817e\\u8baf\\u89c6\\u9891\\u7f51\\u7ad9\\u64ad\\u653e\\u7f51\\u9875\\u89c6\\u9891\\u91cd\\u5b9a\\u5411\\u8fc7\\u7a0b\\u4e2d\\uff0c\\u70b9\\u51fb\\u5168\\u5c4f\\u65e0\\u54cd\\u5e94\",\"originalDate\":\"2020-06-28 19:02:12\",\"actionLabel\":\"\\u6307\\u6d3e\\u4e86\",\"objectLabel\":\"Bug\",\"objectLink\":\"\\\/zentao\\\/bug-view-18036.json\",\"major\":1,\"time\":\"19:02\"},{\"id\":\"348834\",\"objectType\":\"bug\",\"objectID\":\"18043\",\"product\":\",12,\",\"project\":\"405\",\"actor\":\"zhangyao\",\"action\":\"assigned\",\"date\":\"6\\u670828\\u65e5 19:01\",\"comment\":\"\\u7528\\u672c\\u673a\\u6d4b\\u8bd5\\u53d1\\u73b0\\u4f9d\\u7136\\u5b58\\u5728\\u6b64\\u95ee\\u9898\\uff0c\\u8be5\\u95ee\\u9898\\u662f\\u89c6\\u9891\\u7f51\\u7ad9\\u5bf9\\u9ed8\\u8ba4\\u5bbd\\u5ea6\\u505a\\u4e86\\u9650\\u5236\\u5bfc\\u81f4\",\"extra\":\"yuanyang\",\"read\":\"1\",\"efforted\":\"0\",\"objectName\":\"\\u3010linux\\u7aef-5.1.4-4\\u3011\\u4f7f\\u7528\\u7231\\u5947\\u827a\\u89c6\\u9891\\u7f51\\u7ad9\\u64ad\\u653e\\u7f51\\u9875\\u89c6\\u9891\\u91cd\\u5b9a\\u5411\\uff0c\\u7f29\\u5c0f\\u6d4f\\u89c8\\u5668\\u7a97\\u53e3\\uff0c\\u89c6\\u9891\\u753b\\u9762\\u8ddf\\u968f\\u7a97\\u53e3\\uff0c\\u4f46\\u753b\\u9762\\u672a\\u7f29\\u5c0f\",\"originalDate\":\"2020-06-28 19:01:53\",\"actionLabel\":\"\\u6307\\u6d3e\\u4e86\",\"objectLabel\":\"Bug\",\"objectLink\":\"\\\/zentao\\\/bug-view-18043.json\",\"major\":1,\"time\":\"19:01\"},{\"id\":\"348833\",\"objectType\":\"bug\",\"objectID\":\"18047\",\"product\":\",12,\",\"project\":\"405\",\"actor\":\"zhangyao\",\"action\":\"resolved\",\"date\":\"6\\u670828\\u65e5 18:59\",\"comment\":\"\",\"extra\":\"fixed\",\"read\":\"1\",\"efforted\":\"0\",\"objectName\":\"\\u3010linux\\u7aef-5.1.4-4\\u3011\\u4f7f\\u7528\\u4f18\\u9177\\u89c6\\u9891\\u7f51\\u7ad9\\u64ad\\u653e\\u7f51\\u9875\\u89c6\\u9891\\u91cd\\u5b9a\\u5411\\uff0c\\u7f29\\u5c0f\\u6d4f\\u89c8\\u5668\\u7a97\\u53e3\\uff0c\\u89c6\\u9891\\u753b\\u9762\\u672a\\u8ddf\\u968f\\u6d4f\\u89c8\\u5668\\u7f29\\u5c0f\",\"originalDate\":\"2020-06-28 18:59:43\",\"actionLabel\":\"\\u89e3\\u51b3\\u4e86\",\"objectLabel\":\"Bug\",\"objectLink\":\"\\\/zentao\\\/bug-view-18047.json\",\"major\":1,\"time\":\"18:59\"},{\"id\":\"348780\",\"objectType\":\"bug\",\"objectID\":\"18104\",\"product\":\",12,\",\"project\":\"392\",\"actor\":\"zhangyao\",\"action\":\"assigned\",\"date\":\"6\\u670828\\u65e5 17:42\",\"comment\":\"\\u5df2\\u6c9f\\u901a\\uff0c\\u6682\\u672a\\u590d\\u73b0\",\"extra\":\"zhangxian\",\"read\":\"1\",\"efforted\":\"0\",\"objectName\":\"\\u3010\\u56fd\\u4ea7\\u5316-\\u6a21\\u677f\\u3011-\\u51fa\\u73b0\\u4e863\\u6b21-UOS\\u64cd\\u4f5c\\u7cfb\\u7edf\\u7684\\u6a21\\u677f\\uff0c\\u5f00\\u673a\\u9759\\u7f6e\\u4e00\\u6bb5\\u65f6\\u95f4\\u540e\\u684c\\u9762\\u7cfb\\u7edf\\u9ed1\\u5c4f\\u65e0\\u5185\\u5bb9\\uff0c\\u901a\\u8fc7\\u8c03\\u8282\\u6d4f\\u89c8\\u5668\\u7684\\u7f51\\u9875\\u7f29\\u653e\\u6bd4\\u6216\\u8005\\u5173\\u673a\\u518d\\u5f00\\u673a\\u53ef\\u4ee5\\u6062\\u590d\",\"originalDate\":\"2020-06-28 17:42:29\",\"actionLabel\":\"\\u6307\\u6d3e\\u4e86\",\"objectLabel\":\"Bug\",\"objectLink\":\"\\\/zentao\\\/bug-view-18104.json\",\"major\":1,\"time\":\"17:42\"},{\"id\":\"348779\",\"objectType\":\"bug\",\"objectID\":\"18062\",\"product\":\",12,\",\"project\":\"405\",\"actor\":\"zhangyao\",\"action\":\"assigned\",\"date\":\"6\\u670828\\u65e5 17:40\",\"comment\":\"\",\"extra\":\"tianyiwen\",\"read\":\"1\",\"efforted\":\"0\",\"objectName\":\"\\u3010\\u4e2a\\u4eba\\u6a21\\u677f\\u3011\\u7528voi\\u6837\\u673a\\u4e0a\\u4f20\\u6a21\\u677f\\u5230\\u4e2a\\u4eba\\u6a21\\u677f\\u521b\\u5efavdi\\u684c\\u9762\\u65f6\\u770b\\u4e0d\\u5230\\u8be5\\u6a21\\u677f\",\"originalDate\":\"2020-06-28 17:40:57\",\"actionLabel\":\"\\u6307\\u6d3e\\u4e86\",\"objectLabel\":\"Bug\",\"objectLink\":\"\\\/zentao\\\/bug-view-18062.json\",\"major\":1,\"time\":\"17:40\"}]},\"direction\":\"next\"}","md5":"53980a42931adfc8760adc79e3337f61"}