{"status":"success","data":"{\"title\":\"STORY #6328 \\u3010\\u68c0\\u6d4b\\u5e73\\u53f0\\u3011\\u57fa\\u7840\\u73af\\u5883\\u68c0\\u6d4b - \\u684c\\u9762\\u4e91\\u878d\\u5408\\u67b6\\u6784\",\"product\":{\"name\":\"\\u684c\\u9762\\u4e91\\u878d\\u5408\\u67b6\\u6784\",\"id\":\"7\",\"type\":\"platform\"},\"branches\":{\"0\":\"\\u6240\\u6709\\u5e73\\u53f0\",\"14\":\"Android\",\"15\":\"Windows\",\"16\":\"Linux\"},\"plan\":\"\\u878d\\u5408\\u72485.2\",\"bugs\":[],\"fromBug\":false,\"cases\":[],\"story\":{\"id\":\"6328\",\"product\":\"7\",\"branch\":\"0\",\"module\":\"3444\",\"plan\":\"130\",\"source\":\"po\",\"sourceNote\":\"\",\"fromBug\":\"0\",\"feedback\":\"0\",\"title\":\"\\u3010\\u68c0\\u6d4b\\u5e73\\u53f0\\u3011\\u57fa\\u7840\\u73af\\u5883\\u68c0\\u6d4b\",\"keywords\":\"\",\"type\":\"\",\"pri\":\"1\",\"estimate\":\"0\",\"status\":\"active\",\"color\":\"\",\"stage\":\"projected\",\"mailto\":\"\",\"openedBy\":\"caozhen\",\"openedDate\":\"2020-09-01 08:53:24\",\"assignedTo\":\"zhangyao\",\"assignedDate\":\"2020-09-07 11:30:05\",\"lastEditedBy\":\"yangyansi\",\"lastEditedDate\":\"2020-09-10 17:42:01\",\"reviewedBy\":\"\",\"reviewedDate\":\"2020-09-10\",\"closedBy\":\"\",\"closedDate\":\"\",\"closedReason\":\"\",\"toBug\":\"0\",\"childStories\":\"\",\"linkStories\":\"\",\"duplicateStory\":\"0\",\"version\":\"2\",\"deleted\":\"0\",\"spec\":\"\\u589e\\u52a0\\u57fa\\u7840\\u73af\\u5883\\u68c0\\u6d4b\",\"verify\":\"<p>\\n\\t\\u529f\\u80fd\\u8bf4\\u660e\\uff1a\\n<\\\/p>\\n<p>\\n\\t1\\u3001\\u8fdb\\u884c\\u4e00\\u952e\\u68c0\\u6d4b\\u4e4b\\u524d\\uff0c\\u9700\\u8fdb\\u884c\\u57fa\\u7840\\u73af\\u5883\\u68c0\\u6d4b\\uff0c\\u57fa\\u7840\\u73af\\u5883\\u670d\\u52a1\\u68c0\\u6d4b\\u5305\\u542b\\uff1a<span>vdi-thor-gunicorn.service\\u3001httpd.service\\u3001nginx.service\\u3001mysql.service\\u3001rabbitmq-server.service\\u3001redis.service<br \\\/><\\\/span><span><\\\/span> \\n<\\\/p>\\n<p>\\n\\t<span>2\\u3001\\u57fa\\u7840\\u73af\\u5883\\u68c0\\u6d4b\\u4e0d\\u901a\\u8fc7\\u65f6\\uff0c\\u62a5\\u9519\\u63d0\\u793a\\uff1a\\u9a8c\\u8bc1\\u5931\\u8d25\\uff01xxx\\u670d\\u52a1\\u5f02\\u5e38\\uff0c\\u8bf7\\u8054\\u7cfb\\u7ba1\\u7406\\u5458\\u5904\\u7406\\u3002<\\\/span> \\n<\\\/p>\\n<p>\\n\\t<span>3\\u3001\\u51fa\\u73b0\\u5f02\\u5e38\\u670d\\u52a1\\u540e\\uff0c\\u652f\\u6301\\u3010\\u7acb\\u5373\\u4fee\\u590d\\u3011<\\\/span> \\n<\\\/p>\\n<p>\\n\\t<span>4\\u3001\\u5f53\\u7acb\\u5373\\u4fee\\u590d\\u5931\\u8d25\\u540e\\uff0c\\u5219\\u62a5\\u9519\\u63d0\\u793a\\uff1a\\u4fee\\u590d\\u5931\\u8d25\\uff01<\\\/span><span>xxx\\u670d\\u52a1\\u4fee\\u590d\\u5931\\u8d25\\uff0c\\u8bf7\\u8054\\u7cfb\\u7ba1\\u7406\\u5458\\u5904\\u7406\\u3002<\\\/span> \\n<\\\/p>\\n<p>\\n\\t<span><\\\/span> \\n<\\\/p>\\n<p>\\n\\t<span><img onload=\\\"setImageSize(this,0)\\\" src=\\\"\\\/zentao\\\/file-read-45765.png\\\" alt=\\\"\\\" \\\/><br \\\/><\\\/span> \\n<\\\/p>\\n<p>\\n\\t<span><img onload=\\\"setImageSize(this,0)\\\" src=\\\"\\\/zentao\\\/file-read-45767.png\\\" alt=\\\"\\\" \\\/><br \\\/><\\\/span> \\n<\\\/p>\\n<p>\\n\\t<span><img onload=\\\"setImageSize(this,0)\\\" src=\\\"\\\/zentao\\\/file-read-45766.png\\\" alt=\\\"\\\" \\\/><br \\\/><\\\/span>\\n<\\\/p>\",\"projects\":{\"397\":{\"project\":\"397\",\"name\":\"VDI 5.2.0 \\u9879\\u76ee\\u8fed\\u4ee3\",\"status\":\"doing\"}},\"tasks\":[],\"stages\":[\"projected\"],\"planTitle\":{\"130\":\"\\u878d\\u5408\\u72485.2\"},\"files\":[]},\"users\":{\"\":\"\",\"admin\":\"admin\",\"aixiangkui\":\"\\u827e\\u76f8\\u8475\",\"bbt\":\"\\u73ed\\u73ed\\u901a\",\"biexingxing\":\"\\u522b\\u661f\\u661f\",\"caozhen\":\"\\u66f9\\u632f\",\"chenghao\":\"\\u7a0b\\u7693\",\"chenxiaohu\":\"\\u9648\\u5c0f\\u864e\",\"daiqiran\":\"\\u6234\\u742a\\u5189\",\"donglinjie\":\"\\u8463\\u6797\\u6770\",\"duanhaigang\":\"\\u6bb5\\u6d77\\u5c97\",\"guoli\":\"\\u90ed\\u7acb\",\"huangzijie\":\"\\u9ec4\\u5b50\\u6770\",\"huhai\":\"\\u80e1\\u6d77\",\"huwenfeng\":\"\\u80e1\\u6587\\u5cf0\",\"huxiaosi\":\"\\u80e1\\u6653\\u601d\",\"jiazhihao\":\"\\u8d3e\\u5fd7\\u6d69\",\"jinhaoxiang\":\"\\u91d1\\u660a\\u7fd4\",\"liaoyuni\":\"\\u5ed6\\u7389\\u59ae\",\"linyane2\":\"\\u6797\\u8273\\u5a25\",\"liqinwu\":\"\\u674e\\u52e4\\u6b66\",\"lishuang\":\"\\u674e\\u723d\",\"liuchi\":\"\\u5218\\u6c60\",\"liuhaijun\":\"\\u5218\\u6d77\\u519b\",\"liuyuhua\":\"\\u5218\\u88d5\\u534e\",\"maanqi\":\"\\u9a6c\\u5b89\\u7426\",\"panqun\":\"\\u6f58\\u7fa4\",\"panzhuoya\":\"\\u6f58\\u5353\\u96c5\",\"review\":\"\\u8bc4\\u5ba1\\u5458\",\"ruanke\":\"\\u962e\\u79d1\",\"ruanzelin\":\"\\u962e\\u6cfd\\u6797\",\"shenqian\":\"\\u6c88\\u524d\",\"songliangmin\":\"\\u5b8b\\u826f\\u654f\",\"sunjun\":\"\\u5b59\\u4fca\",\"suntian\":\"\\u5b59\\u7530\",\"tangjinli\":\"\\u5510\\u91d1\\u4e3d\",\"tanzhenhua\":\"\\u8c08\\u632f\\u534e\",\"tianyiwen\":\"\\u7530\\u6021\\u6587\",\"tongchunyue\":\"\\u7ae5\\u6625\\u6708\",\"wangchuan\":\"\\u738b\\u5ddd\",\"wangmengxiong\":\"\\u738b\\u68a6\\u718a\",\"wangzhuo\":\"\\u738b\\u5353\",\"wanhong\":\"\\u4e07\\u7ea2\",\"weicong\":\"\\u9b4f\\u806a\",\"weihong\":\"\\u9b4f\\u6d2a\",\"wutianyang\":\"\\u5434\\u5929\\u9633\",\"xiaowei\":\"\\u8096\\u73ae\",\"xiaowenting\":\"\\u8096\\u6587\\u5a77\",\"xufan\":\"\\u5f90\\u5e06\",\"xusha\":\"\\u5f90\\u6c99\",\"yangqiong\":\"\\u6768\\u743c\",\"yangyansi\":\"\\u6768\\u71d5\\u601d\",\"yangyinli\":\"\\u6768\\u94f6\\u4e3d\",\"yizhongyin\":\"\\u7fbf\\u4e2d\\u5f15\",\"yuanyang\":\"\\u8881\\u9633\",\"yuweiwei\":\"\\u4f59\\u7ef4\\u4f1f\",\"yuzhengjun\":\"\\u4f59\\u653f\\u541b\",\"zhangchuansheng\":\"\\u7ae0\\u4f20\\u80dc\",\"zhangli\":\"\\u5f20\\u4e3d\",\"zhangmeng2\":\"\\u5f20\\u68a6\",\"zhangxian\":\"\\u5f20\\u5a34\",\"zhangxuecheng\":\"\\u5f20\\u96ea\\u6210\",\"zhangyao\":\"\\u5f20\\u579a\",\"zhangyujie\":\"\\u5f20\\u7389\\u6d01\",\"zhanhuahao\":\"\\u8a79\\u534e\\u8c6a\",\"zhaowanting\":\"\\u8d75\\u5a49\\u5a77\",\"zhengyuqiang\":\"\\u90d1\\u80b2\\u5f3a\",\"zhengzhendi\":\"\\u90d1\\u73cd\\u8fea\",\"zhengziyun\":\"\\u90d1\\u7d2b\\u8d5f\",\"zhouheng\":\"\\u5468\\u8861\",\"zhouqiang\":\"\\u5468\\u5f3a\",\"zhoutianwen\":\"\\u5468\\u5929\\u6587\",\"zhouyao\":\"\\u5468\\u59da\",\"zhudanlei\":\"\\u6731\\u4e39\\u857e\",\"zhupan\":\"\\u6731\\u76fc\",\"zhupeng\":\"\\u6731\\u9e4f\",\"zhuxiaokun\":\"\\u6731\\u6653\\u951f\",\"zlxing\":\"\\u66fe\\u4e3d\\u661f\",\"zouxianyan\":\"\\u5468\\u5148\\u71d5\",\"zouyuhui\":\"\\u90b9\\u5b87\\u4f1a\",\"closed\":\"Closed\"},\"projects\":{\"457\":\"\\u540c\\u65b9VPC\\u56fd\\u4ea7\\u5316OEM 5.2.0\\u7248\\u672c\",\"446\":\"MMC 10.8.1 \\u529f\\u80fd\\u9884\\u7814\",\"444\":\"UAA 5.1.4 \\u5f00\\u53d1\",\"441\":\"VOI5.2.0\\u82f1\\u6587\\u7248\",\"439\":\"VPC 5.3.0 \\u9879\\u76ee\\u8fed\\u4ee3\",\"428\":\"\\u6559\\u80b2\\u878d\\u5408\\u72485.2.0 OEM\",\"427\":\"DMS5.2.2\",\"419\":\"\\u5b9a\\u5236\\u4fe1\\u521b\\u6d4b\\u8bd5-\\u4e34\\u65f6\\u8fed\\u4ee3\",\"417\":\"VPC 5.2.0 10\\u670819\\uff0811\\u670819\\uff09\\u7248\\u672c\\u8fed\\u4ee3\",\"413\":\"VPC 5.2.1 \\u5357\\u65b9\\u7535\\u7f51\\u5b9a\\u5236\",\"412\":\"VDI 5.3.0 \\u9879\\u76ee\\u8fed\\u4ee3\",\"411\":\"VPC 5.2.1 OEM\\u9879\\u76ee\\u8fed\\u4ee3\",\"405\":\"VPC 5.2.1 \\u9879\\u76ee\\u8fed\\u4ee3\",\"403\":\"VOI 5.2.0 \\u5f00\\u53d1\\u8fed\\u4ee3\",\"398\":\"VPC 5.2.0 OEM\\u9879\\u76ee\\u8fed\\u4ee3\",\"397\":\"VDI 5.2.0 \\u9879\\u76ee\\u8fed\\u4ee3\",\"318\":\"\\u3010UI\\u30112019\\u7ef4\\u62a4\\u4efb\\u52a1\",\"461\":\"UOS_5.3.0\",\"460\":\"VPC \\u540c\\u65b9\\u9f99\\u82af\\u7248\\u672c\\u8fed\\u4ee3\",\"459\":\"2021Q2\\u5b63\\u5ea6\\u81ea\\u52a8\\u5316\\u6d4b\\u8bd5\\u8fed\\u4ee3\",\"456\":\"DMS5.2.4\\u7248\\u672c\\u6d4b\\u8bd5\\u8fed\\u4ee3\",\"455\":\"VPC5.3.0\\u6d4b\\u8bd5\\u8fed\\u4ee3\",\"454\":\"CRM\\u4e2d\\u63a7\\u5e73\\u53f0\",\"452\":\"DMS5.2.2\\u5e73\\u9876\\u5c71\\u5b9a\\u5236\",\"451\":\"vServer V5\\u56fd\\u4ea7\\u5316\\u5f00\\u53d1\\u8fed\\u4ee3\",\"447\":\"2021\\u5e74 MMC\\u5e74\\u9879\\u76ee\\u5916\\u6d4b\\u8bd5\\u5de5\\u4f5c\\u4efb\\u52a1\",\"445\":\"vServer V5\\u56fd\\u4ea7\\u5316\\u6d4b\\u8bd5\\u8fed\\u4ee3\",\"442\":\"2021Q1\\u5b63\\u5ea6\\u81ea\\u52a8\\u5316\\u6d4b\\u8bd5\",\"440\":\"VPC N \\u8fed\\u4ee3\\u9879\\u76ee\",\"438\":\"\\u786c\\u4ef6\\u6d4b\\u8bd5\\u8fed\\u4ee3\",\"437\":\"MMC N.N.N\\u8fed\\u4ee3\",\"436\":\"vServer N.N.N\\u8fed\\u4ee3\",\"435\":\"DMS N.N.N\\u8fed\\u4ee3\",\"434\":\"VPC N.N.N\\u8fed\\u4ee3\",\"433\":\"\\u878d\\u5408\\u7248 N.N.N\\u8fed\\u4ee3\",\"432\":\"DMS 5.2.2\\u6d4b\\u8bd5\\u8fed\\u4ee3\",\"429\":\"DMS5.1.2OEM(\\u540c\\u65b9\\u3001\\u60e0\\u666e)\",\"424\":\"VPC 5.2.1 \\u6d4b\\u8bd5\\u8fed\\u4ee3\",\"423\":\"vServer\\u5c71\\u4e1cNvidia RTX6000\\u663e\\u5361\\u5b9a\\u5236\\u9879\\u76ee\",\"422\":\"UAA5.1.3\\u5f00\\u53d1\",\"421\":\"VOI 5.3.0\\u5f00\\u53d1\\u8fed\\u4ee3\",\"418\":\"\\u6559\\u80b2\\u878d\\u5408\\u7248V5.3.0\\u6d4b\\u8bd5\\u8fed\\u4ee3\",\"415\":\"VDI 5.1.4 \\u62c9\\u8428\\u6559\\u80b2\\u5c40\\u5b9a\\u5236\\u9879\\u76ee\",\"408\":\"2020Q3Q4\\u5b63\\u5ea6\\u81ea\\u52a8\\u5316\\u6d4b\\u8bd5\\u8fed\\u4ee3\",\"404\":\"DMS5.1.1\\u652f\\u6301\\u57df\\u7528\\u6237\\u684c\\u9762\",\"399\":\"DMS5.1.1\\u7248\\u672cOEM\",\"396\":\"CXCY_4.6.1 \\u6d4b\\u8bd5\\u8fed\\u4ee3\",\"393\":\"CXCY_4.5 \\u6d4b\\u8bd5\\u8fed\\u4ee3\",\"389\":\"\\u5357\\u4eac\\u533b\\u6e21\\u4e91EDASS\\u5b9a\\u5236\",\"388\":\"2020Q1Q2\\u5b63\\u5ea6\\u81ea\\u52a8\\u5316\\u6d4b\\u8bd5\\u8fed\\u4ee3\",\"384\":\"UI-2020\\u5e74\\u7ef4\\u62a4\\u4efb\\u52a1\",\"369\":\"\\u878d\\u5408\\u7248IDV 5.1.4\\u6d4b\\u8bd5\\u8fed\\u4ee3\",\"357\":\"\\u684c\\u9762\\u7ba1\\u7406\\u7cfb\\u7edf\\u96c6\\u6210\\u5f00\\u53d1\",\"349\":\"\\u878d\\u5408\\u7248IDV 5.1.3 \\u6d4b\\u8bd5\\u8fed\\u4ee3\",\"343\":\"\\u5662\\u6613\\u7528\\u6237\\u8d26\\u53f7\\u4e0e\\u8ba4\\u8bc1\\u5e73\\u53f0\",\"453\":\"MMC 10.8.0\\u695a\\u96c4\\u5b9a\\u5236\",\"450\":\"MMC 10.8.0\\u53f0\\u6e7eOEM\",\"449\":\"MMC 10.8.0\\u540c\\u65b9OEM\",\"448\":\"MMC 10.8.0\\u60e0\\u666eOEM\",\"443\":\"DMS\\u4e2d\\u533b\\u9662\\u653f\\u4f01\\u5927\\u5c4f\\u4e34\\u65f6\\u7248\\u672c\",\"420\":\"VPC 5.2.0 \\u6d77\\u5149\\u4fe1\\u521b\\u5b9a\\u5236\",\"414\":\"\\u5357\\u65b9\\u7535\\u7f51\\u6d4b\\u8bd5\\u8fed\\u4ee3\",\"409\":\"DMS\\u5357\\u822a\\u5b9a\\u5236\\u7248\\u672c\\u6d4b\\u8bd5\\u8fed\\u4ee3\",\"407\":\"\\u6559\\u80b2\\u878d\\u5408\\u72485.1.5\\u9879\\u76ee\\u8fed\\u4ee3\",\"400\":\"DMS5.2.2\\uff08\\u5357\\u822a\\u5b9a\\u5236\\uff09\",\"395\":\"DMS5.1.2\\u6d4b\\u8bd5\\u8fed\\u4ee3\",\"385\":\"CXCY_4.5.1 \\u5f00\\u53d1\\u8fed\\u4ee3\",\"392\":\"VPC 5.2.0(\\u56fd\\u4ea7\\u5316) \\u5f00\\u53d1\\u8fed\\u4ee3\",\"391\":\"DMS 5.1.2 \\u5f00\\u53d1\\u8fed\\u4ee3\",\"390\":\"VPC(VOI)\\u6d4b\\u8bd5\\u8fed\\u4ee3\",\"387\":\"eDaas \\u901a\\u7528\\u7248\\u672c\",\"386\":\"\\u5357\\u660c\\u68ee\\u6728OEM v5.1.4\",\"383\":\"VPC 5.2.0 \\u5f00\\u53d1\\u8fed\\u4ee3\",\"381\":\"VOI\\u81ea\\u52a8\\u5316\\u6d4b\\u8bd5\\u957f\\u671f\\u8fed\\u4ee3\",\"380\":\"DMS5.1.1\\u6d4b\\u8bd5\\u8fed\\u4ee3\",\"379\":\"2020\\u5e74MMC\\u9879\\u76ee\\u5916\\u6d4b\\u8bd5\\u5de5\\u4f5c\\u4efb\\u52a1\",\"378\":\"VOI5.1.5\\u6d4b\\u8bd5\\u8fed\\u4ee3\",\"377\":\"DMS 5.1.1 \\u5f00\\u53d1\\u8fed\\u4ee3\",\"375\":\"CXCY_4.4 \\u5f00\\u53d1\\u8fed\\u4ee3\",\"373\":\"OSS V8.3.1\\u7248\\u672c\\u8fed\\u4ee3\",\"372\":\"CXCY_4.4 \\u6d4b\\u8bd5\\u8fed\\u4ee3\",\"371\":\"eDaaS 5.1.3\\u8fed\\u4ee3\",\"370\":\"IDV 5.1.4 \\u8fed\\u4ee3\",\"367\":\"MMC 10.7.0\\u5c0f\\u7248\\u672c2\",\"366\":\"VDI 5.1.3 GF\\u5206\\u5e03\\u5f0f\\u5b58\\u50a8\\u8fed\\u4ee3\",\"365\":\"VOI5.1.4\\u6d4b\\u8bd5\\u8fed\\u4ee3\",\"364\":\"VDI&amp;VOI&amp;IDV 5.1.3 HP \\u878d\\u5408\\u7248OEM\",\"363\":\"CXCY 4.5\\u6d4b\\u8bd5\\u8fed\\u4ee3\",\"362\":\"VPC 5.1.3 \\u4ea7\\u54c1\\u8fed\\u4ee3\",\"361\":\"CRM&amp;\\u6fc0\\u6d3b\\u7cfb\\u7edf\\u6d4b\\u8bd5\",\"359\":\"VDI 5.1.4\",\"358\":\"CXCY 4.5.001 \\u5f00\\u53d1\\u8fed\\u4ee3\",\"356\":\"CXCY 4.4 \\u6d4b\\u8bd5\\u8fed\\u4ee3\",\"355\":\"VOI 5.1.3\\u6d4b\\u8bd5\\u8fed\\u4ee3\",\"354\":\"DMS5.1.0\\u6d4b\\u8bd5\\u8fed\\u4ee3\",\"353\":\"VDI 5.1.3\",\"352\":\"IDV 5.1.3 \\u878d\\u5408\\u7248\",\"346\":\"\\u5929\\u878d\\u4fe15.1.1 OEM\\u878d\\u5408\\u7248\\u8fed\\u4ee3\\u8ba1\\u5212\",\"345\":\"\\u60e0\\u666e5.1.0\\u9ad8\\u6559\\uff0c\\u666e\\u6559\\uff0c\\u653f\\u4f01\\u8fed\\u4ee3\",\"344\":\"VDI&amp;VOI 5.1.2 \\u5713\\u5bb8OEM\",\"342\":\"VDI&amp;VOI 5.1.2 \\u540c\\u65b9OEM\",\"341\":\"CXCY 4.4 \\u5f00\\u53d1\\u8fed\\u4ee3\",\"340\":\"VOI 5.1.2\\u4e2d\\u6807\\u9e92\\u9e9f\",\"339\":\"DMS 5.1.0\\u5f00\\u53d1\\u8fed\\u4ee3\",\"338\":\"VOI 5.1.3\\u9879\\u76ee\",\"337\":\"\\u60e0\\u666e\\u7b80\\u72485.1.2\",\"335\":\"VDI&amp;VOI 5.1.1 \\u666e\\u6559&amp;\\u9ad8\\u6559\",\"334\":\"VOI\\u786c\\u4ef6\\u6d4b\\u8bd5\",\"332\":\"IDV 2.2\\u6d4b\\u8bd5\\u8fed\\u4ee3\",\"331\":\"IDV\\u4e0e\\u5662\\u6613\\u4ea7\\u54c1\\u9002\\u914d\\u7248\\u672c\",\"330\":\"VOI 5.1.2\",\"328\":\"VDI \\u878d\\u5408\\u7248&amp;EDAAS 5.1.2\",\"327\":\"IDV\\u66f4\\u65b0\\u7248\\u672c2.1.0\",\"323\":\"IDV-\\u6210\\u90fdhp 299\\u673a\\u578bamd cpu\\u9002\\u914d\\u5f00\\u53d1\",\"321\":\"VDI 4.6.0 TF \\u7279\\u7248\",\"320\":\"CXCY 4.3.3\\u6d4b\\u8bd5\\u8fed\\u4ee3\",\"319\":\"CXCY 4.3.3 \\u5f00\\u53d1\\u8fed\\u4ee3\",\"316\":\"VOI 5.0.2\\u9879\\u76ee\",\"315\":\"VOI 5.1.0 \\u9879\\u76ee\",\"314\":\"OSSV8.3.0\\u5f00\\u53d1\\u8fed\\u4ee3\",\"310\":\"VOI5.0.1\\u7248\\u672c\\uff08\\u4f18\\u5316\\u3001\\u4fee\\u590d\\uff09\",\"307\":\"VDI 5.1.0 \\u5f00\\u53d1\\u8fed\\u4ee3\",\"306\":\"VDI 4.6.0 \\u5929\\u878d\\u4fe1\\u653f\\u4f01\\u7279\\u7248\",\"302\":\"IDV 2.0.0\\u5f00\\u53d1\\u8fed\\u4ee3\",\"304\":\"CXCY 4.3.1\\u5f00\\u53d1\\u8fed\\u4ee3\",\"303\":\"IDV 2.0.0\\u6d4b\\u8bd5\\u8fed\\u4ee3\",\"294\":\"VDI  4.4.2-223-20181024-\\u65b0\\u6cdb\\u8054\\u76d2\\u5b50-\\u60e0\\u666e\\u7248\\u672c\\u8865\\u4e01\\u5305\\u9a8c\\u8bc1\\u6d4b\\u8bd5\",\"293\":\"VOI 5.0.0\\u6d4b\\u8bd5\\u8fed\\u4ee3\",\"286\":\"CXCY \\u6c11\\u65cf\\u5927\\u5b66 4.2.2\",\"285\":\"VDI 5.0.1.x&amp;VOI 5.0.x\",\"284\":\"VDI_4.6.0_\\u667a\\u5fae8350\\u786c\\u4ef6\\u6d4b\\u8bd5\\uff08\\u542b\\u9002\\u914dUbuntu\\u7cfb\\u7edf\\uff09\",\"283\":\"VOI 5.0.0\\u5f00\\u53d1\\u8fed\\u4ee3\",\"282\":\"VDI &amp; VOI  \\u957f\\u671f\\u8fed\\u4ee3\",\"281\":\"VDI 4.6.0  OEM-\\u540c\\u65b9\",\"280\":\"VDI 4.6.0 OEM-\\u5b9d\\u5fb7\",\"279\":\"DELL 3040\\u4e0e5070\\u4e13\\u9879\",\"278\":\"VDI 5.0.0 \\u5f00\\u53d1\\u8fed\\u4ee3\",\"277\":\"Android\\u7aef\\u6444\\u50cf\\u5934\\u4e13\\u9879\",\"275\":\"\\u5357\\u9633\\u7406\\u5de5 \\u9879\\u76ee\\u5b9a\\u5236\",\"274\":\"AOC\\u4e00\\u4f53\\u673a\\u4e13\\u9879\\u6d4b\\u8bd5\\uff082018-08-07\\uff09\",\"273\":\"CXCY 4.3 \\u5f00\\u53d1\\u8fed\\u4ee3\",\"272\":\"Android\\u7aefspice\\u4f18\\u5316\\u4e13\\u9879\",\"271\":\"2018-Q3\",\"270\":\"OEM-\\u5929\\u878d\\u4fe1\",\"269\":\"VDI 4.6.0 OEM-\\u60e0\\u666e\",\"268\":\"V5.02\\u66f4\\u65b0\\u7248\\u672c\\u6d4b\\u8bd5\\uff0820180710\\uff09\",\"264\":\"\\u4e94\\u821fOEM-4.5.0\",\"262\":\"CXCY 4.2 \\u5f00\\u53d1\\u8fed\\u4ee3\",\"260\":\"VDI V4.5.0 OEM\\u7248\\u672c\\u6d4b\\u8bd5\",\"258\":\"V8.2.1\\u7248\\u672c\\u5f00\\u53d1\\u548c\\u6d4b\\u8bd5\",\"255\":\"VDI 4.6.0\",\"254\":\"VDI V4.4.3 OEM\\u7248\\u672c\\u6d4b\\u8bd5\",\"252\":\"\\u3010UI\\u30112018\\u5e74\\u7ef4\\u62a4\\u8fed\\u4ee3\",\"247\":\"V8.2\\u7248\\u672c\\u5f00\\u53d1\\u548c\\u6d4b\\u8bd5\",\"242\":\"CTSC V7.4.3\",\"241\":\"V5.02\\u66f4\\u65b0\\u7248\\u672c\\u6d4b\\u8bd5(20171228)\",\"240\":\"VDI 4.5.0\",\"239\":\"V8.1\\u66f4\\u65b0\\u7248\\u672c\\u6d4b\\u8bd5\",\"238\":\"UI\\u8bbe\\u8ba1\\u56db\\u5b63\\u5ea6\\u7ef4\\u62a4\\u4efb\\u52a1\",\"237\":\"\\u5171\\u4eab\\u78c1\\u76d8VDI\\u5f00\\u53d1\",\"236\":\"VDI V4.4.3\",\"234\":\"\\u524d\\u7aef\\u6280\\u672f\\u7ec4\\u7814\\u7a76\\u9879\\u76ee(2017\\u7b2c\\u56db\\u5b63\\u5ea6-)\",\"233\":\"VDI \\u5728\\u7ebf\\u89c6\\u9891\\u91cd\\u5b9a\\u5411\",\"189\":\"1.2.8-\\u9884\\u7814CloudKitty\\u9879\\u76ee\\uff1b\",\"121\":\"\\u4e91\\u5e73\\u53f0 2017 Q1\",\"84\":\"AUXO\\u76d1\\u63a7\\u4f18\\u5316\",\"80\":\"\\u4e91\\u5e73\\u53f0\\u5bf9\\u63a5VServer\\u5b9e\\u73b0\\u865a\\u62df\\u673a\\u5907\\u4efd\\u529f\\u80fd\",\"73\":\"\\u516c\\u5b89\\u4e91\\u9700\\u6c42\\u5206\\u6790\",\"71\":\"\\u73ed\\u73ed\\u901a2017\\u5e741\\u5b63\\u5ea6\\u8fed\\u4ee3\",\"49\":\"\\u3010\\u4efb\\u52a1\\u3011VPC4.5\",\"52\":\"\\u3010\\u9879\\u76ee\\u3011CTSC\\uff08for mac\\uff09V7.5.1\",\"65\":\"VDI\\u9884\\u7814\\u4efb\\u52a1\",\"62\":\"vdi\\u4ee3\\u7801\\u8bc4\\u5ba1\",\"60\":\"vdi\\u63a7\\u5236ha\\u652f\\u6301\\u955c\\u50cfip\",\"58\":\"\\u4e3b\\u673a\\u5b89\\u5168\",\"40\":\"BBT2016Q4\\u5f00\\u53d1\\u4e0e\\u7ef4\\u62a4\"},\"actions\":{\"366723\":{\"id\":\"366723\",\"objectType\":\"story\",\"objectID\":\"6328\",\"product\":\",7,\",\"project\":\"0\",\"actor\":\"caozhen\",\"action\":\"opened\",\"date\":\"2020-09-01 08:53:25\",\"comment\":\"\",\"extra\":\"\",\"read\":\"0\",\"efforted\":\"0\",\"history\":[]},\"366724\":{\"id\":\"366724\",\"objectType\":\"story\",\"objectID\":\"6328\",\"product\":\",7,\",\"project\":\"0\",\"actor\":\"caozhen\",\"action\":\"edited\",\"date\":\"2020-09-01 08:53:31\",\"comment\":\"\",\"extra\":\"\",\"read\":\"0\",\"efforted\":\"0\",\"history\":[{\"id\":\"470303\",\"action\":\"366724\",\"field\":\"plan\",\"old\":\"130\",\"new\":\"0\",\"diff\":\"\"}]},\"366808\":{\"id\":\"366808\",\"objectType\":\"story\",\"objectID\":\"6328\",\"product\":\",7,\",\"project\":\"0\",\"actor\":\"caozhen\",\"action\":\"changed\",\"date\":\"2020-09-01 14:14:51\",\"comment\":\"\",\"extra\":\"\",\"read\":\"0\",\"efforted\":\"0\",\"history\":[{\"id\":\"470443\",\"action\":\"366808\",\"field\":\"verify\",\"old\":\"<p>\\n\\t\\u529f\\u80fd\\u8bf4\\u660e\\uff1a\\n<\\\/p>\\n<p>\\n\\t1\\u3001\\u8fdb\\u884c\\u4e00\\u952e\\u68c0\\u6d4b\\u4e4b\\u524d\\uff0c\\u9700\\u8fdb\\u884c\\u57fa\\u7840\\u73af\\u5883\\u68c0\\u6d4b\\uff0c\\u57fa\\u7840\\u73af\\u5883\\u670d\\u52a1\\u68c0\\u6d4b\\u5305\\u542b\\uff1a<span>systemctl status vdi-thor-gunicorn.service\\u3001<\\\/span><span>systemctl status httpd\\u3001<\\\/span><span>systemctl status nginx\\u3001<\\\/span><span>systemctl mysql\\u3001<\\\/span><span>systemctl rabbitmq-server\\u3001<\\\/span><span>systemctl<\\\/span><span class=\\\"Apple-converted-space\\\">&nbsp; <\\\/span><span>redis\\uff1b<\\\/span>\\n<\\\/p>\\n<p>\\n\\t<span>2\\u3001\\u57fa\\u7840\\u73af\\u5883\\u68c0\\u6d4b\\u4e0d\\u901a\\u8fc7\\u65f6\\uff0c\\u62a5\\u9519\\u63d0\\u793a\\uff1a\\u9a8c\\u8bc1\\u5931\\u8d25\\uff01xxx\\u670d\\u52a1\\u5f02\\u5e38\\uff0c\\u8bf7\\u8054\\u7cfb\\u7ba1\\u7406\\u5458\\u5904\\u7406\\u3002<\\\/span>\\n<\\\/p>\\n<p>\\n\\t<span>3\\u3001\\u51fa\\u73b0\\u5f02\\u5e38\\u670d\\u52a1\\u540e\\uff0c\\u652f\\u6301\\u3010\\u7acb\\u5373\\u4fee\\u590d\\u3011<\\\/span>\\n<\\\/p>\\n<p>\\n\\t<span>4\\u3001\\u5f53\\u7acb\\u5373\\u4fee\\u590d\\u5931\\u8d25\\u540e\\uff0c\\u5219\\u62a5\\u9519\\u63d0\\u793a\\uff1a\\u4fee\\u590d\\u5931\\u8d25\\uff01<\\\/span><span>xxx\\u670d\\u52a1\\u4fee\\u590d\\u5931\\u8d25\\uff0c\\u8bf7\\u8054\\u7cfb\\u7ba1\\u7406\\u5458\\u5904\\u7406\\u3002<\\\/span>\\n<\\\/p>\\n<p>\\n\\t<span><\\\/span>\\n<\\\/p>\\n<p>\\n\\t<span><img src=\\\"{45726.png}\\\" alt=\\\"\\\" \\\/><br \\\/><\\\/span>\\n<\\\/p>\\n<p>\\n\\t<span><img src=\\\"{45727.png}\\\" alt=\\\"\\\" \\\/><br \\\/><\\\/span>\\n<\\\/p>\",\"new\":\"<p>\\n\\t\\u529f\\u80fd\\u8bf4\\u660e\\uff1a\\n<\\\/p>\\n<p>\\n\\t1\\u3001\\u8fdb\\u884c\\u4e00\\u952e\\u68c0\\u6d4b\\u4e4b\\u524d\\uff0c\\u9700\\u8fdb\\u884c\\u57fa\\u7840\\u73af\\u5883\\u68c0\\u6d4b\\uff0c\\u57fa\\u7840\\u73af\\u5883\\u670d\\u52a1\\u68c0\\u6d4b\\u5305\\u542b\\uff1a<span>vdi-thor-gunicorn.service\\u3001httpd.service\\u3001nginx.service\\u3001mysql.service\\u3001rabbitmq-server.service\\u3001redis.service<br \\\/><\\\/span><span><\\\/span> \\n<\\\/p>\\n<p>\\n\\t<span>2\\u3001\\u57fa\\u7840\\u73af\\u5883\\u68c0\\u6d4b\\u4e0d\\u901a\\u8fc7\\u65f6\\uff0c\\u62a5\\u9519\\u63d0\\u793a\\uff1a\\u9a8c\\u8bc1\\u5931\\u8d25\\uff01xxx\\u670d\\u52a1\\u5f02\\u5e38\\uff0c\\u8bf7\\u8054\\u7cfb\\u7ba1\\u7406\\u5458\\u5904\\u7406\\u3002<\\\/span> \\n<\\\/p>\\n<p>\\n\\t<span>3\\u3001\\u51fa\\u73b0\\u5f02\\u5e38\\u670d\\u52a1\\u540e\\uff0c\\u652f\\u6301\\u3010\\u7acb\\u5373\\u4fee\\u590d\\u3011<\\\/span> \\n<\\\/p>\\n<p>\\n\\t<span>4\\u3001\\u5f53\\u7acb\\u5373\\u4fee\\u590d\\u5931\\u8d25\\u540e\\uff0c\\u5219\\u62a5\\u9519\\u63d0\\u793a\\uff1a\\u4fee\\u590d\\u5931\\u8d25\\uff01<\\\/span><span>xxx\\u670d\\u52a1\\u4fee\\u590d\\u5931\\u8d25\\uff0c\\u8bf7\\u8054\\u7cfb\\u7ba1\\u7406\\u5458\\u5904\\u7406\\u3002<\\\/span> \\n<\\\/p>\\n<p>\\n\\t<span><\\\/span> \\n<\\\/p>\\n<p>\\n\\t<span><img src=\\\"{45765.png}\\\" alt=\\\"\\\" \\\/><br \\\/><\\\/span> \\n<\\\/p>\\n<p>\\n\\t<span><img src=\\\"{45767.png}\\\" alt=\\\"\\\" \\\/><br \\\/><\\\/span> \\n<\\\/p>\\n<p>\\n\\t<span><img src=\\\"{45766.png}\\\" alt=\\\"\\\" \\\/><br \\\/><\\\/span>\\n<\\\/p>\",\"diff\":\"005- <del>1\\u3001\\u8fdb\\u884c\\u4e00\\u952e\\u68c0\\u6d4b\\u4e4b\\u524d\\uff0c\\u9700\\u8fdb\\u884c\\u57fa\\u7840\\u73af\\u5883\\u68c0\\u6d4b\\uff0c\\u57fa\\u7840\\u73af\\u5883\\u670d\\u52a1\\u68c0\\u6d4b\\u5305\\u542b\\uff1a<span>systemctl status vdi-thor-gunicorn.service\\u3001<\\\/span><span>systemctl status httpd\\u3001<\\\/span><span>systemctl status nginx\\u3001<\\\/span><span>systemctl mysql\\u3001<\\\/span><span>systemctl rabbitmq-server\\u3001<\\\/span><span>systemctl<\\\/span><span class=\\\"Apple-converted-space\\\"> <\\\/span><span>redis\\uff1b<\\\/span><\\\/del>\\n005+ <ins>1\\u3001\\u8fdb\\u884c\\u4e00\\u952e\\u68c0\\u6d4b\\u4e4b\\u524d\\uff0c\\u9700\\u8fdb\\u884c\\u57fa\\u7840\\u73af\\u5883\\u68c0\\u6d4b\\uff0c\\u57fa\\u7840\\u73af\\u5883\\u670d\\u52a1\\u68c0\\u6d4b\\u5305\\u542b\\uff1a<span>vdi-thor-gunicorn.service\\u3001httpd.service\\u3001nginx.service\\u3001mysql.service\\u3001rabbitmq-server.service\\u3001redis.service<br \\\/><\\\/span><span><\\\/span><\\\/ins>\\n008- <del><span>2\\u3001\\u57fa\\u7840\\u73af\\u5883\\u68c0\\u6d4b\\u4e0d\\u901a\\u8fc7\\u65f6\\uff0c\\u62a5\\u9519\\u63d0\\u793a\\uff1a\\u9a8c\\u8bc1\\u5931\\u8d25\\uff01xxx\\u670d\\u52a1\\u5f02\\u5e38\\uff0c\\u8bf7\\u8054\\u7cfb\\u7ba1\\u7406\\u5458\\u5904\\u7406\\u3002<\\\/span><\\\/del>\\n008+ <ins><span>2\\u3001\\u57fa\\u7840\\u73af\\u5883\\u68c0\\u6d4b\\u4e0d\\u901a\\u8fc7\\u65f6\\uff0c\\u62a5\\u9519\\u63d0\\u793a\\uff1a\\u9a8c\\u8bc1\\u5931\\u8d25\\uff01xxx\\u670d\\u52a1\\u5f02\\u5e38\\uff0c\\u8bf7\\u8054\\u7cfb\\u7ba1\\u7406\\u5458\\u5904\\u7406\\u3002<\\\/span><\\\/ins>\\n011- <del><span>3\\u3001\\u51fa\\u73b0\\u5f02\\u5e38\\u670d\\u52a1\\u540e\\uff0c\\u652f\\u6301\\u3010\\u7acb\\u5373\\u4fee\\u590d\\u3011<\\\/span><\\\/del>\\n011+ <ins><span>3\\u3001\\u51fa\\u73b0\\u5f02\\u5e38\\u670d\\u52a1\\u540e\\uff0c\\u652f\\u6301\\u3010\\u7acb\\u5373\\u4fee\\u590d\\u3011<\\\/span><\\\/ins>\\n014- <del><span>4\\u3001\\u5f53\\u7acb\\u5373\\u4fee\\u590d\\u5931\\u8d25\\u540e\\uff0c\\u5219\\u62a5\\u9519\\u63d0\\u793a\\uff1a\\u4fee\\u590d\\u5931\\u8d25\\uff01<\\\/span><span>xxx\\u670d\\u52a1\\u4fee\\u590d\\u5931\\u8d25\\uff0c\\u8bf7\\u8054\\u7cfb\\u7ba1\\u7406\\u5458\\u5904\\u7406\\u3002<\\\/span><\\\/del>\\n014+ <ins><span>4\\u3001\\u5f53\\u7acb\\u5373\\u4fee\\u590d\\u5931\\u8d25\\u540e\\uff0c\\u5219\\u62a5\\u9519\\u63d0\\u793a\\uff1a\\u4fee\\u590d\\u5931\\u8d25\\uff01<\\\/span><span>xxx\\u670d\\u52a1\\u4fee\\u590d\\u5931\\u8d25\\uff0c\\u8bf7\\u8054\\u7cfb\\u7ba1\\u7406\\u5458\\u5904\\u7406\\u3002<\\\/span><\\\/ins>\\n017- <del><span><\\\/span><\\\/del>\\n017+ <ins><span><\\\/span><\\\/ins>\\n020- <del><span><img src=\\\"{45726.png}\\\" alt=\\\"\\\" \\\/><br \\\/><\\\/span><\\\/del>\\n020+ <ins><span><img src=\\\"{45765.png}\\\" alt=\\\"\\\" \\\/><br \\\/><\\\/span><\\\/ins>\\n023- <del><span><img src=\\\"{45727.png}\\\" alt=\\\"\\\" \\\/><br \\\/><\\\/span><\\\/del>\\n023+ <ins><span><img src=\\\"{45767.png}\\\" alt=\\\"\\\" \\\/><br \\\/><\\\/span><\\\/ins>\\n025+ <ins><p><\\\/ins>\\n026+ <ins><span><img src=\\\"{45766.png}\\\" alt=\\\"\\\" \\\/><br \\\/><\\\/span><\\\/ins>\\n027+ <ins><\\\/p><\\\/ins>\"},{\"id\":\"470444\",\"action\":\"366808\",\"field\":\"version\",\"old\":\"1\",\"new\":\"2\",\"diff\":\"\"}]},\"368173\":{\"id\":\"368173\",\"objectType\":\"story\",\"objectID\":\"6328\",\"product\":\",7,\",\"project\":\"0\",\"actor\":\"caozhen\",\"action\":\"edited\",\"date\":\"2020-09-07 11:29:48\",\"comment\":\"\",\"extra\":\"\",\"read\":\"0\",\"efforted\":\"0\",\"history\":[{\"id\":\"473503\",\"action\":\"368173\",\"field\":\"plan\",\"old\":\"0\",\"new\":\"130\",\"diff\":\"\"}]},\"368175\":{\"id\":\"368175\",\"objectType\":\"story\",\"objectID\":\"6328\",\"product\":\",7,\",\"project\":\"0\",\"actor\":\"caozhen\",\"action\":\"assigned\",\"date\":\"2020-09-07 11:30:05\",\"comment\":\"\",\"extra\":\"zhangyao\",\"read\":\"0\",\"efforted\":\"0\",\"history\":[{\"id\":\"473504\",\"action\":\"368175\",\"field\":\"assignedTo\",\"old\":\"\",\"new\":\"zhangyao\",\"diff\":\"\"}]},\"369233\":{\"id\":\"369233\",\"objectType\":\"story\",\"objectID\":\"6328\",\"product\":\",7,\",\"project\":\"0\",\"actor\":\"yangyansi\",\"action\":\"reviewed\",\"date\":\"2020-09-10 17:42:01\",\"comment\":\"\",\"extra\":\"Pass\",\"read\":\"0\",\"efforted\":\"0\",\"history\":[]},\"369235\":{\"id\":\"369235\",\"objectType\":\"story\",\"objectID\":\"6328\",\"product\":\",7,\",\"project\":\"397\",\"actor\":\"yangyansi\",\"action\":\"linked2project\",\"date\":\"2020-09-10 17:42:45\",\"comment\":\"\",\"extra\":\"<a href='\\\/zentao\\\/project-story-397.json' >VDI 5.2.0 \\u9879\\u76ee\\u8fed\\u4ee3<\\\/a>\\n\",\"read\":\"0\",\"efforted\":\"0\",\"history\":[]},\"378314\":{\"id\":\"378314\",\"objectType\":\"story\",\"objectID\":\"6328\",\"product\":\",7,\",\"project\":\"397\",\"actor\":\"yangyansi\",\"action\":\"linked2project\",\"date\":\"2020-10-22 08:48:57\",\"comment\":\"\",\"extra\":\"<a href='\\\/zentao\\\/project-story-412.json' >VDI 5.3.0 \\u9879\\u76ee\\u8fed\\u4ee3<\\\/a>\\n\",\"read\":\"0\",\"efforted\":\"0\",\"history\":[]},\"378343\":{\"id\":\"378343\",\"objectType\":\"story\",\"objectID\":\"6328\",\"product\":\",7,\",\"project\":\"397\",\"actor\":\"yangyansi\",\"action\":\"unlinkedfromproject\",\"date\":\"2020-10-22 08:50:45\",\"comment\":\"\",\"extra\":\"<a href='\\\/zentao\\\/project-story-412.json' >#412 VDI 5.3.0 \\u9879\\u76ee\\u8fed\\u4ee3<\\\/a>\\n\",\"read\":\"0\",\"efforted\":\"0\",\"history\":[]}},\"storyModule\":{\"id\":\"3444\",\"root\":\"7\",\"branch\":\"0\",\"name\":\"\\u68c0\\u6d4b\\u5e73\\u53f0\",\"parent\":\"1518\",\"path\":\",1518,3444,\",\"grade\":\"2\",\"order\":\"70\",\"type\":\"story\",\"owner\":\"\",\"collector\":\"\",\"short\":\"\",\"deleted\":\"0\"},\"modulePath\":[{\"id\":\"1518\",\"root\":\"7\",\"branch\":\"0\",\"name\":\"VDI\\u4e13\\u9879\",\"parent\":\"0\",\"path\":\",1518,\",\"grade\":\"1\",\"order\":\"70\",\"type\":\"story\",\"owner\":\"\",\"collector\":\"\",\"short\":\"\",\"deleted\":\"0\"},{\"id\":\"3444\",\"root\":\"7\",\"branch\":\"0\",\"name\":\"\\u68c0\\u6d4b\\u5e73\\u53f0\",\"parent\":\"1518\",\"path\":\",1518,3444,\",\"grade\":\"2\",\"order\":\"70\",\"type\":\"story\",\"owner\":\"\",\"collector\":\"\",\"short\":\"\",\"deleted\":\"0\"}],\"version\":\"2\",\"preAndNext\":{\"pre\":\"\",\"next\":{\"id\":\"5872\",\"product\":\"7\",\"branch\":\"0\",\"module\":\"3444\",\"plan\":\"130\",\"source\":\"po\",\"sourceNote\":\"\",\"fromBug\":\"0\",\"feedback\":\"0\",\"title\":\"\\u3010\\u68c0\\u6d4b\\u5e73\\u53f0\\u3011\\u4ea7\\u54c1\\u540d\\u79f0\\u4fee\\u6539\",\"keywords\":\"\",\"type\":\"\",\"pri\":\"1\",\"estimate\":\"0\",\"status\":\"active\",\"color\":\"\",\"stage\":\"developed\",\"mailto\":\"\",\"openedBy\":\"caozhen\",\"openedDate\":\"2020-06-10 16:16:20\",\"assignedTo\":\"zhangyao\",\"assignedDate\":\"2020-06-10 16:17:02\",\"lastEditedBy\":\"yangyansi\",\"lastEditedDate\":\"2020-06-12 16:56:09\",\"reviewedBy\":\"\",\"reviewedDate\":\"2020-06-12\",\"closedBy\":\"\",\"closedDate\":\"0000-00-00 00:00:00\",\"closedReason\":\"\",\"toBug\":\"0\",\"childStories\":\"\",\"linkStories\":\"\",\"duplicateStory\":\"0\",\"version\":\"1\",\"deleted\":\"0\"}},\"from\":\"product\",\"param\":0,\"pager\":null}","md5":"f361d21596af0f473b2be32e57c979cc"}