{
    "admin": "",
    "zlxing": "pm",
    "ruanzelin": "dev",
    "sunjun": "dev",
    "yizhongyin": "dev",
    "weicong": "dev",
    "yangyansi": "dev",
    "zhuxiaokun": "dev",
    "huhai": "dev",
    "xusha": "qa",
    "zhengzhendi": "qa",
    "zhouyao": "qa",
    "tangjinli": "qd",
    "wangmengxiong": "pm",
    "zhangxian": "qa",
    "chenxiaohu": "dev",
    "zhupeng": "top",
    "tanzhenhua": "pm",
    "chenghao": "dev",
    "liqinwu": "dev",
    "xufan": "dev",
    "wanhong": "qa",
    "zhangyujie": "qa",
    "donglinjie": "qa",
    "liaoyuni": "qa",
    "zhangyao": "dev",
    "zhupan": "dev",
    "zhangmeng2": "qd",
    "liuchi": "pm",
    "zhouqiang": "qa",
    "maanqi": "others",
    "songliangmin": "qd",
    "review": "qd",
    "bbt": "qa",
    "linyane2": "po",
    "zhangchuansheng": "pm",
    "xiaowenting": "po",
    "tongchunyue": "dev",
    "huangzijie": "dev",
    "yuweiwei": "dev",
    "panqun": "qa",
    "liuhaijun": "dev",
    "yuanyang": "po",
    "aixiangkui": "dev",
    "zhengyuqiang": "pd",
    "zouyuhui": "po",
    "zhangxuecheng": "po",
    "caozhen": "po",
    "zhaowanting": "po",
    "wangchuan": "dev",
    "jiazhihao": "dev",
    "zouxianyan": "qa",
    "yangqiong": "qd",
    "zhouheng": "dev",
    "ruanke": "qa",
    "tianyiwen": "dev",
    "xiaowei": "dev",
    "duanhaigang": "qa",
    "weihong": "dev",
    "zhoutianwen": "dev",
    "huxiaosi": "others",
    "biexingxing": "dev",
    "huwenfeng": "dev",
    "lishuang": "qa",
    "shenqian": "qa",
    "guoli": "qa",
    "zhanhuahao": "qa",
    "panzhuoya": "others",
    "yuzhengjun": "dev",
    "zhengziyun": "po",
    "wangzhuo": "po",
    "jinhaoxiang": "dev",
    "yangyinli": "qa",
    "daiqiran": "dev",
    "zhudanlei": "po",
    "suntian": "qa",
    "wutianyang": "po",
    "liuyuhua": "po",
    "zhangli": "po"
}
