{
  "": "无",
  "admin": "admin",
  "aixiangkui": "艾相葵",
  "baiyu": "白雨",
  "bbt": "班班通",
  "biexingxing": "别星星",
  "caozhen": "曹振",
  "chenghao": "程皓",
  "chenxiaohu": "陈小虎",
  "daiqiran": "戴琪冉",
  "dchenghu": "段成虎",
  "donglinjie": "董林杰",
  "duanhaigang": "段海岗",
  "fenglingzhi": "冯灵芝",
  "guoli": "郭立",
  "huangzijie": "黄子杰",
  "hudeng": "胡登",
  "huhai": "胡海",
  "huwenfeng": "胡文峰",
  "huxiaosi": "胡晓思",
  "jiazhihao": "贾志浩",
  "jinhaoxiang": "金昊翔",
  "liaoyuni": "廖玉妮",
  "linyane": "林艳娥",
  "linyane2": "林艳娥",
  "liqinwu": "李勤武",
  "lishuang": "李爽",
  "liuchi": "刘池",
  "liuhaijun": "刘海军",
  "liujunchao": "刘俊超",
  "liuyuhua": "刘裕华",
  "maanqi": "马安琦",
  "panqun": "潘群",
  "panzhuoya": "潘卓雅",
  "review": "评审员",
  "ruanke": "阮科",
  "ruanzelin": "阮泽林",
  "shenqian": "沈前",
  "songliangmin": "宋良敏",
  "sunjun": "孙俊",
  "suntian": "孙田",
  "tangjinli": "唐金丽",
  "tanxiang": "谭祥",
  "tanzhenhua": "谈振华",
  "tianyiwen": "田怡文",
  "tulang": "涂浪",
  "tongchunyue": "童春月",
  "wangchuan": "王川",
  "wangmengxiong": "王梦熊",
  "wangsheng": "汪升",
  "wangzhuo": "王卓",
  "wanhong": "万红",
  "weicong": "魏聪",
  "weihong": "魏洪",
  "wutianyang": "吴天阳",
  "xiaosa": "肖洒",
  "xiaowei": "肖玮",
  "xiaowenting": "肖文婷",
  "xiongrui": "熊锐",
  "xufan": "徐帆",
  "xusha": "徐沙",
  "yangqiong": "杨琼",
  "yangyansi": "杨燕思",
  "yangyinli": "杨银丽",
  "yinsiqi": "殷思琪",
  "yizhongyin": "羿中引",
  "yuanyang": "袁阳",
  "yuweiwei": "余维伟",
  "yuzhengjun": "余政君",
  "zhangchuansheng": "章传胜",
  "zhangli": "张丽",
  "zhangmeng2": "张梦",
  "zhangxian": "张娴",
  "zhangxuecheng": "张雪成",
  "zhangyao": "张垚",
  "zhangyi": "张怡",
  "zhangyujie": "张玉洁",
  "zhanhuahao": "詹华豪",
  "zhaowanting": "赵婉婷",
  "zhengyuqiang": "郑育强",
  "zhengzhendi": "郑珍迪",
  "zhengziyun": "郑紫赟",
  "zhouheng": "周衡",
  "zhouqiang": "周强",
  "zhoutianwen": "周天文",
  "zhouyao": "周姚",
  "zhudanlei": "朱丹蕾",
  "zhujianchen": "朱建臣",
  "zhupan": "朱盼",
  "zhupeng": "朱鹏",
  "zhuxiaokun": "朱晓锟",
  "zlxing": "曾丽星",
  "zouxianyan": "周先燕",
  "zouyuhui": "邹宇会",
  "closed": "Closed"
}
